10,271,1289192400
10,970,1289192400
113,54,1289192400
2,402,1289192400
119,2,1289365200
119,271,1289365200
119,471,1289365200
119,54,1289365200
54,119,1289365200
168,74,1289451600
271,113,1289538000
271,119,1289538000
271,2,1289538000
271,471,1289538000
271,54,1289538000
37,474,1289624400
474,37,1289624400
113,37,1289710800
37,113,1289710800
54,37,1289710800
10,168,1289797200
168,10,1289797200
168,439,1289797200
10,99,1290056400
99,10,1290056400
1632,37,1290142800
37,1632,1290142800
1127,113,1290229200
10,2,1290488400
1127,2,1290661200
2,1127,1290661200
113,4,1290747600
4,113,1290747600
2,168,1290920400
1,113,1291006800
1632,2,1291006800
2,10,1291006800
2,1632,1291006800
1,2,1291093200
121,505,1291093200
505,121,1291093200
168,2,1291179600
471,2,1291266000
4,99,1291352400
505,3557,1291438800
3557,505,1291438800
3557,91,1291525200
91,297,1291525200
91,4,1291525200
91,3557,1291525200
74,168,1291611600
74,312,1291611600
10,4,1291698000
4,10,1291698000
238,99,1292043600
2473,99,1292043600
297,91,1292043600
99,238,1292043600
99,2473,1292043600
121,40,1292130000
40,121,1292130000
119,121,1292216400
121,119,1292216400
121,4,1292302800
4,121,1292302800
99,4,1292648400
119,91,1292734800
37,31,1292734800
91,119,1292734800
37,3537,1292821200
3537,37,1292821200
3537,54,1292821200
2,710,1292907600
710,2,1292907600
119,4,1293166800
1,625,1293426000
1,744,1293426000
4,439,1293426000
439,4,1293426000
625,1,1293426000
625,91,1293426000
91,625,1293426000
37,380,1293512400
40,1401,1293512400
1127,74,1293598800
1209,4,1293598800
4,1209,1293598800
4,312,1293598800
74,1127,1293598800
3537,293,1293598800
917,45,1293598800
2,512,1293685200
512,2,1293685200
23,40,1293771600
23,512,1293771600
31,37,1293771600
40,23,1293771600
512,23,1293771600
45,917,1293858000
625,74,1293858000
74,625,1293858000
2,917,1294030800
37,40,1294030800
40,37,1294030800
917,2,1294030800
439,625,1294117200
45,251,1294117200
625,439,1294117200
2891,40,1294203600
40,2891,1294203600
40,44,1294203600
44,40,1294203600
625,3636,1294203600
3636,625,1294203600
40,744,1294549200
712,744,1294549200
744,1,1294549200
744,40,1294549200
744,712,1294549200
168,91,1294635600
91,168,1294635600
744,249,1294722000
249,744,1294808400
1115,402,1294894800
1469,625,1294894800
402,1115,1294894800
501,4,1294894800
625,1469,1294894800
402,744,1294981200
744,402,1294981200
2,436,1295154000
436,2,1295154000
768,436,1295154000
768,23,1295326800
37,91,1295413200
40,989,1295413200
91,37,1295413200
380,37,1295499600
1087,23,1295586000
23,1087,1295586000
1115,917,1295672400
917,1115,1295672400
4,532,1295845200
532,4,1295845200
40,379,1295931600
40,917,1295931600
917,40,1295931600
389,45,1296018000
4,446,1296018000
446,4,1296018000
45,389,1296018000
74,4,1296018000
23,389,1296104400
389,126,1296104400
389,23,1296104400
389,293,1296104400
532,91,1296190800
91,532,1296190800
113,1127,1296277200
113,769,1296277200
769,91,1296277200
91,769,1296277200
4,768,1296450000
768,2,1296450000
768,4,1296450000
1087,44,1296536400
1087,74,1296536400
126,293,1296536400
23,710,1296536400
44,1087,1296536400
74,1087,1296536400
1209,2,1296622800
2,1209,1296622800
2,54,1296622800
2,74,1296622800
1909,4,1296709200
293,113,1296709200
293,126,1296709200
293,2,1296709200
293,389,1296709200
293,402,1296709200
293,439,1296709200
293,74,1296709200
293,3537,1296709200
293,91,1296709200
4,1909,1296709200
31,379,1296795600
40,45,1296795600
45,40,1296795600
989,40,1296795600
131,145,1296882000
131,561,1296882000
131,74,1296882000
145,131,1296882000
561,131,1296882000
121,512,1297054800
148,54,1297054800
512,121,1297054800
54,148,1297054800
148,439,1297141200
249,402,1297141200
379,31,1297141200
379,40,1297141200
439,148,1297141200
148,270,1297227600
148,768,1297227600
270,148,1297227600
446,2,1297227600
768,148,1297227600
2103,4,1297314000
2103,40,1297314000
4,2103,1297314000
40,2103,1297314000
402,249,1297314000
446,768,1297314000
45,768,1297314000
768,446,1297314000
768,45,1297314000
23,768,1297400400
4,23,1297400400
4,237,1297400400
1409,148,1297486800
148,119,1297486800
148,1409,1297486800
237,270,1297486800
237,4,1297486800
270,237,1297486800
512,148,1297486800
148,466,1297573200
2,379,1297573200
223,379,1297573200
379,1209,1297573200
379,2,1297573200
379,223,1297573200
379,466,1297573200
466,148,1297573200
466,379,1297573200
466,54,1297573200
54,466,1297573200
109,148,1297659600
1401,148,1297659600
148,109,1297659600
270,379,1297659600
379,270,1297659600
119,148,1297746000
1226,40,1297746000
2,2698,1297746000
23,1919,1297746000
2698,2,1297746000
40,1226,1297746000
460,54,1297746000
74,131,1297746000
109,379,1297832400
1230,379,1297832400
131,148,1297832400
148,131,1297832400
148,1401,1297832400
148,3504,1297832400
148,840,1297832400
152,1628,1297832400
1628,152,1297832400
1919,40,1297832400
379,109,1297832400
379,1230,1297832400
379,54,1297832400
40,1919,1297832400
44,711,1297832400
512,152,1297832400
54,379,1297832400
3504,1401,1297832400
840,148,1297832400
148,152,1297918800
152,148,1297918800
1600,40,1297918800
4,710,1297918800
40,1600,1297918800
710,4,1297918800
148,40,1298005200
2,446,1298005200
2,769,1298005200
23,935,1298005200
40,148,1298005200
711,44,1298005200
769,2,1298005200
935,23,1298005200
119,769,1298091600
1270,4,1298091600
148,512,1298091600
152,769,1298091600
4,1270,1298091600
460,512,1298091600
460,769,1298091600
512,460,1298091600
769,119,1298091600
769,152,1298091600
769,460,1298091600
148,44,1298178000
44,148,1298178000
148,1600,1298264400
152,54,1298264400
1600,148,1298264400
2,4,1298264400
4,2,1298264400
40,851,1298264400
54,152,1298264400
851,40,1298264400
1401,40,1298350800
223,251,1298350800
251,223,1298350800
531,54,1298437200
531,3504,1298437200
54,531,1298437200
3504,531,1298437200
234,40,1298523600
379,44,1298523600
40,234,1298523600
106,297,1298610000
131,531,1298610000
148,1913,1298610000
1913,148,1298610000
23,2438,1298610000
23,44,1298610000
2438,23,1298610000
297,106,1298610000
40,1077,1298610000
45,531,1298610000
531,131,1298610000
531,45,1298610000
531,840,1298610000
840,531,1298610000
109,1270,1298696400
1270,109,1298696400
1270,1921,1298696400
1921,1270,1298696400
297,1212,1298696400
4,531,1298696400
108,109,1298782800
109,108,1298782800
1401,2,1298782800
1401,3636,1298782800
152,626,1298782800
626,152,1298782800
3636,1401,1298782800
1077,40,1298869200
109,223,1298869200
1226,23,1298869200
2,312,1298869200
223,109,1298869200
23,1226,1298869200
531,774,1298869200
54,840,1298869200
774,531,1298869200
840,54,1298869200
109,1099,1298955600
1099,109,1298955600
1099,145,1298955600
1099,148,1298955600
139,148,1298955600
145,1099,1298955600
145,223,1298955600
148,1099,1298955600
148,139,1298955600
223,145,1298955600
193,4,1299042000
251,4,1299042000
4,193,1299042000
4,512,1299042000
45,466,1299042000
466,45,1299042000
512,4,1299042000
1212,297,1299128400
1908,4,1299128400
250,4,1299128400
4,1908,1299128400
4,250,1299128400
1076,44,1299214800
1816,4,1299214800
4,1816,1299214800
44,1076,1299214800
512,109,1299214800
1131,44,1299387600
131,44,1299387600
44,1131,1299387600
44,131,1299387600
44,379,1299387600
106,44,1299474000
139,23,1299474000
165,223,1299474000
223,165,1299474000
23,139,1299474000
379,4,1299474000
44,106,1299474000
54,2,1299474000
23,108,1299560400
108,1601,1299646800
1398,23,1299646800
1601,108,1299646800
1601,23,1299646800
23,1398,1299646800
23,1601,1299646800
2439,4,1299646800
4,1,1299646800
4,2439,1299646800
23,1131,1299733200
23,99,1299733200
2440,3636,1299733200
3636,2440,1299733200
99,23,1299733200
1078,23,1299906000
23,1078,1299906000
23,84,1299906000
4,840,1299906000
840,4,1299906000
148,84,1299992400
4,468,1299992400
468,4,1299992400
84,148,1299992400
1,4,1300161600
16,768,1300161600
1601,606,1300161600
23,2441,1300161600
4,379,1300161600
4,3634,1300161600
466,23,1300161600
466,654,1300161600
606,1601,1300161600
654,466,1300161600
768,16,1300161600
1401,23,1300248000
1401,4,1300248000
23,1401,1300248000
419,606,1300248000
468,3636,1300248000
606,419,1300248000
841,4,1300248000
23,153,1300334400
2442,4,1300334400
4,2442,1300334400
223,466,1300420800
23,466,1300420800
466,223,1300420800
4,419,1300507200
152,153,1300593600
4,249,1300680000
4,841,1300680000
562,4,1300680000
10,468,1300766400
152,44,1300766400
16,1910,1300766400
1910,16,1300766400
249,4,1300766400
44,152,1300766400
468,10,1300766400
710,23,1300766400
152,3636,1300852800
16,842,1300852800
1911,23,1300852800
23,1911,1300852800
23,842,1300852800
234,1910,1300852800
270,436,1300852800
419,4,1300852800
436,270,1300852800
44,23,1300852800
842,148,1300852800
842,153,1300852800
842,16,1300852800
842,23,1300852800
842,4,1300852800
842,99,1300852800
1,379,1300939200
145,298,1300939200
223,63,1300939200
223,711,1300939200
4,842,1300939200
63,223,1300939200
711,223,1300939200
99,842,1300939200
1077,389,1301025600
1210,298,1301025600
145,3504,1301025600
152,91,1301025600
298,1210,1301025600
711,16,1301025600
91,152,1301025600
1080,23,1301112000
153,842,1301112000
23,1080,1301112000
23,908,1301112000
908,23,1301112000
99,562,1301112000
1212,2444,1301198400
1212,353,1301198400
353,1212,1301198400
353,379,1301198400
1212,16,1301284800
16,1212,1301284800
1603,153,1301284800
1603,2,1301284800
2,148,1301284800
2,1603,1301284800
2,469,1301284800
2,986,1301284800
23,2,1301284800
23,4,1301284800
23,500,1301284800
353,99,1301284800
91,54,1301284800
986,2,1301284800
99,2,1301284800
99,353,1301284800
1603,297,1301371200
23,298,1301371200
23,401,1301371200
1078,1908,1301457600
1402,23,1301457600
1908,1078,1301457600
23,138,1301457600
23,1402,1301457600
1214,419,1301544000
1602,4,1301544000
2,44,1301544000
250,2,1301544000
4,1602,1301544000
419,1214,1301544000
44,2,1301544000
3636,152,1301544000
99,106,1301544000
1400,23,1301630400
23,1400,1301630400
419,987,1301630400
987,419,1301630400
16,44,1301716800
311,4,1301716800
365,4,1301716800
44,16,1301716800
152,988,1301803200
16,1914,1301803200
16,2445,1301803200
1914,16,1301803200
2445,16,1301803200
438,45,1301803200
438,91,1301803200
91,438,1301803200
988,152,1301803200
1400,3636,1301889600
1402,354,1301889600
145,16,1301889600
145,54,1301889600
16,145,1301889600
2,45,1301889600
223,91,1301889600
23,656,1301889600
354,1402,1301889600
4,119,1301889600
4,380,1301889600
4,40,1301889600
4,54,1301889600
4,3636,1301889600
4,91,1301889600
419,771,1301889600
45,2,1301889600
54,23,1301889600
54,293,1301889600
54,4,1301889600
54,3636,1301889600
656,23,1301889600
3634,4,1301889600
3636,1400,1301889600
771,419,1301889600
91,223,1301889600
1,846,1301976000
152,251,1301976000
16,607,1301976000
16,710,1301976000
2,200,1301976000
2,2446,1301976000
23,844,1301976000
2446,2,1301976000
251,152,1301976000
251,354,1301976000
251,45,1301976000
251,3634,1301976000
354,251,1301976000
401,23,1301976000
607,23,1301976000
710,16,1301976000
710,769,1301976000
3634,251,1301976000
844,23,1301976000
846,1,1301976000
1,1606,1302062400
1606,1,1302062400
200,607,1302062400
200,847,1302062400
224,63,1302062400
23,503,1302062400
23,607,1302062400
23,847,1302062400
380,119,1302062400
419,531,1302062400
531,419,1302062400
607,200,1302062400
63,224,1302062400
847,200,1302062400
847,23,1302062400
23,2447,1302148800
23,437,1302148800
2447,23,1302148800
3452,712,1302148800
437,23,1302148800
149,419,1302235200
2,503,1302235200
2,987,1302235200
200,503,1302235200
223,4,1302235200
23,129,1302235200
23,2443,1302235200
23,501,1302235200
2443,23,1302235200
4,223,1302235200
419,149,1302235200
44,501,1302235200
501,23,1302235200
501,44,1302235200
503,16,1302235200
503,2,1302235200
503,200,1302235200
503,23,1302235200
503,99,1302235200
531,4,1302235200
844,851,1302235200
987,2,1302235200
99,503,1302235200
113,1607,1302321600
1607,113,1302321600
1607,1916,1302321600
1916,1607,1302321600
45,353,1302321600
2,504,1302408000
2,3538,1302408000
4,3538,1302408000
504,2,1302408000
149,711,1302494400
16,771,1302494400
607,131,1302494400
607,769,1302494400
74,1605,1302494400
771,16,1302494400
841,909,1302494400
909,841,1302494400
1,2448,1302580800
113,502,1302580800
152,236,1302580800
16,237,1302580800
23,770,1302580800
23,843,1302580800
236,152,1302580800
236,23,1302580800
237,16,1302580800
237,40,1302580800
237,656,1302580800
2448,1,1302580800
40,237,1302580800
502,113,1302580800
63,655,1302580800
63,845,1302580800
655,63,1302580800
655,773,1302580800
656,237,1302580800
770,23,1302580800
773,655,1302580800
845,63,1302580800
106,311,1302667200
106,655,1302667200
16,138,1302667200
1921,2,1302667200
2,532,1302667200
224,234,1302667200
23,773,1302667200
311,106,1302667200
45,4,1302667200
655,106,1302667200
711,4,1302667200
138,16,1302753600
16,711,1302753600
1922,2,1302753600
2,1922,1302753600
23,167,1302753600
23,293,1302753600
23,504,1302753600
366,655,1302753600
4,437,1302753600
504,23,1302753600
655,366,1302753600
74,1402,1302753600
1081,150,1302840000
1082,23,1302840000
109,512,1302840000
109,711,1302840000
1219,237,1302840000
149,237,1302840000
150,1081,1302840000
16,655,1302840000
167,23,1302840000
2,209,1302840000
2,237,1302840000
209,2,1302840000
23,1082,1302840000
23,713,1302840000
234,224,1302840000
237,1219,1302840000
237,149,1302840000
237,167,1302840000
237,2,1302840000
353,119,1302840000
353,45,1302840000
353,532,1302840000
4,773,1302840000
419,655,1302840000
655,16,1302840000
655,419,1302840000
655,45,1302840000
713,23,1302840000
773,4,1302840000
1083,16,1302926400
149,2451,1302926400
16,1083,1302926400
16,1917,1302926400
16,470,1302926400
1917,16,1302926400
215,322,1302926400
2451,149,1302926400
4,771,1302926400
4,848,1302926400
419,99,1302926400
419,990,1302926400
470,16,1302926400
656,209,1302926400
72,2449,1302926400
99,419,1302926400
990,419,1302926400
106,500,1303012800
1078,44,1303012800
109,500,1303012800
119,23,1303012800
129,23,1303012800
129,44,1303012800
129,656,1303012800
129,770,1303012800
145,1611,1303012800
152,908,1303012800
16,270,1303012800
1610,16,1303012800
200,2450,1303012800
2450,200,1303012800
2453,63,1303012800
270,16,1303012800
322,215,1303012800
353,505,1303012800
4,2454,1303012800
500,106,1303012800
500,109,1303012800
500,129,1303012800
500,23,1303012800
505,353,1303012800
63,2453,1303012800
908,152,1303012800
138,436,1303099200
1402,439,1303099200
16,1610,1303099200
1611,3634,1303099200
169,209,1303099200
2,420,1303099200
209,169,1303099200
224,45,1303099200
2454,4,1303099200
37,990,1303099200
45,224,1303099200
3634,1611,1303099200
845,991,1303099200
990,37,1303099200
991,845,1303099200
129,99,1303185600
145,2456,1303185600
16,1922,1303185600
1613,23,1303185600
1613,441,1303185600
168,772,1303185600
1922,16,1303185600
21,99,1303185600
23,1613,1303185600
2456,145,1303185600
298,23,1303185600
366,4,1303185600
4,145,1303185600
4,366,1303185600
4,772,1303185600
441,1613,1303185600
45,993,1303185600
505,993,1303185600
772,4,1303185600
99,21,1303185600
99,2455,1303185600
993,45,1303185600
993,505,1303185600
109,990,1303272000
1927,419,1303272000
2,774,1303272000
23,845,1303272000
2457,990,1303272000
2458,990,1303272000
322,119,1303272000
419,1927,1303272000
774,2,1303272000
845,23,1303272000
990,109,1303272000
990,2457,1303272000
990,2458,1303272000
106,272,1303358400
129,1082,1303358400
129,209,1303358400
16,419,1303358400
209,3634,1303358400
209,99,1303358400
23,469,1303358400
234,402,1303358400
272,106,1303358400
4,236,1303358400
402,234,1303358400
419,16,1303358400
563,3634,1303358400
72,99,1303358400
3634,209,1303358400
3634,563,1303358400
3661,990,1303358400
84,23,1303358400
84,99,1303358400
99,209,1303358400
99,72,1303358400
99,84,1303358400
16,3634,1303444800
167,419,1303444800
2,2459,1303444800
2,564,1303444800
21,235,1303444800
23,564,1303444800
2459,2,1303444800
419,167,1303444800
439,1402,1303444800
564,2,1303444800
564,23,1303444800
3634,16,1303444800
1085,129,1303531200
119,235,1303531200
129,1085,1303531200
209,1087,1303531200
23,16,1303531200
235,119,1303531200
235,21,1303531200
235,3636,1303531200
297,1915,1303531200
297,3569,1303531200
4,1085,1303531200
4,224,1303531200
40,1214,1303531200
564,655,1303531200
772,168,1303531200
1085,4,1303617600
1087,4,1303617600
1209,379,1303617600
1221,297,1303617600
1222,63,1303617600
129,1219,1303617600
1404,45,1303617600
16,534,1303617600
16,3636,1303617600
1915,297,1303617600
1928,209,1303617600
1928,45,1303617600
21,3636,1303617600
224,2464,1303617600
2464,224,1303617600
2465,4,1303617600
297,1221,1303617600
298,655,1303617600
322,657,1303617600
353,4,1303617600
4,1087,1303617600
4,2465,1303617600
4,353,1303617600
4,401,1303617600
401,4,1303617600
45,1404,1303617600
45,1928,1303617600
534,16,1303617600
564,3636,1303617600
63,1222,1303617600
655,298,1303617600
657,322,1303617600
658,23,1303617600
3636,16,1303617600
3636,21,1303617600
3636,564,1303617600
3636,715,1303617600
3636,848,1303617600
771,4,1303617600
848,3636,1303617600
1078,353,1303704000
1088,252,1303704000
1088,565,1303704000
129,1215,1303704000
129,1608,1303704000
16,1925,1303704000
16,565,1303704000
1915,145,1303704000
1925,16,1303704000
209,2466,1303704000
209,565,1303704000
2460,534,1303704000
2466,209,1303704000
31,4,1303704000
4,420,1303704000
420,4,1303704000
438,439,1303704000
534,2460,1303704000
563,99,1303704000
565,1088,1303704000
565,16,1303704000
565,209,1303704000
659,99,1303704000
99,3453,1303704000
99,563,1303704000
99,659,1303704000
1,503,1303790400
1222,3634,1303790400
129,1609,1303790400
129,215,1303790400
129,502,1303790400
16,298,1303790400
1611,3636,1303790400
175,236,1303790400
224,2462,1303790400
23,119,1303790400
23,440,1303790400
236,175,1303790400
2462,224,1303790400
252,1088,1303790400
298,16,1303790400
353,438,1303790400
4,37,1303790400
438,353,1303790400
440,23,1303790400
503,1,1303790400
565,63,1303790400
63,565,1303790400
3636,1611,1303790400
109,42,1303876800
1090,16,1303876800
1222,16,1303876800
145,2469,1303876800
16,1090,1303876800
16,1222,1303876800
16,4,1303876800
16,503,1303876800
175,42,1303876800
1926,37,1303876800
21,2,1303876800
237,848,1303876800
2468,4,1303876800
2469,145,1303876800
4,16,1303876800
4,2468,1303876800
40,1224,1303876800
42,109,1303876800
42,175,1303876800
45,42,1303876800
3661,4,1303876800
848,237,1303876800
1083,1927,1303963200
109,1930,1303963200
1220,23,1303963200
1222,2,1303963200
129,119,1303963200
129,443,1303963200
129,607,1303963200
1409,16,1303963200
1409,2,1303963200
145,150,1303963200
150,145,1303963200
16,1409,1303963200
16,37,1303963200
2,1222,1303963200
2,1409,1303963200
21,42,1303963200
224,2471,1303963200
23,772,1303963200
2467,4,1303963200
2471,224,1303963200
252,129,1303963200
353,443,1303963200
4,2467,1303963200
4,270,1303963200
42,21,1303963200
443,129,1303963200
443,23,1303963200
505,235,1303963200
3634,1222,1303963200
772,23,1303963200
848,4,1303963200
848,997,1303963200
100,16,1304049600
1090,2,1304049600
1090,2470,1304049600
1091,16,1304049600
1091,4,1304049600
129,169,1304049600
152,168,1304049600
16,100,1304049600
16,1091,1304049600
1611,420,1304049600
168,152,1304049600
168,4,1304049600
168,996,1304049600
2,1090,1304049600
224,2472,1304049600
224,3636,1304049600
2470,1090,1304049600
2472,224,1304049600
4,466,1304049600
40,129,1304049600
40,717,1304049600
40,770,1304049600
401,1611,1304049600
441,91,1304049600
715,3636,1304049600
717,129,1304049600
717,40,1304049600
3636,224,1304049600
770,40,1304049600
91,441,1304049600
108,355,1304136000
1093,16,1304136000
113,353,1304136000
1220,129,1304136000
129,322,1304136000
1413,717,1304136000
16,1093,1304136000
16,250,1304136000
1606,716,1304136000
167,237,1304136000
1930,109,1304136000
1930,252,1304136000
23,848,1304136000
2474,534,1304136000
2476,272,1304136000
250,16,1304136000
250,715,1304136000
252,1930,1304136000
272,2476,1304136000
353,113,1304136000
353,996,1304136000
355,108,1304136000
40,606,1304136000
534,2474,1304136000
63,718,1304136000
715,250,1304136000
716,1606,1304136000
717,1413,1304136000
718,63,1304136000
3636,99,1304136000
848,23,1304136000
99,3636,1304136000
994,1,1304136000
997,848,1304136000
106,252,1304222400
1083,1095,1304222400
1083,63,1304222400
1088,4,1304222400
1089,311,1304222400
1089,609,1304222400
1095,1083,1304222400
1096,311,1304222400
1220,716,1304222400
1224,236,1304222400
1224,3453,1304222400
1226,2477,1304222400
1228,129,1304222400
129,1227,1304222400
129,1228,1304222400
129,998,1304222400
138,566,1304222400
1413,223,1304222400
1413,563,1304222400
1932,270,1304222400
201,506,1304222400
201,535,1304222400
223,1413,1304222400
223,910,1304222400
224,535,1304222400
236,1214,1304222400
2478,717,1304222400
2480,472,1304222400
2482,251,1304222400
251,2482,1304222400
252,106,1304222400
252,382,1304222400
270,1932,1304222400
270,4,1304222400
270,472,1304222400
293,473,1304222400
31,566,1304222400
311,1089,1304222400
311,1096,1304222400
3453,16,1304222400
3453,535,1304222400
3453,536,1304222400
37,16,1304222400
37,312,1304222400
37,561,1304222400
381,4,1304222400
382,252,1304222400
4,1088,1304222400
4,139,1304222400
4,535,1304222400
42,609,1304222400
42,840,1304222400
472,2480,1304222400
472,270,1304222400
473,293,1304222400
507,535,1304222400
507,609,1304222400
535,201,1304222400
535,224,1304222400
535,3453,1304222400
535,4,1304222400
535,507,1304222400
536,3453,1304222400
561,37,1304222400
563,1413,1304222400
566,138,1304222400
566,31,1304222400
566,911,1304222400
609,1089,1304222400
609,42,1304222400
609,507,1304222400
63,1083,1304222400
716,1220,1304222400
717,2478,1304222400
840,42,1304222400
910,223,1304222400
911,566,1304222400
1090,44,1304308800
1095,63,1304308800
1098,150,1304308800
1216,129,1304308800
1230,4,1304308800
129,1416,1304308800
129,1921,1304308800
129,194,1304308800
129,440,1304308800
129,717,1304308800
1416,23,1304308800
150,1098,1304308800
152,45,1304308800
16,3453,1304308800
1611,4,1304308800
1618,42,1304308800
1618,564,1304308800
1619,84,1304308800
1914,3504,1304308800
1916,353,1304308800
2,238,1304308800
2,355,1304308800
2,382,1304308800
251,381,1304308800
323,4,1304308800
323,44,1304308800
353,1916,1304308800
355,2,1304308800
37,54,1304308800
381,251,1304308800
381,84,1304308800
382,2,1304308800
4,1230,1304308800
4,323,1304308800
42,1618,1304308800
422,535,1304308800
438,505,1304308800
44,1090,1304308800
44,323,1304308800
441,775,1304308800
45,1933,1304308800
45,533,1304308800
466,658,1304308800
473,998,1304308800
505,438,1304308800
507,566,1304308800
533,45,1304308800
535,422,1304308800
536,3514,1304308800
54,84,1304308800
564,1618,1304308800
566,507,1304308800
63,1095,1304308800
658,466,1304308800
658,3650,1304308800
3514,536,1304308800
3650,4,1304308800
3650,606,1304308800
3650,658,1304308800
3650,84,1304308800
775,441,1304308800
775,84,1304308800
775,998,1304308800
84,138,1304308800
84,1619,1304308800
84,381,1304308800
84,54,1304308800
84,775,1304308800
998,473,1304308800
998,775,1304308800
108,1099,1304395200
1083,84,1304395200
109,4,1304395200
1094,149,1304395200
1094,215,1304395200
1095,531,1304395200
1095,992,1304395200
1098,3514,1304395200
1098,992,1304395200
1099,108,1304395200
129,1220,1304395200
129,1406,1304395200
129,1614,1304395200
129,534,1304395200
129,991,1304395200
149,1094,1304395200
149,293,1304395200
149,911,1304395200
150,4,1304395200
16,42,1304395200
16,993,1304395200
175,293,1304395200
175,3453,1304395200
1917,251,1304395200
1930,1935,1304395200
1938,297,1304395200
215,1094,1304395200
223,1,1304395200
2472,1,1304395200
2484,339,1304395200
2485,4,1304395200
251,1917,1304395200
293,149,1304395200
293,175,1304395200
293,561,1304395200
297,1938,1304395200
339,2484,1304395200
3453,175,1304395200
4,109,1304395200
4,1611,1304395200
4,2485,1304395200
42,16,1304395200
42,992,1304395200
438,402,1304395200
44,442,1304395200
442,44,1304395200
507,3514,1304395200
529,992,1304395200
531,1095,1304395200
536,992,1304395200
561,293,1304395200
609,1093,1304395200
63,2483,1304395200
716,3514,1304395200
3514,1098,1304395200
3514,507,1304395200
3514,716,1304395200
84,1083,1304395200
911,149,1304395200
992,1095,1304395200
992,1098,1304395200
992,42,1304395200
992,529,1304395200
992,536,1304395200
993,16,1304395200
1086,4,1304481600
109,2,1304481600
1095,238,1304481600
1218,4,1304481600
129,272,1304481600
129,3661,1304481600
129,989,1304481600
1420,993,1304481600
16,3661,1304481600
1621,2487,1304481600
1918,193,1304481600
1918,654,1304481600
1926,420,1304481600
1936,2,1304481600
2,109,1304481600
2,1936,1304481600
2,2488,1304481600
2,353,1304481600
216,353,1304481600
216,441,1304481600
2475,774,1304481600
2483,63,1304481600
2487,1621,1304481600
2488,2,1304481600
298,324,1304481600
324,298,1304481600
324,658,1304481600
353,2,1304481600
353,216,1304481600
382,422,1304481600
4,1086,1304481600
4,1218,1304481600
4,150,1304481600
402,991,1304481600
42,715,1304481600
421,529,1304481600
422,382,1304481600
441,216,1304481600
529,421,1304481600
535,654,1304481600
537,23,1304481600
654,1918,1304481600
654,535,1304481600
658,324,1304481600
715,42,1304481600
718,654,1304481600
3661,16,1304481600
774,2475,1304481600
993,1420,1304481600
1,223,1304568000
1,42,1304568000
1,534,1304568000
1,994,1304568000
100,2490,1304568000
1088,537,1304568000
109,422,1304568000
1098,84,1304568000
1227,129,1304568000
1227,470,1304568000
1227,3636,1304568000
1232,1936,1304568000
129,1225,1304568000
129,40,1304568000
1399,37,1304568000
149,536,1304568000
1615,1918,1304568000
1615,311,1304568000
1615,4,1304568000
1615,996,1304568000
1624,1419,1304568000
1624,238,1304568000
1931,324,1304568000
1931,718,1304568000
1936,1232,1304568000
1940,324,1304568000
1942,252,1304568000
2,658,1304568000
21,534,1304568000
238,1624,1304568000
238,2,1304568000
238,714,1304568000
2481,84,1304568000
2490,100,1304568000
252,1942,1304568000
274,422,1304568000
299,84,1304568000
324,1931,1304568000
324,1940,1304568000
355,238,1304568000
37,1399,1304568000
403,714,1304568000
419,84,1304568000
42,84,1304568000
422,109,1304568000
422,274,1304568000
442,537,1304568000
534,1,1304568000
534,21,1304568000
536,149,1304568000
537,1088,1304568000
537,442,1304568000
654,718,1304568000
658,2,1304568000
714,238,1304568000
714,403,1304568000
772,420,1304568000
84,1098,1304568000
84,2481,1304568000
84,299,1304568000
84,42,1304568000
84,610,1304568000
84,848,1304568000
848,84,1304568000
991,402,1304568000
996,1615,1304568000
1,1232,1304654400
1096,129,1304654400
119,3603,1304654400
1225,2,1304654400
1232,1,1304654400
1232,2,1304654400
1234,159,1304654400
129,1412,1304654400
129,423,1304654400
129,564,1304654400
129,843,1304654400
149,467,1304654400
159,1234,1304654400
159,3539,1304654400
16,537,1304654400
1606,767,1304654400
175,3668,1304654400
1920,422,1304654400
1931,273,1304654400
1935,209,1304654400
2,1225,1304654400
2,1232,1304654400
224,4,1304654400
238,1095,1304654400
238,355,1304654400
2492,4,1304654400
2494,775,1304654400
270,48,1304654400
297,3636,1304654400
311,610,1304654400
340,3539,1304654400
4,1615,1304654400
4,2492,1304654400
422,1920,1304654400
422,467,1304654400
467,149,1304654400
467,422,1304654400
48,270,1304654400
48,609,1304654400
48,3514,1304654400
48,3539,1304654400
535,536,1304654400
536,1623,1304654400
536,535,1304654400
537,16,1304654400
566,444,1304654400
566,716,1304654400
609,48,1304654400
610,311,1304654400
716,566,1304654400
3514,48,1304654400
3539,159,1304654400
3539,340,1304654400
3539,48,1304654400
3603,119,1304654400
3603,48,1304654400
3603,3539,1304654400
3668,175,1304654400
775,2494,1304654400
109,566,1304740800
1098,3668,1304740800
111,4,1304740800
113,84,1304740800
1226,1618,1304740800
1229,252,1304740800
129,1092,1304740800
129,1097,1304740800
129,1408,1304740800
129,298,1304740800
129,773,1304740800
129,847,1304740800
1415,4,1304740800
1419,1624,1304740800
1419,422,1304740800
1419,436,1304740800
1618,1226,1304740800
1623,536,1304740800
1623,912,1304740800
181,382,1304740800
1938,341,1304740800
2495,716,1304740800
252,1229,1304740800
339,535,1304740800
340,1945,1304740800
341,1938,1304740800
382,181,1304740800
4,111,1304740800
4,1415,1304740800
4,718,1304740800
422,1419,1304740800
422,507,1304740800
45,563,1304740800
500,340,1304740800
507,422,1304740800
534,912,1304740800
535,339,1304740800
535,912,1304740800
536,84,1304740800
563,45,1304740800
566,109,1304740800
716,2495,1304740800
718,4,1304740800
3514,37,1304740800
912,1623,1304740800
912,534,1304740800
912,535,1304740800
106,187,1304827200
1089,716,1304827200
109,31,1304827200
119,662,1304827200
1421,2,1304827200
148,16,1304827200
148,313,1304827200
148,4,1304827200
149,45,1304827200
16,148,1304827200
16,23,1304827200
1621,4,1304827200
175,313,1304827200
175,89,1304827200
181,401,1304827200
187,106,1304827200
187,507,1304827200
2,1421,1304827200
2,299,1304827200
21,2486,1304827200
2486,21,1304827200
293,775,1304827200
299,2,1304827200
31,109,1304827200
313,148,1304827200
313,175,1304827200
313,4,1304827200
313,48,1304827200
324,84,1304827200
4,1621,1304827200
4,313,1304827200
4,567,1304827200
401,181,1304827200
45,149,1304827200
45,44,1304827200
48,313,1304827200
48,850,1304827200
507,187,1304827200
507,3668,1304827200
508,609,1304827200
567,4,1304827200
609,508,1304827200
610,37,1304827200
716,1089,1304827200
716,1943,1304827200
3668,382,1304827200
3668,775,1304827200
3668,84,1304827200
775,293,1304827200
84,324,1304827200
84,3668,1304827200
850,48,1304827200
89,175,1304827200
1,1942,1304913600
109,181,1304913600
1100,324,1304913600
121,325,1304913600
159,1099,1304913600
159,444,1304913600
16,567,1304913600
181,109,1304913600
181,72,1304913600
1942,1,1304913600
324,1100,1304913600
324,72,1304913600
325,121,1304913600
325,209,1304913600
340,1625,1304913600
4,716,1304913600
44,340,1304913600
44,420,1304913600
44,445,1304913600
44,446,1304913600
44,45,1304913600
442,851,1304913600
444,159,1304913600
444,508,1304913600
444,566,1304913600
444,3668,1304913600
445,446,1304913600
445,84,1304913600
446,44,1304913600
446,445,1304913600
447,72,1304913600
45,89,1304913600
508,444,1304913600
567,16,1304913600
568,72,1304913600
662,119,1304913600
662,44,1304913600
716,4,1304913600
716,913,1304913600
72,181,1304913600
72,324,1304913600
72,447,1304913600
72,568,1304913600
84,445,1304913600
851,442,1304913600
851,844,1304913600
913,716,1304913600
106,355,1305000000
1079,1405,1305000000
108,382,1305000000
1083,45,1305000000
1098,2,1305000000
1101,225,1305000000
119,1946,1305000000
1221,851,1305000000
1233,4,1305000000
1234,662,1305000000
139,4,1305000000
1405,1079,1305000000
150,507,1305000000
150,99,1305000000
1619,225,1305000000
1629,1949,1305000000
1629,1950,1305000000
1629,3514,1305000000
1629,3546,1305000000
187,850,1305000000
1946,119,1305000000
1947,442,1305000000
1947,45,1305000000
1949,1629,1305000000
1949,3546,1305000000
1950,1629,1305000000
1950,3546,1305000000
2,1098,1305000000
2,2497,1305000000
2,2499,1305000000
2,251,1305000000
2,99,1305000000
225,1101,1305000000
225,1619,1305000000
225,45,1305000000
237,505,1305000000
237,913,1305000000
2497,2,1305000000
2499,2,1305000000
299,355,1305000000
355,106,1305000000
355,299,1305000000
355,473,1305000000
37,610,1305000000
382,108,1305000000
4,1233,1305000000
4,609,1305000000
402,610,1305000000
442,1947,1305000000
443,2496,1305000000
45,1083,1305000000
45,1947,1305000000
45,225,1305000000
45,537,1305000000
473,355,1305000000
504,995,1305000000
505,237,1305000000
507,150,1305000000
537,45,1305000000
537,63,1305000000
54,566,1305000000
54,610,1305000000
566,54,1305000000
609,4,1305000000
610,402,1305000000
610,54,1305000000
610,84,1305000000
63,537,1305000000
662,1234,1305000000
3546,1629,1305000000
3546,1949,1305000000
3546,1950,1305000000
850,187,1305000000
851,1221,1305000000
913,237,1305000000
99,150,1305000000
995,504,1305000000
106,422,1305086400
108,1951,1305086400
108,31,1305086400
109,16,1305086400
129,1080,1305086400
129,1089,1305086400
129,1093,1305086400
129,1211,1305086400
129,1231,1305086400
129,1410,1305086400
129,1414,1305086400
129,1422,1305086400
129,201,1305086400
129,422,1305086400
129,500,1305086400
129,658,1305086400
129,659,1305086400
129,908,1305086400
129,910,1305086400
140,660,1305086400
1422,23,1305086400
16,109,1305086400
1628,84,1305086400
1630,444,1305086400
181,404,1305086400
1951,108,1305086400
2,508,1305086400
215,569,1305086400
225,403,1305086400
236,273,1305086400
2491,443,1305086400
339,508,1305086400
339,914,1305086400
340,537,1305086400
4,508,1305086400
401,660,1305086400
403,225,1305086400
404,181,1305086400
422,106,1305086400
422,536,1305086400
443,2491,1305086400
443,353,1305086400
444,1630,1305086400
444,99,1305086400
45,569,1305086400
508,2,1305086400
508,339,1305086400
508,4,1305086400
536,422,1305086400
537,340,1305086400
563,444,1305086400
569,215,1305086400
569,45,1305086400
654,382,1305086400
654,716,1305086400
660,140,1305086400
660,401,1305086400
716,654,1305086400
84,1628,1305086400
914,339,1305086400
99,444,1305086400
99,50,1305086400
106,225,1305172800
106,536,1305172800
1101,353,1305172800
1101,356,1305172800
129,1079,1305172800
129,1223,1305172800
129,1411,1305172800
129,252,1305172800
129,88,1305172800
149,1951,1305172800
149,531,1305172800
149,660,1305172800
150,473,1305172800
16,63,1305172800
1612,717,1305172800
1620,74,1305172800
1628,404,1305172800
1630,716,1305172800
1633,531,1305172800
1633,568,1305172800
1633,850,1305172800
181,405,1305172800
1951,149,1305172800
2,263,1305172800
225,106,1305172800
225,234,1305172800
225,263,1305172800
234,225,1305172800
263,355,1305172800
353,1101,1305172800
355,263,1305172800
356,1101,1305172800
4,365,1305172800
405,181,1305172800
405,444,1305172800
405,531,1305172800
405,569,1305172800
441,2501,1305172800
444,405,1305172800
444,563,1305172800
473,150,1305172800
473,999,1305172800
531,149,1305172800
531,1633,1305172800
531,405,1305172800
533,776,1305172800
536,106,1305172800
568,1633,1305172800
569,405,1305172800
63,16,1305172800
660,149,1305172800
716,1630,1305172800
717,1612,1305172800
74,1620,1305172800
776,533,1305172800
850,1633,1305172800
999,109,1305172800
999,473,1305172800
1002,326,1305259200
1002,341,1305259200
101,842,1305259200
109,999,1305259200
1100,263,1305259200
1101,570,1305259200
119,293,1305259200
1236,263,1305259200
1236,50,1305259200
129,1086,1305259200
129,1213,1305259200
129,1418,1305259200
129,149,1305259200
129,159,1305259200
129,401,1305259200
129,470,1305259200
129,713,1305259200
129,772,1305259200
129,845,1305259200
129,987,1305259200
129,997,1305259200
1405,850,1305259200
150,299,1305259200
1616,84,1305259200
1630,442,1305259200
1633,3504,1305259200
167,274,1305259200
181,999,1305259200
1932,50,1305259200
1956,404,1305259200
2,65,1305259200
216,140,1305259200
216,272,1305259200
225,2503,1305259200
225,442,1305259200
2501,441,1305259200
2502,45,1305259200
2503,225,1305259200
263,1100,1305259200
263,1236,1305259200
263,50,1305259200
272,216,1305259200
273,1931,1305259200
273,236,1305259200
274,167,1305259200
293,119,1305259200
293,23,1305259200
299,150,1305259200
326,1002,1305259200
341,1002,1305259200
355,444,1305259200
37,1926,1305259200
382,424,1305259200
4,562,1305259200
4,570,1305259200
4,654,1305259200
404,1628,1305259200
404,1956,1305259200
404,33,1305259200
404,424,1305259200
404,661,1305259200
405,507,1305259200
424,382,1305259200
424,537,1305259200
442,1630,1305259200
442,225,1305259200
444,355,1305259200
45,1623,1305259200
45,1943,1305259200
45,2502,1305259200
45,716,1305259200
50,1236,1305259200
50,1932,1305259200
50,35,1305259200
507,405,1305259200
536,538,1305259200
537,424,1305259200
538,4,1305259200
538,536,1305259200
567,101,1305259200
570,1101,1305259200
570,4,1305259200
570,45,1305259200
654,4,1305259200
660,99,1305259200
661,404,1305259200
716,45,1305259200
84,1616,1305259200
844,1234,1305259200
850,1405,1305259200
996,97,1305259200
999,181,1305259200
101,567,1305345600
106,84,1305345600
109,48,1305345600
1100,84,1305345600
1102,324,1305345600
1102,501,1305345600
1232,2504,1305345600
1235,48,1305345600
129,1096,1305345600
129,167,1305345600
129,537,1305345600
129,846,1305345600
1415,356,1305345600
1423,84,1305345600
154,16,1305345600
154,270,1305345600
154,340,1305345600
16,154,1305345600
16,850,1305345600
1625,3636,1305345600
1626,339,1305345600
169,48,1305345600
175,404,1305345600
175,45,1305345600
1959,404,1305345600
1960,909,1305345600
224,225,1305345600
225,224,1305345600
2504,1232,1305345600
2506,404,1305345600
293,505,1305345600
326,339,1305345600
326,342,1305345600
326,4,1305345600
326,909,1305345600
339,1626,1305345600
339,326,1305345600
339,84,1305345600
339,916,1305345600
341,4,1305345600
342,326,1305345600
342,447,1305345600
356,1415,1305345600
356,468,1305345600
4,326,1305345600
4,341,1305345600
4,534,1305345600
404,175,1305345600
404,1959,1305345600
404,2506,1305345600
404,444,1305345600
404,473,1305345600
404,909,1305345600
405,468,1305345600
405,909,1305345600
424,404,1305345600
444,404,1305345600
447,999,1305345600
45,175,1305345600
468,356,1305345600
468,405,1305345600
473,404,1305345600
48,109,1305345600
48,1235,1305345600
48,1420,1305345600
48,169,1305345600
500,84,1305345600
501,1102,1305345600
505,293,1305345600
534,4,1305345600
609,84,1305345600
63,84,1305345600
718,84,1305345600
772,1000,1305345600
84,106,1305345600
84,1100,1305345600
84,1423,1305345600
84,339,1305345600
84,500,1305345600
84,609,1305345600
84,63,1305345600
84,718,1305345600
84,909,1305345600
850,16,1305345600
909,1960,1305345600
909,326,1305345600
909,404,1305345600
909,405,1305345600
909,84,1305345600
916,339,1305345600
999,447,1305345600
1083,139,1305432000
109,535,1305432000
1103,239,1305432000
1104,915,1305432000
139,1083,1305432000
139,167,1305432000
139,341,1305432000
1405,215,1305432000
154,467,1305432000
1625,445,1305432000
1635,2,1305432000
167,139,1305432000
175,326,1305432000
194,1955,1305432000
1944,340,1305432000
1953,324,1305432000
1957,2,1305432000
1960,850,1305432000
2,1635,1305432000
2,1957,1305432000
2,63,1305432000
2,915,1305432000
215,1405,1305432000
224,84,1305432000
234,45,1305432000
239,1103,1305432000
239,571,1305432000
239,915,1305432000
2493,3515,1305432000
324,1953,1305432000
324,612,1305432000
326,175,1305432000
340,1001,1305432000
340,1944,1305432000
341,139,1305432000
341,568,1305432000
382,84,1305432000
45,1634,1305432000
45,234,1305432000
45,850,1305432000
467,154,1305432000
535,109,1305432000
536,612,1305432000
563,773,1305432000
568,341,1305432000
571,1103,1305432000
571,239,1305432000
612,324,1305432000
612,365,1305432000
612,536,1305432000
63,2,1305432000
3515,2493,1305432000
773,563,1305432000
84,224,1305432000
84,382,1305432000
850,1960,1305432000
850,45,1305432000
851,422,1305432000
912,42,1305432000
915,1104,1305432000
915,239,1305432000
10,569,1305518400
1002,382,1305518400
109,215,1305518400
1100,75,1305518400
138,84,1305518400
139,2507,1305518400
139,2510,1305518400
139,663,1305518400
1405,88,1305518400
1425,500,1305518400
16,341,1305518400
16,353,1305518400
167,1964,1305518400
1952,1,1305518400
1965,536,1305518400
2,777,1305518400
215,473,1305518400
2507,139,1305518400
2510,1105,1305518400
2510,139,1305518400
2511,4,1305518400
324,1102,1305518400
341,1224,1305518400
341,16,1305518400
341,850,1305518400
353,1102,1305518400
353,16,1305518400
356,539,1305518400
365,612,1305518400
365,713,1305518400
365,717,1305518400
382,1002,1305518400
4,1634,1305518400
4,2511,1305518400
4,501,1305518400
4,917,1305518400
405,356,1305518400
444,851,1305518400
473,215,1305518400
500,1425,1305518400
507,84,1305518400
536,1965,1305518400
539,356,1305518400
569,10,1305518400
663,139,1305518400
713,365,1305518400
716,502,1305518400
717,365,1305518400
84,1417,1305518400
84,507,1305518400
850,341,1305518400
851,444,1305518400
88,1405,1305518400
917,4,1305518400
10,139,1305604800
10,2519,1305604800
10,719,1305604800
10,3570,1305604800
1001,340,1305604800
106,4,1305604800
1104,2516,1305604800
1105,1635,1305604800
119,2521,1305604800
1237,441,1305604800
1237,536,1305604800
1238,441,1305604800
129,1403,1305604800
131,154,1305604800
139,10,1305604800
139,2509,1305604800
139,2514,1305604800
139,2515,1305604800
139,2518,1305604800
139,327,1305604800
1417,84,1305604800
1424,45,1305604800
1426,311,1305604800
150,511,1305604800
154,131,1305604800
154,441,1305604800
1622,913,1305604800
1635,1105,1305604800
181,1966,1305604800
1962,611,1305604800
1966,181,1305604800
21,2520,1305604800
21,916,1305604800
2500,442,1305604800
2505,611,1305604800
2509,139,1305604800
2512,355,1305604800
2514,139,1305604800
2515,139,1305604800
2516,1104,1305604800
2518,139,1305604800
2519,10,1305604800
2520,21,1305604800
2521,119,1305604800
311,1426,1305604800
33,45,1305604800
340,154,1305604800
355,2512,1305604800
366,45,1305604800
4,106,1305604800
404,45,1305604800
404,84,1305604800
441,1237,1305604800
441,1238,1305604800
442,2500,1305604800
447,342,1305604800
45,1424,1305604800
45,366,1305604800
45,404,1305604800
45,570,1305604800
45,719,1305604800
48,568,1305604800
502,468,1305604800
511,150,1305604800
536,1237,1305604800
539,852,1305604800
568,48,1305604800
611,1104,1305604800
611,1962,1305604800
611,2505,1305604800
611,2517,1305604800
611,915,1305604800
719,10,1305604800
719,45,1305604800
3570,10,1305604800
84,404,1305604800
84,853,1305604800
852,539,1305604800
853,84,1305604800
913,1622,1305604800
915,611,1305604800
10,1636,1305691200
10,1967,1305691200
10,249,1305691200
10,510,1305691200
1103,571,1305691200
1104,611,1305691200
131,169,1305691200
131,353,1305691200
131,607,1305691200
139,2522,1305691200
139,718,1305691200
1417,75,1305691200
150,666,1305691200
16,442,1305691200
1636,10,1305691200
1636,1967,1305691200
1638,612,1305691200
1638,719,1305691200
169,131,1305691200
169,365,1305691200
181,2,1305691200
181,21,1305691200
181,4,1305691200
182,568,1305691200
1967,10,1305691200
1967,1636,1305691200
1969,365,1305691200
21,181,1305691200
21,37,1305691200
249,10,1305691200
250,2523,1305691200
2517,611,1305691200
252,994,1305691200
2522,139,1305691200
2523,250,1305691200
299,713,1305691200
340,664,1305691200
356,3515,1305691200
365,169,1305691200
365,1969,1305691200
37,21,1305691200
4,181,1305691200
4,536,1305691200
4,918,1305691200
425,468,1305691200
442,16,1305691200
468,425,1305691200
48,475,1305691200
510,10,1305691200
536,4,1305691200
568,182,1305691200
612,1638,1305691200
664,340,1305691200
713,299,1305691200
719,1638,1305691200
3515,356,1305691200
75,1417,1305691200
850,65,1305691200
918,4,1305691200
994,252,1305691200
1084,252,1305777600
1093,609,1305777600
1101,328,1305777600
129,1081,1305777600
129,236,1305777600
129,504,1305777600
129,771,1305777600
131,4,1305777600
137,2526,1305777600
139,328,1305777600
154,425,1305777600
16,1640,1305777600
1639,539,1305777600
169,447,1305777600
1948,50,1305777600
201,568,1305777600
216,75,1305777600
223,473,1305777600
2526,137,1305777600
298,201,1305777600
328,1101,1305777600
328,139,1305777600
4,131,1305777600
425,154,1305777600
447,169,1305777600
468,502,1305777600
473,223,1305777600
50,1948,1305777600
501,121,1305777600
506,201,1305777600
533,502,1305777600
568,201,1305777600
65,16,1305777600
65,850,1305777600
75,216,1305777600
75,918,1305777600
852,137,1305777600
918,75,1305777600
918,920,1305777600
920,226,1305777600
920,918,1305777600
109,328,1305864000
1107,4,1305864000
1107,45,1305864000
121,501,1305864000
1239,48,1305864000
129,1216,1305864000
129,1217,1305864000
129,503,1305864000
129,3634,1305864000
139,713,1305864000
139,720,1305864000
1417,50,1305864000
149,182,1305864000
16,223,1305864000
1638,367,1305864000
1640,16,1305864000
182,149,1305864000
182,841,1305864000
1921,217,1305864000
217,1921,1305864000
217,2525,1305864000
217,328,1305864000
217,368,1305864000
217,401,1305864000
217,911,1305864000
223,16,1305864000
2525,217,1305864000
31,65,1305864000
327,139,1305864000
327,3516,1305864000
328,109,1305864000
328,217,1305864000
328,54,1305864000
340,921,1305864000
367,1638,1305864000
367,368,1305864000
368,217,1305864000
368,367,1305864000
4,1107,1305864000
401,217,1305864000
447,1971,1305864000
45,1107,1305864000
48,1239,1305864000
50,1417,1305864000
511,568,1305864000
511,612,1305864000
54,328,1305864000
568,511,1305864000
568,75,1305864000
612,511,1305864000
660,182,1305864000
713,139,1305864000
715,3570,1305864000
720,139,1305864000
3570,715,1305864000
75,568,1305864000
841,182,1305864000
911,217,1305864000
921,340,1305864000
106,715,1305950400
109,1428,1305950400
1106,54,1305950400
1109,4,1305950400
1240,327,1305950400
129,565,1305950400
137,2527,1305950400
137,844,1305950400
139,1641,1305950400
1428,109,1305950400
1428,2528,1305950400
1428,50,1305950400
149,99,1305950400
155,327,1305950400
155,367,1305950400
1641,139,1305950400
1642,4,1305950400
1642,99,1305950400
182,366,1305950400
1914,911,1305950400
1964,328,1305950400
1971,447,1305950400
239,3556,1305950400
2527,137,1305950400
2528,1428,1305950400
2529,529,1305950400
327,1240,1305950400
327,155,1305950400
327,383,1305950400
328,1964,1305950400
328,472,1305950400
328,911,1305950400
366,182,1305950400
367,155,1305950400
383,327,1305950400
4,1109,1305950400
4,1642,1305950400
436,1419,1305950400
472,328,1305950400
529,2529,1305950400
54,1106,1305950400
715,106,1305950400
715,922,1305950400
3556,239,1305950400
844,137,1305950400
911,1914,1305950400
911,328,1305950400
922,715,1305950400
99,149,1305950400
99,1642,1305950400
994,439,1305950400
1003,169,1306036800
106,328,1306036800
109,922,1306036800
1104,239,1306036800
1210,529,1306036800
1235,217,1306036800
1235,328,1306036800
149,155,1306036800
149,169,1306036800
149,217,1306036800
155,149,1306036800
16,187,1306036800
1644,657,1306036800
169,1003,1306036800
169,149,1306036800
169,175,1306036800
169,668,1306036800
169,75,1306036800
175,169,1306036800
182,236,1306036800
182,713,1306036800
187,16,1306036800
193,529,1306036800
1973,217,1306036800
1973,236,1306036800
2,119,1306036800
2,236,1306036800
2,3537,1306036800
201,298,1306036800
217,1235,1306036800
217,149,1306036800
217,1973,1306036800
217,382,1306036800
235,3537,1306036800
236,182,1306036800
236,1973,1306036800
236,2,1306036800
236,2532,1306036800
236,365,1306036800
236,383,1306036800
236,529,1306036800
236,922,1306036800
239,1104,1306036800
2463,340,1306036800
2532,236,1306036800
328,106,1306036800
328,1235,1306036800
328,447,1306036800
328,661,1306036800
328,75,1306036800
340,2463,1306036800
365,236,1306036800
365,50,1306036800
368,382,1306036800
368,54,1306036800
37,4,1306036800
37,97,1306036800
382,217,1306036800
382,368,1306036800
383,236,1306036800
4,661,1306036800
4,777,1306036800
442,1106,1306036800
447,328,1306036800
529,1210,1306036800
529,193,1306036800
529,236,1306036800
532,3537,1306036800
54,368,1306036800
54,914,1306036800
568,657,1306036800
657,1644,1306036800
657,2452,1306036800
661,328,1306036800
661,4,1306036800
668,169,1306036800
668,3516,1306036800
713,182,1306036800
3516,668,1306036800
75,169,1306036800
75,328,1306036800
3600,922,1306036800
914,54,1306036800
915,2,1306036800
922,109,1306036800
922,236,1306036800
922,3600,1306036800
1084,2489,1306123200
109,669,1306123200
130,217,1306123200
131,669,1306123200
140,1644,1306123200
1616,216,1306123200
1644,140,1306123200
1647,383,1306123200
1648,367,1306123200
1648,74,1306123200
182,2,1306123200
182,217,1306123200
182,442,1306123200
182,660,1306123200
182,920,1306123200
1974,50,1306123200
1977,1978,1306123200
1977,2,1306123200
1978,1977,1306123200
2,182,1306123200
2,1977,1306123200
21,45,1306123200
216,1616,1306123200
217,130,1306123200
217,182,1306123200
226,920,1306123200
236,293,1306123200
236,4,1306123200
239,1110,1306123200
2452,657,1306123200
2489,1084,1306123200
252,1084,1306123200
252,343,1306123200
2533,663,1306123200
299,48,1306123200
343,252,1306123200
367,1648,1306123200
367,383,1306123200
367,4,1306123200
367,74,1306123200
383,1647,1306123200
383,367,1306123200
383,715,1306123200
4,367,1306123200
437,4,1306123200
437,669,1306123200
441,721,1306123200
442,1637,1306123200
442,182,1306123200
474,669,1306123200
48,299,1306123200
50,1974,1306123200
536,668,1306123200
568,130,1306123200
663,2533,1306123200
668,536,1306123200
669,109,1306123200
669,131,1306123200
669,437,1306123200
669,474,1306123200
715,383,1306123200
721,441,1306123200
74,1648,1306123200
920,182,1306123200
99,1619,1306123200
1001,368,1306209600
106,154,1306209600
109,668,1306209600
1241,50,1306209600
154,106,1306209600
1625,340,1306209600
175,217,1306209600
182,367,1306209600
182,778,1306209600
1924,657,1306209600
217,175,1306209600
2534,669,1306209600
298,339,1306209600
339,298,1306209600
367,182,1306209600
368,1001,1306209600
37,657,1306209600
4,1398,1306209600
437,1979,1306209600
50,1241,1306209600
657,1924,1306209600
657,37,1306209600
668,109,1306209600
669,2534,1306209600
718,139,1306209600
778,182,1306209600
1004,21,1306296000
1004,382,1306296000
1004,50,1306296000
106,509,1306296000
109,779,1306296000
1106,442,1306296000
121,343,1306296000
1232,1643,1306296000
1241,323,1306296000
130,1635,1306296000
140,31,1306296000
1423,1981,1306296000
16,779,1306296000
1635,130,1306296000
1636,4,1306296000
1645,239,1306296000
182,323,1306296000
182,382,1306296000
182,473,1306296000
182,609,1306296000
1921,715,1306296000
1929,1976,1306296000
1972,239,1306296000
1975,50,1306296000
1975,84,1306296000
1976,1929,1306296000
1980,475,1306296000
1981,1423,1306296000
2,1929,1306296000
21,1004,1306296000
21,669,1306296000
226,323,1306296000
226,720,1306296000
239,1645,1306296000
239,1972,1306296000
31,140,1306296000
323,1241,1306296000
323,182,1306296000
323,226,1306296000
343,121,1306296000
382,1004,1306296000
382,182,1306296000
4,1003,1306296000
4,1636,1306296000
4,88,1306296000
4,910,1306296000
403,50,1306296000
473,182,1306296000
50,1975,1306296000
509,106,1306296000
609,182,1306296000
669,21,1306296000
715,1921,1306296000
720,226,1306296000
779,109,1306296000
779,16,1306296000
84,1975,1306296000
88,4,1306296000
910,4,1306296000
918,382,1306296000
1001,573,1306382400
1003,4,1306382400
1004,226,1306382400
106,472,1306382400
106,660,1306382400
1103,665,1306382400
1108,4,1306382400
1108,423,1306382400
1108,614,1306382400
1239,4,1306382400
1241,131,1306382400
1241,299,1306382400
1241,663,1306382400
130,21,1306382400
130,383,1306382400
131,1241,1306382400
145,99,1306382400
150,660,1306382400
16,1983,1306382400
16,226,1306382400
16,45,1306382400
1983,16,1306382400
217,663,1306382400
226,1004,1306382400
226,16,1306382400
226,613,1306382400
226,3516,1306382400
239,448,1306382400
2527,1401,1306382400
2536,3516,1306382400
2537,467,1306382400
297,37,1306382400
299,1241,1306382400
383,130,1306382400
4,1239,1306382400
423,1108,1306382400
437,720,1306382400
439,994,1306382400
44,1429,1306382400
448,239,1306382400
45,16,1306382400
466,4,1306382400
467,2537,1306382400
472,106,1306382400
474,475,1306382400
475,1980,1306382400
475,474,1306382400
50,663,1306382400
534,181,1306382400
573,1001,1306382400
611,665,1306382400
613,226,1306382400
660,106,1306382400
663,1241,1306382400
663,217,1306382400
663,50,1306382400
665,1103,1306382400
720,437,1306382400
3516,226,1306382400
3516,2536,1306382400
779,31,1306382400
99,145,1306382400
109,722,1306468800
121,16,1306468800
1235,472,1306468800
1243,368,1306468800
1243,609,1306468800
139,572,1306468800
149,565,1306468800
154,3591,1306468800
16,121,1306468800
1615,1218,1306468800
1622,2540,1306468800
1651,217,1306468800
182,507,1306468800
193,722,1306468800
1978,513,1306468800
1984,1985,1306468800
1984,65,1306468800
1985,1984,1306468800
1985,507,1306468800
202,4,1306468800
217,1651,1306468800
217,406,1306468800
2539,513,1306468800
2540,1622,1306468800
2541,45,1306468800
322,129,1306468800
341,447,1306468800
343,855,1306468800
368,1243,1306468800
37,297,1306468800
4,1108,1306468800
4,202,1306468800
4,711,1306468800
442,50,1306468800
447,341,1306468800
45,202,1306468800
45,2541,1306468800
467,75,1306468800
472,1235,1306468800
50,406,1306468800
50,442,1306468800
507,182,1306468800
507,1985,1306468800
513,1978,1306468800
513,2539,1306468800
529,1221,1306468800
565,149,1306468800
609,1243,1306468800
614,1108,1306468800
65,1933,1306468800
65,1984,1306468800
665,611,1306468800
722,109,1306468800
722,193,1306468800
3591,154,1306468800
75,467,1306468800
777,4,1306468800
855,343,1306468800
100,50,1306555200
1210,921,1306555200
1241,538,1306555200
237,563,1306555200
2538,467,1306555200
298,568,1306555200
37,570,1306555200
42,924,1306555200
467,2538,1306555200
50,100,1306555200
50,90,1306555200
535,102,1306555200
563,237,1306555200
568,298,1306555200
715,44,1306555200
90,50,1306555200
921,1210,1306555200
923,448,1306555200
10,225,1306641600
102,856,1306641600
106,383,1306641600
1103,448,1306641600
1106,1107,1306641600
181,182,1306641600
182,181,1306641600
1935,298,1306641600
1974,718,1306641600
225,10,1306641600
2544,65,1306641600
2546,470,1306641600
298,1935,1306641600
3454,4,1306641600
383,106,1306641600
383,50,1306641600
4,3454,1306641600
448,1103,1306641600
470,2546,1306641600
50,365,1306641600
50,383,1306641600
574,669,1306641600
65,2544,1306641600
669,574,1306641600
715,312,1306641600
718,1974,1306641600
75,775,1306641600
775,75,1306641600
1,472,1306728000
1,507,1306728000
10,1430,1306728000
10,1988,1306728000
10,1992,1306728000
10,217,1306728000
10,478,1306728000
1005,102,1306728000
102,1005,1306728000
102,1244,1306728000
102,1990,1306728000
102,97,1306728000
109,1431,1306728000
1104,2513,1306728000
1244,102,1306728000
130,1430,1306728000
130,2549,1306728000
130,2551,1306728000
1430,10,1306728000
1431,109,1306728000
1431,478,1306728000
16,781,1306728000
16,88,1306728000
1988,10,1306728000
1988,3516,1306728000
1990,102,1306728000
1992,10,1306728000
234,200,1306728000
234,469,1306728000
234,54,1306728000
234,91,1306728000
2513,1104,1306728000
252,720,1306728000
2542,920,1306728000
2547,383,1306728000
2548,509,1306728000
2549,130,1306728000
343,1991,1306728000
343,720,1306728000
383,2547,1306728000
403,406,1306728000
403,511,1306728000
403,851,1306728000
406,217,1306728000
406,536,1306728000
44,613,1306728000
470,23,1306728000
478,10,1306728000
478,1431,1306728000
478,920,1306728000
507,1,1306728000
509,2548,1306728000
511,403,1306728000
536,406,1306728000
608,995,1306728000
611,667,1306728000
611,780,1306728000
613,44,1306728000
667,611,1306728000
718,720,1306728000
720,252,1306728000
720,343,1306728000
720,718,1306728000
3516,1988,1306728000
780,611,1306728000
781,16,1306728000
851,403,1306728000
856,2543,1306728000
88,16,1306728000
91,2,1306728000
91,200,1306728000
91,234,1306728000
91,469,1306728000
920,2542,1306728000
920,478,1306728000
97,102,1306728000
10,226,1306814400
10,2558,1306814400
138,477,1306814400
1398,4,1306814400
1430,403,1306814400
1430,54,1306814400
148,540,1306814400
150,1647,1306814400
150,403,1306814400
16,2556,1306814400
1647,150,1306814400
1655,226,1306814400
181,226,1306814400
182,50,1306814400
1931,1987,1306814400
1958,239,1306814400
1991,343,1306814400
1992,403,1306814400
1994,217,1306814400
217,109,1306814400
217,1994,1306814400
217,476,1306814400
226,10,1306814400
226,1655,1306814400
226,181,1306814400
226,299,1306814400
226,45,1306814400
226,50,1306814400
239,1958,1306814400
239,2535,1306814400
2535,239,1306814400
2543,856,1306814400
2556,16,1306814400
2557,54,1306814400
2558,10,1306814400
272,129,1306814400
299,226,1306814400
4,1091,1306814400
4,664,1306814400
401,31,1306814400
403,1430,1306814400
403,150,1306814400
403,1992,1306814400
442,1218,1306814400
472,1,1306814400
472,353,1306814400
476,217,1306814400
477,138,1306814400
50,182,1306814400
50,226,1306814400
50,576,1306814400
50,721,1306814400
502,3636,1306814400
504,608,1306814400
54,1430,1306814400
54,2557,1306814400
540,148,1306814400
576,50,1306814400
608,504,1306814400
664,4,1306814400
720,1979,1306814400
721,297,1306814400
721,50,1306814400
3579,775,1306814400
856,102,1306814400
856,575,1306814400
995,608,1306814400
101,467,1306900800
101,540,1306900800
102,1247,1306900800
106,182,1306900800
109,217,1306900800
1111,476,1306900800
1222,2000,1306900800
1244,926,1306900800
1247,102,1306900800
1247,3454,1306900800
1399,273,1306900800
145,1998,1306900800
150,1999,1306900800
150,2564,1306900800
150,478,1306900800
159,42,1306900800
16,2001,1306900800
16,2565,1306900800
16,75,1306900800
1657,57,1306900800
1658,1999,1306900800
1659,540,1306900800
1660,476,1306900800
175,182,1306900800
181,2000,1306900800
181,2566,1306900800
182,106,1306900800
182,175,1306900800
182,3454,1306900800
183,45,1306900800
1921,44,1306900800
1994,224,1306900800
1996,224,1306900800
1997,224,1306900800
1998,145,1306900800
1998,2,1306900800
1999,150,1306900800
1999,1658,1306900800
2,1998,1306900800
2,217,1306900800
2000,1222,1306900800
2000,181,1306900800
2001,16,1306900800
217,2,1306900800
217,449,1306900800
224,1994,1306900800
224,1996,1306900800
224,1997,1306900800
224,384,1306900800
2564,150,1306900800
2565,16,1306900800
2566,181,1306900800
273,1399,1306900800
273,282,1306900800
3454,1247,1306900800
3454,182,1306900800
384,224,1306900800
449,217,1306900800
45,183,1306900800
45,31,1306900800
467,101,1306900800
476,1111,1306900800
476,1660,1306900800
478,150,1306900800
478,357,1306900800
539,854,1306900800
540,101,1306900800
540,1659,1306900800
57,1657,1306900800
576,3634,1306900800
719,75,1306900800
75,1100,1306900800
75,719,1306900800
3631,1654,1306900800
3631,720,1306900800
3631,91,1306900800
3634,576,1306900800
768,926,1306900800
841,90,1306900800
854,539,1306900800
90,841,1306900800
926,1244,1306900800
926,768,1306900800
10,140,1306987200
10,54,1306987200
100,44,1306987200
1007,661,1306987200
101,1248,1306987200
101,779,1306987200
101,781,1306987200
102,1434,1306987200
102,54,1306987200
1236,283,1306987200
1248,101,1306987200
1248,145,1306987200
130,1659,1306987200
130,2572,1306987200
130,540,1306987200
130,65,1306987200
130,926,1306987200
137,3532,1306987200
140,2568,1306987200
1431,1661,1306987200
1432,226,1306987200
1432,505,1306987200
1433,1921,1306987200
1433,202,1306987200
1433,3516,1306987200
1434,102,1306987200
145,1248,1306987200
148,380,1306987200
149,1969,1306987200
149,226,1306987200
150,2545,1306987200
16,449,1306987200
1639,852,1306987200
1653,224,1306987200
1654,1658,1306987200
1658,1654,1306987200
1659,130,1306987200
1659,423,1306987200
1661,1431,1306987200
1662,65,1306987200
183,424,1306987200
1921,1433,1306987200
1921,202,1306987200
1955,194,1306987200
1969,149,1306987200
1971,661,1306987200
2,42,1306987200
2,473,1306987200
2004,202,1306987200
2004,3516,1306987200
202,1433,1306987200
202,1921,1306987200
202,2004,1306987200
202,357,1306987200
202,540,1306987200
202,986,1306987200
224,1653,1306987200
224,2570,1306987200
226,1432,1306987200
226,149,1306987200
226,2553,1306987200
226,54,1306987200
226,615,1306987200
226,3616,1306987200
239,2562,1306987200
2545,150,1306987200
2553,226,1306987200
2560,478,1306987200
2567,476,1306987200
2568,140,1306987200
2569,476,1306987200
2570,224,1306987200
2572,130,1306987200
283,1236,1306987200
31,779,1306987200
324,1934,1306987200
357,202,1306987200
357,478,1306987200
357,661,1306987200
357,782,1306987200
37,140,1306987200
4,45,1306987200
42,2,1306987200
423,1659,1306987200
424,183,1306987200
44,100,1306987200
44,1921,1306987200
445,1625,1306987200
445,44,1306987200
448,923,1306987200
449,16,1306987200
449,4,1306987200
449,670,1306987200
473,2,1306987200
476,2567,1306987200
476,2569,1306987200
476,927,1306987200
478,2560,1306987200
505,1432,1306987200
505,669,1306987200
54,10,1306987200
54,102,1306987200
54,226,1306987200
540,130,1306987200
540,202,1306987200
540,986,1306987200
572,4,1306987200
615,226,1306987200
65,130,1306987200
65,1662,1306987200
661,1007,1306987200
661,1971,1306987200
661,2571,1306987200
661,357,1306987200
669,505,1306987200
670,449,1306987200
3516,1433,1306987200
3516,2004,1306987200
3516,327,1306987200
3532,137,1306987200
3532,50,1306987200
3532,75,1306987200
75,3532,1306987200
3616,226,1306987200
779,101,1306987200
781,101,1306987200
782,357,1306987200
926,149,1306987200
927,476,1306987200
986,202,1306987200
986,540,1306987200
1,2559,1307073600
1,578,1307073600
1004,2010,1307073600
1004,449,1307073600
109,670,1307073600
109,84,1307073600
119,311,1307073600
119,384,1307073600
1210,130,1307073600
1210,169,1307073600
1210,857,1307073600
1221,529,1307073600
1235,2013,1307073600
1241,2563,1307073600
1248,1250,1307073600
1248,65,1307073600
1250,1248,1307073600
1254,3646,1307073600
130,1210,1307073600
130,2575,1307073600
130,358,1307073600
130,579,1307073600
130,777,1307073600
130,778,1307073600
140,10,1307073600
140,37,1307073600
1433,1657,1307073600
1435,1626,1307073600
1435,575,1307073600
1437,130,1307073600
1437,182,1307073600
1437,424,1307073600
148,1995,1307073600
150,57,1307073600
153,1662,1307073600
153,1665,1307073600
153,2574,1307073600
153,670,1307073600
16,65,1307073600
1619,99,1307073600
1626,1435,1307073600
1651,202,1307073600
1651,65,1307073600
1657,1433,1307073600
1657,2011,1307073600
1658,35,1307073600
1658,99,1307073600
1662,153,1307073600
1663,3646,1307073600
1665,153,1307073600
1666,401,1307073600
169,1210,1307073600
169,182,1307073600
169,50,1307073600
175,449,1307073600
182,1437,1307073600
182,169,1307073600
183,264,1307073600
1995,148,1307073600
2,2006,1307073600
2,449,1307073600
2006,2,1307073600
2008,385,1307073600
2008,3651,1307073600
2010,1004,1307073600
2010,263,1307073600
2011,1657,1307073600
2011,778,1307073600
2012,778,1307073600
2014,437,1307073600
202,130,1307073600
202,1651,1307073600
215,84,1307073600
217,2561,1307073600
252,578,1307073600
2559,1,1307073600
2561,217,1307073600
2562,239,1307073600
2574,153,1307073600
2575,130,1307073600
263,2010,1307073600
264,183,1307073600
282,273,1307073600
282,919,1307073600
282,925,1307073600
311,119,1307073600
326,45,1307073600
357,445,1307073600
358,130,1307073600
358,1438,1307073600
358,2015,1307073600
37,65,1307073600
382,45,1307073600
384,40,1307073600
385,2008,1307073600
4,538,1307073600
40,2531,1307073600
401,1666,1307073600
406,50,1307073600
437,2014,1307073600
445,357,1307073600
449,1004,1307073600
449,175,1307073600
449,2,1307073600
449,54,1307073600
45,326,1307073600
45,382,1307073600
472,437,1307073600
50,54,1307073600
50,778,1307073600
539,1639,1307073600
54,449,1307073600
57,150,1307073600
57,1963,1307073600
575,1435,1307073600
575,856,1307073600
576,579,1307073600
576,3646,1307073600
578,252,1307073600
579,130,1307073600
579,576,1307073600
579,671,1307073600
65,1248,1307073600
670,153,1307073600
671,579,1307073600
3537,532,1307073600
3646,1254,1307073600
3646,1663,1307073600
3646,443,1307073600
3646,574,1307073600
3646,576,1307073600
3651,2008,1307073600
3651,385,1307073600
3651,65,1307073600
777,130,1307073600
777,2,1307073600
778,130,1307073600
778,2011,1307073600
778,2012,1307073600
778,50,1307073600
781,928,1307073600
84,109,1307073600
84,215,1307073600
857,130,1307073600
925,282,1307073600
99,1658,1307073600
99,1993,1307073600
1,725,1307160000
10,130,1307160000
10,1981,1307160000
10,2582,1307160000
10,57,1307160000
10,725,1307160000
1006,1011,1307160000
1006,1671,1307160000
1006,3646,1307160000
101,44,1307160000
101,50,1307160000
1011,1006,1307160000
1011,202,1307160000
102,725,1307160000
106,215,1307160000
106,406,1307160000
1105,3646,1307160000
1112,3646,1307160000
1113,725,1307160000
1250,1665,1307160000
1255,130,1307160000
130,1255,1307160000
130,1437,1307160000
130,1439,1307160000
130,299,1307160000
130,406,1307160000
130,725,1307160000
130,3646,1307160000
130,849,1307160000
1436,3646,1307160000
1438,358,1307160000
1439,130,1307160000
1441,615,1307160000
16,406,1307160000
1628,574,1307160000
1652,472,1307160000
1652,854,1307160000
1661,725,1307160000
1662,477,1307160000
1665,1250,1307160000
1667,849,1307160000
1668,169,1307160000
1669,273,1307160000
1669,612,1307160000
1671,1006,1307160000
1672,3646,1307160000
169,1439,1307160000
169,1668,1307160000
169,183,1307160000
169,215,1307160000
169,672,1307160000
183,169,1307160000
183,2550,1307160000
183,33,1307160000
183,449,1307160000
183,670,1307160000
183,725,1307160000
1957,508,1307160000
1963,57,1307160000
1976,2578,1307160000
1981,10,1307160000
2002,4,1307160000
2007,725,1307160000
2013,1235,1307160000
2016,39,1307160000
202,1011,1307160000
202,574,1307160000
21,579,1307160000
215,106,1307160000
215,169,1307160000
215,323,1307160000
215,327,1307160000
215,912,1307160000
252,3610,1307160000
2531,40,1307160000
2578,1976,1307160000
2579,725,1307160000
2582,10,1307160000
263,406,1307160000
273,1669,1307160000
299,130,1307160000
322,478,1307160000
323,215,1307160000
323,2581,1307160000
326,75,1307160000
327,215,1307160000
33,183,1307160000
3454,1655,1307160000
383,54,1307160000
383,3646,1307160000
39,2016,1307160000
4,2002,1307160000
406,106,1307160000
406,130,1307160000
406,263,1307160000
42,508,1307160000
449,183,1307160000
449,65,1307160000
472,1652,1307160000
477,1662,1307160000
478,322,1307160000
50,101,1307160000
508,1957,1307160000
508,42,1307160000
54,383,1307160000
57,10,1307160000
574,202,1307160000
574,725,1307160000
578,994,1307160000
579,21,1307160000
612,1669,1307160000
615,1441,1307160000
65,2018,1307160000
664,57,1307160000
670,183,1307160000
670,3646,1307160000
672,169,1307160000
725,1,1307160000
725,10,1307160000
725,102,1307160000
725,1113,1307160000
725,130,1307160000
725,1661,1307160000
725,183,1307160000
725,2007,1307160000
725,2579,1307160000
725,574,1307160000
75,326,1307160000
3610,252,1307160000
3646,1006,1307160000
3646,1105,1307160000
3646,1112,1307160000
3646,1237,1307160000
3646,130,1307160000
3646,1436,1307160000
3646,1672,1307160000
3646,169,1307160000
3646,383,1307160000
3646,670,1307160000
3646,3651,1307160000
3646,783,1307160000
3646,849,1307160000
3646,927,1307160000
3651,183,1307160000
3651,425,1307160000
3651,3646,1307160000
783,3646,1307160000
849,130,1307160000
849,1667,1307160000
849,575,1307160000
849,3646,1307160000
912,215,1307160000
927,3646,1307160000
994,35,1307160000
994,578,1307160000
10,383,1307246400
10,65,1307246400
10,710,1307246400
1007,28,1307246400
1007,448,1307246400
1008,858,1307246400
101,16,1307246400
101,478,1307246400
1013,102,1307246400
1013,674,1307246400
102,1013,1307246400
102,1256,1307246400
102,1258,1307246400
102,1646,1307246400
102,508,1307246400
109,57,1307246400
1106,45,1307246400
1114,3646,1307246400
1115,2020,1307246400
1235,2588,1307246400
1237,3646,1307246400
1256,102,1307246400
1258,102,1307246400
130,341,1307246400
137,3504,1307246400
1429,44,1307246400
1640,477,1307246400
1667,50,1307246400
167,986,1307246400
169,202,1307246400
169,858,1307246400
183,674,1307246400
2,35,1307246400
2001,4,1307246400
2014,3515,1307246400
2019,99,1307246400
202,169,1307246400
2020,1115,1307246400
2022,28,1307246400
2461,341,1307246400
250,406,1307246400
2554,615,1307246400
2581,323,1307246400
2588,1235,1307246400
263,2580,1307246400
28,1007,1307246400
28,2022,1307246400
28,726,1307246400
28,3532,1307246400
300,341,1307246400
323,478,1307246400
323,57,1307246400
341,130,1307246400
341,2461,1307246400
341,300,1307246400
341,65,1307246400
35,2,1307246400
383,10,1307246400
383,617,1307246400
4,1009,1307246400
4,2001,1307246400
4,781,1307246400
406,250,1307246400
419,774,1307246400
448,1007,1307246400
45,1106,1307246400
45,1673,1307246400
45,39,1307246400
45,920,1307246400
45,988,1307246400
473,986,1307246400
474,357,1307246400
477,1640,1307246400
478,101,1307246400
478,323,1307246400
478,858,1307246400
478,988,1307246400
50,1667,1307246400
50,784,1307246400
502,533,1307246400
502,716,1307246400
508,102,1307246400
57,109,1307246400
57,323,1307246400
57,407,1307246400
57,65,1307246400
57,664,1307246400
57,716,1307246400
578,35,1307246400
615,2554,1307246400
615,718,1307246400
615,3646,1307246400
617,383,1307246400
617,620,1307246400
620,617,1307246400
620,841,1307246400
65,10,1307246400
65,341,1307246400
674,1013,1307246400
674,183,1307246400
710,10,1307246400
716,57,1307246400
718,615,1307246400
726,28,1307246400
726,538,1307246400
726,3646,1307246400
3515,2014,1307246400
3646,1114,1307246400
3646,1441,1307246400
3646,406,1307246400
3646,57,1307246400
3646,615,1307246400
3675,102,1307246400
3675,536,1307246400
3675,620,1307246400
3675,988,1307246400
774,419,1307246400
781,4,1307246400
784,50,1307246400
858,1008,1307246400
858,478,1307246400
920,45,1307246400
986,167,1307246400
986,473,1307246400
988,45,1307246400
988,478,1307246400
99,2019,1307246400
995,194,1307246400
1008,616,1307332800
1014,183,1307332800
1015,323,1307332800
108,78,1307332800
1084,91,1307332800
109,3616,1307332800
1106,183,1307332800
1106,344,1307332800
1111,406,1307332800
1116,183,1307332800
1116,3646,1307332800
121,578,1307332800
1255,28,1307332800
130,326,1307332800
130,675,1307332800
140,2584,1307332800
1444,311,1307332800
1446,616,1307332800
16,3675,1307332800
1612,273,1307332800
1661,3646,1307332800
1665,3646,1307332800
167,777,1307332800
1677,676,1307332800
169,240,1307332800
183,1014,1307332800
183,1106,1307332800
183,1116,1307332800
183,574,1307332800
183,675,1307332800
1941,76,1307332800
2019,716,1307332800
202,240,1307332800
202,344,1307332800
2029,28,1307332800
210,240,1307332800
252,57,1307332800
2561,35,1307332800
2580,101,1307332800
2580,263,1307332800
2584,140,1307332800
2585,28,1307332800
2590,561,1307332800
2591,540,1307332800
273,1612,1307332800
28,2029,1307332800
28,2585,1307332800
28,50,1307332800
28,514,1307332800
28,580,1307332800
28,675,1307332800
311,1444,1307332800
322,2013,1307332800
323,720,1307332800
324,2023,1307332800
326,130,1307332800
326,341,1307332800
33,540,1307332800
341,326,1307332800
341,3651,1307332800
344,1106,1307332800
344,202,1307332800
357,474,1307332800
383,580,1307332800
406,1111,1307332800
408,48,1307332800
448,1962,1307332800
477,608,1307332800
478,109,1307332800
48,408,1307332800
50,28,1307332800
514,28,1307332800
540,2591,1307332800
540,33,1307332800
561,2590,1307332800
568,925,1307332800
57,252,1307332800
57,3646,1307332800
57,994,1307332800
574,183,1307332800
574,312,1307332800
578,1,1307332800
578,121,1307332800
578,2027,1307332800
578,727,1307332800
580,28,1307332800
580,383,1307332800
608,340,1307332800
608,477,1307332800
616,1008,1307332800
616,1446,1307332800
616,671,1307332800
65,926,1307332800
671,616,1307332800
675,183,1307332800
675,28,1307332800
676,1677,1307332800
712,1676,1307332800
712,727,1307332800
716,2019,1307332800
720,323,1307332800
727,578,1307332800
727,712,1307332800
3616,109,1307332800
3646,1116,1307332800
3651,341,1307332800
3675,16,1307332800
3675,4,1307332800
3675,50,1307332800
76,240,1307332800
777,167,1307332800
78,108,1307332800
925,568,1307332800
994,57,1307332800
1,1248,1307419200
1009,4,1307419200
1010,16,1307419200
1010,4,1307419200
106,167,1307419200
106,561,1307419200
1112,3591,1307419200
1248,1,1307419200
1251,994,1307419200
1259,74,1307419200
1444,3646,1307419200
1449,28,1307419200
1449,911,1307419200
16,1010,1307419200
16,367,1307419200
167,106,1307419200
167,263,1307419200
167,382,1307419200
167,447,1307419200
167,540,1307419200
1670,3646,1307419200
1674,28,1307419200
1674,675,1307419200
1678,4,1307419200
183,1447,1307419200
183,1982,1307419200
1962,448,1307419200
1982,183,1307419200
1982,1993,1307419200
2025,283,1307419200
2030,514,1307419200
2031,476,1307419200
252,727,1307419200
2583,324,1307419200
2592,676,1307419200
2593,504,1307419200
263,167,1307419200
28,1449,1307419200
28,1674,1307419200
283,2025,1307419200
299,3646,1307419200
300,344,1307419200
322,283,1307419200
324,2583,1307419200
344,300,1307419200
367,16,1307419200
382,167,1307419200
385,613,1307419200
4,1010,1307419200
4,626,1307419200
4,859,1307419200
406,202,1307419200
406,3646,1307419200
408,76,1307419200
42,76,1307419200
423,4,1307419200
437,472,1307419200
44,476,1307419200
447,167,1307419200
450,3646,1307419200
474,78,1307419200
476,2031,1307419200
476,44,1307419200
478,3646,1307419200
479,3646,1307419200
504,2593,1307419200
514,2030,1307419200
540,167,1307419200
561,106,1307419200
561,1087,1307419200
574,3646,1307419200
579,619,1307419200
612,616,1307419200
613,385,1307419200
616,612,1307419200
619,579,1307419200
676,2592,1307419200
727,252,1307419200
3591,1112,1307419200
3591,3646,1307419200
3611,3646,1307419200
3646,1260,1307419200
3646,1444,1307419200
3646,1670,1307419200
3646,240,1307419200
3646,299,1307419200
3646,300,1307419200
3646,450,1307419200
3646,478,1307419200
3646,479,1307419200
3646,3611,1307419200
76,408,1307419200
76,42,1307419200
76,911,1307419200
778,1253,1307419200
78,474,1307419200
859,4,1307419200
90,3646,1307419200
911,1449,1307419200
911,76,1307419200
927,2021,1307419200
994,1251,1307419200
1,1117,1307505600
1,2586,1307505600
1,300,1307505600
1008,676,1307505600
1008,677,1307505600
1013,1015,1307505600
1014,1259,1307505600
102,1423,1307505600
102,28,1307505600
102,48,1307505600
109,167,1307505600
109,407,1307505600
109,65,1307505600
11,327,1307505600
1245,169,1307505600
1251,1,1307505600
1253,778,1307505600
1257,2032,1307505600
1257,2587,1307505600
1259,1014,1307505600
1262,541,1307505600
1264,167,1307505600
130,28,1307505600
131,31,1307505600
131,654,1307505600
140,131,1307505600
1409,2597,1307505600
1423,102,1307505600
1432,514,1307505600
1438,3646,1307505600
1451,784,1307505600
1452,3651,1307505600
149,16,1307505600
16,101,1307505600
16,149,1307505600
16,1664,1307505600
16,926,1307505600
1638,167,1307505600
1664,16,1307505600
167,109,1307505600
167,1264,1307505600
167,1638,1307505600
167,183,1307505600
167,328,1307505600
167,33,1307505600
167,369,1307505600
167,541,1307505600
167,619,1307505600
167,3646,1307505600
1675,2032,1307505600
1675,478,1307505600
1676,712,1307505600
1680,342,1307505600
169,1245,1307505600
183,167,1307505600
183,299,1307505600
183,313,1307505600
195,28,1307505600
1955,1956,1307505600
1956,1955,1307505600
1963,1451,1307505600
1968,202,1307505600
1978,1679,1307505600
202,1968,1307505600
202,2598,1307505600
2026,541,1307505600
2032,1257,1307505600
2032,1675,1307505600
2034,369,1307505600
2037,511,1307505600
2037,76,1307505600
2038,480,1307505600
2039,575,1307505600
2040,575,1307505600
2041,217,1307505600
2041,654,1307505600
2042,369,1307505600
2043,89,1307505600
2044,342,1307505600
218,252,1307505600
224,354,1307505600
252,1676,1307505600
252,218,1307505600
2573,923,1307505600
2587,1257,1307505600
2589,283,1307505600
2596,33,1307505600
2598,202,1307505600
2601,328,1307505600
2603,478,1307505600
2604,28,1307505600
273,575,1307505600
28,102,1307505600
28,195,1307505600
28,2604,1307505600
28,408,1307505600
28,76,1307505600
283,2589,1307505600
283,322,1307505600
299,183,1307505600
299,327,1307505600
299,615,1307505600
300,2033,1307505600
313,183,1307505600
313,323,1307505600
313,929,1307505600
323,1015,1307505600
323,313,1307505600
324,616,1307505600
327,11,1307505600
327,299,1307505600
328,167,1307505600
328,2601,1307505600
328,342,1307505600
328,670,1307505600
33,167,1307505600
33,2596,1307505600
342,1680,1307505600
342,2044,1307505600
342,328,1307505600
342,663,1307505600
342,920,1307505600
365,408,1307505600
369,167,1307505600
369,2034,1307505600
369,2042,1307505600
369,675,1307505600
369,89,1307505600
3454,89,1307505600
385,926,1307505600
4,578,1307505600
4,727,1307505600
406,2036,1307505600
408,28,1307505600
408,365,1307505600
408,619,1307505600
443,50,1307505600
478,1675,1307505600
478,2603,1307505600
48,102,1307505600
480,1107,1307505600
480,2038,1307505600
480,76,1307505600
50,443,1307505600
50,912,1307505600
510,1679,1307505600
511,2037,1307505600
511,78,1307505600
514,1432,1307505600
541,1262,1307505600
541,911,1307505600
575,2039,1307505600
575,2040,1307505600
575,273,1307505600
575,616,1307505600
578,4,1307505600
578,860,1307505600
612,676,1307505600
615,299,1307505600
616,324,1307505600
616,575,1307505600
619,167,1307505600
619,408,1307505600
619,84,1307505600
619,862,1307505600
65,109,1307505600
65,862,1307505600
654,131,1307505600
654,2041,1307505600
663,342,1307505600
672,76,1307505600
675,369,1307505600
676,1008,1307505600
676,612,1307505600
677,1008,1307505600
677,929,1307505600
727,4,1307505600
727,994,1307505600
3646,1118,1307505600
3646,1438,1307505600
3646,167,1307505600
3646,385,1307505600
3646,54,1307505600
3646,862,1307505600
3651,1452,1307505600
3666,138,1307505600
3666,183,1307505600
3666,367,1307505600
3666,449,1307505600
76,2037,1307505600
76,28,1307505600
76,480,1307505600
76,619,1307505600
76,672,1307505600
76,678,1307505600
78,511,1307505600
784,1451,1307505600
84,263,1307505600
84,619,1307505600
862,619,1307505600
862,65,1307505600
862,3646,1307505600
89,2043,1307505600
89,369,1307505600
89,3454,1307505600
91,1084,1307505600
911,541,1307505600
912,50,1307505600
918,343,1307505600
920,342,1307505600
923,2573,1307505600
926,16,1307505600
926,385,1307505600
929,313,1307505600
929,677,1307505600
994,727,1307505600
10,37,1307592000
1000,509,1307592000
1011,784,1307592000
1014,444,1307592000
108,1456,1307592000
108,2005,1307592000
108,2610,1307592000
109,449,1307592000
1118,3646,1307592000
1118,77,1307592000
1118,864,1307592000
1119,3646,1307592000
1121,275,1307592000
1218,2608,1307592000
1224,514,1307592000
1249,313,1307592000
1249,478,1307592000
1249,3591,1307592000
1251,343,1307592000
1260,541,1307592000
1260,3646,1307592000
1265,448,1307592000
1437,3646,1307592000
1450,328,1307592000
1450,407,1307592000
1450,6,1307592000
1450,786,1307592000
1455,28,1307592000
1455,3646,1307592000
1456,108,1307592000
1456,23,1307592000
153,858,1307592000
16,2003,1307592000
16,54,1307592000
1627,475,1307592000
1628,40,1307592000
1638,1255,1307592000
1638,327,1307592000
1647,226,1307592000
1650,3646,1307592000
167,45,1307592000
1676,252,1307592000
1681,3646,1307592000
1683,275,1307592000
195,2606,1307592000
195,275,1307592000
195,408,1307592000
195,50,1307592000
195,541,1307592000
195,675,1307592000
195,864,1307592000
2003,16,1307592000
2005,108,1307592000
2005,240,1307592000
2009,620,1307592000
2045,514,1307592000
2046,76,1307592000
2048,444,1307592000
2049,3646,1307592000
2050,678,1307592000
226,1647,1307592000
240,169,1307592000
240,2005,1307592000
240,202,1307592000
240,210,1307592000
240,2524,1307592000
240,408,1307592000
240,3646,1307592000
240,76,1307592000
2524,240,1307592000
2579,42,1307592000
2586,1,1307592000
2595,57,1307592000
2599,786,1307592000
2602,28,1307592000
2606,195,1307592000
2607,3646,1307592000
2610,108,1307592000
273,671,1307592000
273,97,1307592000
275,1121,1307592000
275,1683,1307592000
275,195,1307592000
275,864,1307592000
28,1455,1307592000
28,2602,1307592000
28,3646,1307592000
300,2047,1307592000
300,481,1307592000
312,2,1307592000
312,37,1307592000
312,4,1307592000
312,45,1307592000
312,715,1307592000
312,74,1307592000
313,1249,1307592000
313,408,1307592000
327,1638,1307592000
327,328,1307592000
327,344,1307592000
328,1450,1307592000
328,408,1307592000
343,1251,1307592000
344,327,1307592000
37,10,1307592000
384,119,1307592000
385,3646,1307592000
4,2024,1307592000
406,28,1307592000
408,138,1307592000
408,195,1307592000
408,240,1307592000
408,313,1307592000
408,328,1307592000
408,467,1307592000
408,6,1307592000
408,622,1307592000
408,3646,1307592000
42,932,1307592000
444,1014,1307592000
444,1928,1307592000
444,2048,1307592000
444,927,1307592000
448,1265,1307592000
449,109,1307592000
467,408,1307592000
475,1627,1307592000
475,48,1307592000
478,1249,1307592000
480,3646,1307592000
481,102,1307592000
50,195,1307592000
514,1224,1307592000
514,2045,1307592000
514,441,1307592000
54,16,1307592000
541,1260,1307592000
541,195,1307592000
57,2552,1307592000
57,2595,1307592000
6,1450,1307592000
6,408,1307592000
620,2009,1307592000
622,408,1307592000
623,3646,1307592000
671,273,1307592000
675,195,1307592000
675,3646,1307592000
676,919,1307592000
676,925,1307592000
678,2050,1307592000
3591,1249,1307592000
3646,1119,1307592000
3646,1437,1307592000
3646,1455,1307592000
3646,1650,1307592000
3646,1681,1307592000
3646,183,1307592000
3646,2049,1307592000
3646,2607,1307592000
3646,275,1307592000
3646,28,1307592000
3646,354,1307592000
3646,386,1307592000
3646,408,1307592000
3646,480,1307592000
3646,623,1307592000
3646,675,1307592000
3646,78,1307592000
3646,785,1307592000
3646,853,1307592000
3646,90,1307592000
3666,16,1307592000
76,2046,1307592000
784,1011,1307592000
784,444,1307592000
784,3646,1307592000
785,3646,1307592000
786,2599,1307592000
786,282,1307592000
786,65,1307592000
786,916,1307592000
853,3646,1307592000
860,578,1307592000
864,1118,1307592000
864,195,1307592000
864,275,1307592000
916,65,1307592000
916,786,1307592000
925,676,1307592000
927,444,1307592000
97,273,1307592000
10,840,1307678400
1012,1257,1307678400
1012,2600,1307678400
102,109,1307678400
109,102,1307678400
1117,620,1307678400
1119,275,1307678400
1119,532,1307678400
1122,341,1307678400
1122,541,1307678400
119,322,1307678400
1237,28,1307678400
1246,450,1307678400
1246,3646,1307678400
1249,28,1307678400
1249,78,1307678400
1249,863,1307678400
1257,1012,1307678400
1257,218,1307678400
1266,282,1307678400
131,1453,1307678400
1441,3646,1307678400
1453,131,1307678400
153,226,1307678400
153,2609,1307678400
153,931,1307678400
155,366,1307678400
1603,2054,1307678400
1605,74,1307678400
167,1655,1307678400
168,323,1307678400
1683,444,1307678400
1684,3454,1307678400
175,368,1307678400
181,2012,1307678400
181,237,1307678400
181,2611,1307678400
2007,33,1307678400
2012,181,1307678400
2031,28,1307678400
2043,3646,1307678400
2051,78,1307678400
2054,1603,1307678400
218,1257,1307678400
223,624,1307678400
226,153,1307678400
237,181,1307678400
2583,282,1307678400
2609,153,1307678400
2611,181,1307678400
2612,678,1307678400
275,1119,1307678400
275,1262,1307678400
275,28,1307678400
275,679,1307678400
28,1249,1307678400
28,1255,1307678400
28,2028,1307678400
28,2031,1307678400
28,275,1307678400
28,670,1307678400
28,89,1307678400
282,1266,1307678400
282,724,1307678400
323,168,1307678400
33,2007,1307678400
341,1122,1307678400
343,918,1307678400
356,405,1307678400
356,466,1307678400
356,624,1307678400
356,3646,1307678400
368,175,1307678400
3454,3643,1307678400
380,148,1307678400
39,924,1307678400
404,620,1307678400
426,3517,1307678400
445,3646,1307678400
466,356,1307678400
475,2,1307678400
532,1119,1307678400
541,1122,1307678400
575,849,1307678400
608,921,1307678400
620,1117,1307678400
620,404,1307678400
657,924,1307678400
670,28,1307678400
671,862,1307678400
674,3646,1307678400
678,2612,1307678400
678,3504,1307678400
678,930,1307678400
679,275,1307678400
679,384,1307678400
679,863,1307678400
3517,426,1307678400
3643,3454,1307678400
3643,619,1307678400
3646,1246,1307678400
3646,2043,1307678400
3646,674,1307678400
77,1118,1307678400
77,40,1307678400
77,78,1307678400
78,1249,1307678400
78,2051,1307678400
78,77,1307678400
780,571,1307678400
840,10,1307678400
862,671,1307678400
863,1249,1307678400
863,181,1307678400
863,679,1307678400
921,608,1307678400
930,678,1307678400
931,153,1307678400
1,1251,1307764800
109,931,1307764800
1120,28,1307764800
1120,619,1307764800
1121,387,1307764800
1122,254,1307764800
1249,570,1307764800
1249,785,1307764800
1261,994,1307764800
132,45,1307764800
132,89,1307764800
1417,622,1307764800
1450,28,1307764800
1453,89,1307764800
1638,617,1307764800
1686,2621,1307764800
1686,678,1307764800
1687,716,1307764800
1688,619,1307764800
169,1682,1307764800
181,356,1307764800
201,39,1307764800
2017,4,1307764800
202,620,1307764800
2033,89,1307764800
2045,1680,1307764800
2045,303,1307764800
2052,283,1307764800
2055,359,1307764800
2056,359,1307764800
2057,359,1307764800
2058,359,1307764800
2059,359,1307764800
2060,359,1307764800
2061,359,1307764800
2062,359,1307764800
218,994,1307764800
223,1997,1307764800
2481,384,1307764800
254,1120,1307764800
254,1122,1307764800
254,1458,1307764800
254,2620,1307764800
254,28,1307764800
254,322,1307764800
254,339,1307764800
254,677,1307764800
254,89,1307764800
2599,387,1307764800
2616,359,1307764800
2617,359,1307764800
2620,28,1307764800
2621,1686,1307764800
2622,406,1307764800
2623,89,1307764800
28,1450,1307764800
28,406,1307764800
28,857,1307764800
28,931,1307764800
282,387,1307764800
282,786,1307764800
283,119,1307764800
283,2052,1307764800
302,89,1307764800
303,2045,1307764800
322,254,1307764800
322,28,1307764800
327,28,1307764800
339,254,1307764800
339,671,1307764800
359,2055,1307764800
359,2056,1307764800
359,2057,1307764800
359,2058,1307764800
359,2059,1307764800
359,2060,1307764800
359,2061,1307764800
359,2062,1307764800
359,2616,1307764800
359,2617,1307764800
359,3591,1307764800
3454,931,1307764800
384,679,1307764800
387,1121,1307764800
387,282,1307764800
39,201,1307764800
3455,35,1307764800
4,2017,1307764800
401,28,1307764800
406,2622,1307764800
42,863,1307764800
45,132,1307764800
475,282,1307764800
48,89,1307764800
563,313,1307764800
571,780,1307764800
608,44,1307764800
617,1638,1307764800
619,1120,1307764800
620,202,1307764800
622,1417,1307764800
671,339,1307764800
677,28,1307764800
678,1686,1307764800
678,76,1307764800
3591,359,1307764800
3625,39,1307764800
3643,28,1307764800
785,1249,1307764800
857,28,1307764800
863,42,1307764800
89,132,1307764800
89,1453,1307764800
89,254,1307764800
89,2623,1307764800
89,28,1307764800
89,302,1307764800
89,48,1307764800
89,931,1307764800
931,109,1307764800
931,28,1307764800
931,3454,1307764800
931,89,1307764800
994,1261,1307764800
994,218,1307764800
1117,254,1307851200
1117,28,1307851200
1117,480,1307851200
1120,1267,1307851200
1120,3571,1307851200
1258,76,1307851200
1267,1120,1307851200
1267,28,1307851200
1267,89,1307851200
131,140,1307851200
132,201,1307851200
159,10,1307851200
1625,2067,1307851200
1653,2627,1307851200
1660,619,1307851200
1673,853,1307851200
1688,384,1307851200
1690,254,1307851200
1937,340,1307851200
201,132,1307851200
2064,254,1307851200
2064,28,1307851200
2065,1,1307851200
2065,480,1307851200
2067,1625,1307851200
21,28,1307851200
252,3636,1307851200
254,1117,1307851200
254,1267,1307851200
254,1690,1307851200
254,2064,1307851200
254,21,1307851200
254,654,1307851200
254,3532,1307851200
254,76,1307851200
2552,1,1307851200
2552,57,1307851200
2625,89,1307851200
2626,76,1307851200
2627,1653,1307851200
2628,89,1307851200
2629,863,1307851200
303,678,1307851200
313,563,1307851200
4,381,1307851200
4,84,1307851200
404,785,1307851200
406,89,1307851200
42,63,1307851200
424,1437,1307851200
45,865,1307851200
480,1117,1307851200
480,2065,1307851200
619,1660,1307851200
63,42,1307851200
65,84,1307851200
654,254,1307851200
668,312,1307851200
677,914,1307851200
678,303,1307851200
716,1687,1307851200
3532,28,1307851200
3625,480,1307851200
3643,2048,1307851200
76,1258,1307851200
76,2626,1307851200
76,339,1307851200
76,84,1307851200
784,312,1307851200
785,404,1307851200
84,65,1307851200
84,76,1307851200
84,863,1307851200
853,1673,1307851200
863,2629,1307851200
863,783,1307851200
863,84,1307851200
865,45,1307851200
865,580,1307851200
89,1267,1307851200
89,2625,1307851200
89,2628,1307851200
89,406,1307851200
914,677,1307851200
932,23,1307851200
932,42,1307851200
11,131,1307937600
1114,385,1307937600
1257,1251,1307937600
130,404,1307937600
131,11,1307937600
140,216,1307937600
1402,2635,1307937600
1437,1451,1307937600
153,2639,1307937600
153,515,1307937600
1690,89,1307937600
181,2618,1307937600
1957,39,1307937600
2009,254,1307937600
202,935,1307937600
2069,195,1307937600
2069,254,1307937600
2070,39,1307937600
236,934,1307937600
252,723,1307937600
254,2009,1307937600
254,2069,1307937600
254,610,1307937600
254,3591,1307937600
2618,181,1307937600
2637,57,1307937600
2639,153,1307937600
28,1117,1307937600
28,2064,1307937600
28,327,1307937600
340,1937,1307937600
340,608,1307937600
344,480,1307937600
344,788,1307937600
356,4,1307937600
357,57,1307937600
385,1114,1307937600
39,2070,1307937600
39,515,1307937600
4,148,1307937600
4,356,1307937600
401,75,1307937600
403,935,1307937600
426,515,1307937600
467,65,1307937600
480,344,1307937600
515,153,1307937600
515,39,1307937600
57,2637,1307937600
619,1688,1307937600
65,467,1307937600
671,28,1307937600
677,282,1307937600
723,252,1307937600
3591,195,1307937600
75,401,1307937600
788,344,1307937600
89,1690,1307937600
934,236,1307937600
935,202,1307937600
935,403,1307937600
1,2605,1308024000
1,2619,1308024000
1124,863,1308024000
1124,865,1308024000
130,785,1308024000
131,863,1308024000
1443,1084,1308024000
1450,2050,1308024000
1451,2644,1308024000
1458,254,1308024000
1458,28,1308024000
1460,65,1308024000
1688,275,1308024000
1693,2,1308024000
1693,577,1308024000
181,130,1308024000
181,863,1308024000
195,254,1308024000
1989,2613,1308024000
2,1693,1308024000
202,2636,1308024000
202,303,1308024000
202,785,1308024000
2068,863,1308024000
2072,785,1308024000
226,1989,1308024000
239,2642,1308024000
254,195,1308024000
2613,1989,1308024000
2642,239,1308024000
2643,536,1308024000
2644,1451,1308024000
2645,622,1308024000
272,45,1308024000
275,1688,1308024000
275,3612,1308024000
302,403,1308024000
303,202,1308024000
324,2035,1308024000
366,403,1308024000
39,785,1308024000
403,302,1308024000
403,366,1308024000
45,272,1308024000
477,577,1308024000
515,150,1308024000
536,2614,1308024000
536,2643,1308024000
540,863,1308024000
57,357,1308024000
577,477,1308024000
577,614,1308024000
580,865,1308024000
614,577,1308024000
619,515,1308024000
622,2645,1308024000
65,1460,1308024000
65,57,1308024000
667,780,1308024000
3612,275,1308024000
3612,3533,1308024000
3612,3534,1308024000
3612,3547,1308024000
3612,3652,1308024000
3652,3533,1308024000
3652,3542,1308024000
3652,3612,1308024000
3652,3655,1308024000
76,130,1308024000
78,785,1308024000
780,667,1308024000
785,130,1308024000
785,202,1308024000
785,2072,1308024000
785,78,1308024000
84,4,1308024000
854,1652,1308024000
863,1124,1308024000
863,131,1308024000
863,2068,1308024000
863,540,1308024000
865,1124,1308024000
1084,1443,1308110400
1124,3517,1308110400
153,1692,1308110400
153,4,1308110400
1692,153,1308110400
183,2046,1308110400
1939,65,1308110400
2068,614,1308110400
2069,926,1308110400
239,728,1308110400
2508,57,1308110400
2600,1012,1308110400
2615,728,1308110400
2646,624,1308110400
2649,667,1308110400
272,2647,1308110400
272,65,1308110400
344,677,1308110400
4,1445,1308110400
4,153,1308110400
404,130,1308110400
404,2648,1308110400
57,2508,1308110400
6,3548,1308110400
614,272,1308110400
624,2646,1308110400
624,79,1308110400
65,1939,1308110400
667,2649,1308110400
677,344,1308110400
728,239,1308110400
728,2615,1308110400
3517,1124,1308110400
926,2069,1308110400
1,2065,1308196800
101,1461,1308196800
1011,76,1308196800
1109,504,1308196800
1115,1692,1308196800
1126,930,1308196800
1251,1257,1308196800
1443,218,1308196800
1461,101,1308196800
1462,3517,1308196800
150,515,1308196800
1692,1115,1308196800
181,510,1308196800
2,113,1308196800
2,23,1308196800
2,250,1308196800
2,271,1308196800
2,40,1308196800
2,471,1308196800
2,767,1308196800
2,91,1308196800
2009,610,1308196800
2068,541,1308196800
2077,515,1308196800
218,1443,1308196800
2640,622,1308196800
2648,404,1308196800
299,614,1308196800
299,785,1308196800
365,541,1308196800
42,270,1308196800
475,724,1308196800
504,1109,1308196800
507,583,1308196800
509,1000,1308196800
510,181,1308196800
515,2077,1308196800
541,365,1308196800
577,1693,1308196800
583,507,1308196800
614,299,1308196800
622,2640,1308196800
65,2,1308196800
3517,1462,1308196800
3548,6,1308196800
75,16,1308196800
3646,10,1308196800
3646,272,1308196800
76,1011,1308196800
785,299,1308196800
930,1126,1308196800
99,2624,1308196800
100,1694,1308283200
1012,1689,1308283200
131,721,1308283200
132,2653,1308283200
140,65,1308283200
140,671,1308283200
1404,65,1308283200
150,2,1308283200
150,235,1308283200
150,581,1308283200
150,3636,1308283200
153,864,1308283200
155,79,1308283200
1638,366,1308283200
167,2659,1308283200
167,357,1308283200
1686,2662,1308283200
1689,1012,1308283200
1694,100,1308283200
2,150,1308283200
2065,2660,1308283200
2071,65,1308283200
2658,514,1308283200
2662,1686,1308283200
303,76,1308283200
357,167,1308283200
366,155,1308283200
366,1638,1308283200
450,84,1308283200
514,2658,1308283200
514,440,1308283200
541,2026,1308283200
570,1249,1308283200
65,140,1308283200
65,1404,1308283200
65,2071,1308283200
671,140,1308283200
721,131,1308283200
785,39,1308283200
84,450,1308283200
864,153,1308283200
88,129,1308283200
108,1683,1308369600
108,2663,1308369600
108,300,1308369600
11,777,1308369600
1428,78,1308369600
1460,303,1308369600
1462,3634,1308369600
1683,108,1308369600
1683,155,1308369600
2071,541,1308369600
2076,239,1308369600
239,2076,1308369600
2659,167,1308369600
2662,3646,1308369600
2663,108,1308369600
300,108,1308369600
303,1460,1308369600
303,622,1308369600
312,33,1308369600
312,574,1308369600
33,312,1308369600
382,777,1308369600
39,4,1308369600
541,2071,1308369600
622,303,1308369600
677,529,1308369600
3634,1462,1308369600
777,11,1308369600
777,382,1308369600
78,1428,1308369600
79,155,1308369600
79,57,1308369600
79,624,1308369600
1001,39,1308456000
1001,580,1308456000
1096,1696,1308456000
1236,55,1308456000
1404,368,1308456000
1642,252,1308456000
1696,1096,1308456000
1698,2082,1308456000
1698,2666,1308456000
2082,1698,1308456000
2082,476,1308456000
2506,1666,1308456000
252,1642,1308456000
2666,1698,1308456000
2668,368,1308456000
303,612,1308456000
368,1404,1308456000
368,2668,1308456000
39,1001,1308456000
476,2082,1308456000
529,677,1308456000
532,2665,1308456000
612,303,1308456000
97,919,1308456000
97,925,1308456000
99,716,1308456000
10,1078,1308542400
101,42,1308542400
1078,10,1308542400
1120,447,1308542400
1269,20,1308542400
1269,42,1308542400
140,168,1308542400
1461,6,1308542400
1462,2084,1308542400
1463,2083,1308542400
155,217,1308542400
1654,226,1308542400
1665,91,1308542400
168,140,1308542400
1697,2655,1308542400
1697,3646,1308542400
1697,79,1308542400
1700,79,1308542400
20,1269,1308542400
2084,1462,1308542400
226,1654,1308542400
265,77,1308542400
2655,1697,1308542400
2669,275,1308542400
2670,79,1308542400
2675,2084,1308542400
2675,79,1308542400
275,2669,1308542400
325,388,1308542400
388,325,1308542400
42,101,1308542400
42,1269,1308542400
3458,867,1308542400
477,867,1308542400
57,583,1308542400
57,79,1308542400
6,1461,1308542400
680,3646,1308542400
77,265,1308542400
79,1697,1308542400
79,2670,1308542400
79,2675,1308542400
867,3458,1308542400
867,477,1308542400
91,1665,1308542400
10,1018,1308628800
10,1702,1308628800
10,482,1308628800
1018,10,1308628800
1018,79,1308628800
106,2041,1308628800
1103,2081,1308628800
1263,74,1308628800
1269,2085,1308628800
1269,2674,1308628800
1269,622,1308628800
150,680,1308628800
169,3646,1308628800
1700,2671,1308628800
1702,10,1308628800
18,79,1308628800
2041,106,1308628800
2074,1252,1308628800
2074,216,1308628800
2085,1269,1308628800
2086,79,1308628800
216,2074,1308628800
239,667,1308628800
2555,2067,1308628800
2555,426,1308628800
2654,79,1308628800
2672,79,1308628800
2674,1269,1308628800
2678,79,1308628800
2683,79,1308628800
380,676,1308628800
426,2555,1308628800
426,3610,1308628800
45,564,1308628800
482,10,1308628800
564,45,1308628800
583,57,1308628800
622,1269,1308628800
667,239,1308628800
676,380,1308628800
74,1017,1308628800
74,1259,1308628800
74,1263,1308628800
74,1448,1308628800
74,2,1308628800
3610,426,1308628800
3646,680,1308628800
76,1941,1308628800
76,303,1308628800
79,1018,1308628800
79,1700,1308628800
79,18,1308628800
79,2086,1308628800
79,2654,1308628800
79,2672,1308628800
79,2678,1308628800
79,2683,1308628800
1001,403,1308715200
1017,1448,1308715200
121,2684,1308715200
140,680,1308715200
1446,303,1308715200
1448,1017,1308715200
1448,1605,1308715200
1448,74,1308715200
1656,2089,1308715200
1656,729,1308715200
1699,479,1308715200
1703,18,1308715200
1703,2088,1308715200
1705,2089,1308715200
18,1703,1308715200
18,2086,1308715200
18,866,1308715200
2083,1463,1308715200
2086,18,1308715200
2089,1656,1308715200
2089,1705,1308715200
226,1252,1308715200
2661,328,1308715200
2680,303,1308715200
2684,121,1308715200
2685,76,1308715200
303,1446,1308715200
303,2680,1308715200
328,2661,1308715200
328,90,1308715200
380,777,1308715200
403,1001,1308715200
479,1699,1308715200
57,2656,1308715200
57,614,1308715200
57,75,1308715200
614,57,1308715200
680,1018,1308715200
680,140,1308715200
680,150,1308715200
729,1656,1308715200
729,2087,1308715200
3516,1701,1308715200
75,57,1308715200
76,2685,1308715200
76,97,1308715200
777,380,1308715200
79,863,1308715200
863,368,1308715200
863,79,1308715200
865,1252,1308715200
866,18,1308715200
90,328,1308715200
97,76,1308715200
1018,680,1308801600
1018,730,1308801600
1252,226,1308801600
1252,865,1308801600
1256,866,1308801600
131,680,1308801600
146,541,1308801600
1466,562,1308801600
153,482,1308801600
1627,541,1308801600
175,300,1308801600
175,65,1308801600
20,730,1308801600
226,730,1308801600
226,865,1308801600
226,933,1308801600
2656,57,1308801600
2671,1700,1308801600
2688,79,1308801600
300,175,1308801600
303,387,1308801600
37,1019,1308801600
387,303,1308801600
447,1120,1308801600
482,153,1308801600
541,146,1308801600
541,1627,1308801600
562,1466,1308801600
65,175,1308801600
680,131,1308801600
730,1018,1308801600
730,20,1308801600
730,226,1308801600
730,866,1308801600
76,853,1308801600
79,2688,1308801600
853,76,1308801600
865,226,1308801600
866,1256,1308801600
866,1656,1308801600
866,730,1308801600
933,226,1308801600
1086,2689,1308888000
11,154,1308888000
1120,79,1308888000
1235,2691,1308888000
1250,1467,1308888000
132,28,1308888000
1466,936,1308888000
1467,1250,1308888000
150,226,1308888000
153,154,1308888000
154,153,1308888000
154,403,1308888000
1638,541,1308888000
1704,2692,1308888000
1704,79,1308888000
226,150,1308888000
239,1464,1308888000
2630,39,1308888000
2689,1086,1308888000
2691,1235,1308888000
2692,1704,1308888000
28,132,1308888000
300,542,1308888000
303,403,1308888000
303,784,1308888000
384,541,1308888000
39,2630,1308888000
403,154,1308888000
403,303,1308888000
541,1638,1308888000
541,384,1308888000
542,300,1308888000
730,79,1308888000
784,303,1308888000
79,1120,1308888000
79,1704,1308888000
79,730,1308888000
936,1466,1308888000
1001,132,1308974400
1018,622,1308974400
11,79,1308974400
1111,132,1308974400
1235,1701,1308974400
132,1001,1308974400
132,1111,1308974400
132,75,1308974400
140,1649,1308974400
1649,140,1308974400
1701,1235,1308974400
1701,3516,1308974400
18,2693,1308974400
18,729,1308974400
2693,18,1308974400
28,314,1308974400
314,28,1308974400
314,355,1308974400
314,668,1308974400
314,79,1308974400
355,314,1308974400
406,721,1308974400
481,628,1308974400
583,628,1308974400
622,1018,1308974400
628,481,1308974400
628,583,1308974400
628,789,1308974400
668,314,1308974400
668,926,1308974400
721,406,1308974400
729,18,1308974400
75,132,1308974400
79,314,1308974400
79,926,1308974400
926,668,1308974400
926,79,1308974400
1271,18,1309060800
131,380,1309060800
132,1703,1309060800
1464,239,1309060800
1468,155,1309060800
1468,729,1309060800
1468,79,1309060800
1703,132,1309060800
18,1271,1309060800
18,2091,1309060800
2,424,1309060800
2087,729,1309060800
2087,79,1309060800
2091,18,1309060800
2091,79,1309060800
2092,79,1309060800
2092,866,1309060800
21,580,1309060800
2694,79,1309060800
314,76,1309060800
380,131,1309060800
380,668,1309060800
380,79,1309060800
4,583,1309060800
424,2,1309060800
580,1001,1309060800
580,21,1309060800
583,4,1309060800
668,380,1309060800
729,1468,1309060800
76,314,1309060800
79,1468,1309060800
79,2087,1309060800
79,2091,1309060800
79,2092,1309060800
79,2694,1309060800
79,380,1309060800
79,42,1309060800
866,2092,1309060800
1,1445,1309147200
11,187,1309147200
1273,1695,1309147200
1445,4,1309147200
1467,866,1309147200
187,42,1309147200
226,1273,1309147200
226,75,1309147200
384,79,1309147200
384,866,1309147200
42,187,1309147200
75,226,1309147200
75,76,1309147200
76,75,1309147200
79,384,1309147200
866,1467,1309147200
866,314,1309147200
866,384,1309147200
925,97,1309147200
1021,2027,1309233600
1123,2063,1309233600
1123,2095,1309233600
1271,314,1309233600
1271,65,1309233600
1273,481,1309233600
1273,79,1309233600
137,2094,1309233600
1695,1273,1309233600
2027,1021,1309233600
2063,1123,1309233600
2094,137,1309233600
2095,1123,1309233600
231,514,1309233600
231,3505,1309233600
2664,314,1309233600
28,37,1309233600
314,1271,1309233600
314,2664,1309233600
314,481,1309233600
37,28,1309233600
37,314,1309233600
39,137,1309233600
401,715,1309233600
3456,627,1309233600
481,1273,1309233600
481,314,1309233600
514,231,1309233600
627,3456,1309233600
627,715,1309233600
65,1271,1309233600
715,401,1309233600
715,627,1309233600
79,11,1309233600
79,1273,1309233600
79,937,1309233600
854,680,1309233600
89,90,1309233600
90,89,1309233600
937,79,1309233600
1,1261,1309320000
1,76,1309320000
10,664,1309320000
11,3505,1309320000
1123,298,1309320000
1125,314,1309320000
1125,39,1309320000
117,4,1309320000
117,437,1309320000
1261,1,1309320000
1275,936,1309320000
1461,2073,1309320000
150,863,1309320000
2073,1461,1309320000
2081,1103,1309320000
2682,65,1309320000
298,1123,1309320000
312,668,1309320000
312,784,1309320000
314,1125,1309320000
314,37,1309320000
37,3636,1309320000
39,1125,1309320000
39,314,1309320000
4,117,1309320000
4,302,1309320000
4,510,1309320000
437,117,1309320000
510,4,1309320000
570,863,1309320000
581,150,1309320000
65,2682,1309320000
664,10,1309320000
3548,863,1309320000
76,1,1309320000
863,150,1309320000
863,570,1309320000
863,3548,1309320000
936,1275,1309320000
11,408,1309406400
1259,99,1309406400
140,155,1309406400
140,406,1309406400
155,140,1309406400
18,57,1309406400
1989,2697,1309406400
2696,76,1309406400
283,1454,1309406400
314,90,1309406400
39,408,1309406400
39,76,1309406400
4,39,1309406400
408,11,1309406400
408,39,1309406400
408,986,1309406400
76,2696,1309406400
76,39,1309406400
90,314,1309406400
986,408,1309406400
1123,671,1309492800
132,1705,1309492800
1453,155,1309492800
1453,408,1309492800
155,1453,1309492800
1705,132,1309492800
283,314,1309492800
314,283,1309492800
314,451,1309492800
33,408,1309492800
406,344,1309492800
408,1453,1309492800
408,33,1309492800
408,542,1309492800
408,77,1309492800
451,314,1309492800
542,408,1309492800
57,2093,1309492800
574,857,1309492800
665,923,1309492800
671,1123,1309492800
77,408,1309492800
857,574,1309492800
933,426,1309492800
1131,731,1309579200
132,504,1309579200
1605,1448,1309579200
2093,57,1309579200
217,516,1309579200
253,89,1309579200
272,217,1309579200
475,97,1309579200
504,132,1309579200
516,217,1309579200
731,1131,1309579200
731,3505,1309579200
3505,11,1309579200
3505,28,1309579200
3505,731,1309579200
3505,3572,1309579200
3572,3505,1309579200
3634,938,1309579200
89,253,1309579200
938,3634,1309579200
97,475,1309579200
1,1129,1309665600
1,2695,1309665600
1129,1,1309665600
1695,403,1309665600
1702,4,1309665600
4,1702,1309665600
403,1695,1309665600
403,2699,1309665600
789,628,1309665600
89,2096,1309665600
1,1413,1309752000
1011,90,1309752000
11,1116,1309752000
11,253,1309752000
1116,11,1309752000
132,1427,1309752000
132,2701,1309752000
1427,132,1309752000
1427,150,1309752000
1427,1696,1309752000
1445,1,1309752000
1454,283,1309752000
150,1427,1309752000
1696,1427,1309752000
1708,1,1309752000
1708,89,1309752000
18,860,1309752000
2097,89,1309752000
253,11,1309752000
2701,132,1309752000
48,516,1309752000
516,48,1309752000
516,89,1309752000
680,2094,1309752000
680,854,1309752000
3505,231,1309752000
860,18,1309752000
89,1708,1309752000
89,2097,1309752000
89,516,1309752000
90,1011,1309752000
933,934,1309752000
934,933,1309752000
1,2687,1309838400
100,365,1309838400
1464,2676,1309838400
2096,365,1309838400
2477,1226,1309838400
2676,1464,1309838400
2704,664,1309838400
48,3515,1309838400
629,89,1309838400
664,2704,1309838400
729,39,1309838400
3515,48,1309838400
89,629,1309838400
132,90,1309924800
1440,77,1309924800
175,1965,1309924800
1965,175,1309924800
2099,859,1309924800
226,581,1309924800
2681,580,1309924800
2687,1,1309924800
302,4,1309924800
33,48,1309924800
48,33,1309924800
516,314,1309924800
580,2681,1309924800
580,2705,1309924800
581,226,1309924800
77,1440,1309924800
859,2099,1309924800
865,274,1309924800
90,132,1309924800
1130,33,1310011200
1130,3634,1310011200
1264,4,1310011200
1701,682,1310011200
1706,97,1310011200
2703,859,1310011200
2705,580,1310011200
33,1130,1310011200
365,100,1310011200
365,2096,1310011200
4,1264,1310011200
406,140,1310011200
423,187,1310011200
44,77,1310011200
516,77,1310011200
516,90,1310011200
660,77,1310011200
682,1701,1310011200
3634,1130,1310011200
77,44,1310011200
77,516,1310011200
77,660,1310011200
77,853,1310011200
853,77,1310011200
859,2703,1310011200
90,516,1310011200
97,1706,1310011200
1,1708,1310097600
1,2700,1310097600
1276,39,1310097600
140,47,1310097600
150,47,1310097600
1638,77,1310097600
1695,231,1310097600
226,514,1310097600
231,1695,1310097600
28,3505,1310097600
39,1276,1310097600
47,150,1310097600
515,426,1310097600
77,1638,1310097600
77,857,1310097600
857,77,1310097600
1276,542,1310184000
1276,664,1310184000
1454,55,1310184000
17,516,1310184000
2038,90,1310184000
403,77,1310184000
47,140,1310184000
48,542,1310184000
48,77,1310184000
516,17,1310184000
542,1276,1310184000
542,48,1310184000
573,859,1310184000
664,1276,1310184000
77,403,1310184000
77,48,1310184000
859,573,1310184000
90,2038,1310184000
1132,132,1310270400
1132,79,1310270400
132,1132,1310270400
137,253,1310270400
1691,17,1310270400
17,1691,1310270400
17,580,1310270400
17,680,1310270400
17,77,1310270400
1989,17,1310270400
2101,79,1310270400
253,137,1310270400
2667,77,1310270400
39,274,1310270400
438,121,1310270400
55,1236,1310270400
55,1454,1310270400
580,17,1310270400
680,17,1310270400
712,1,1310270400
712,194,1310270400
77,140,1310270400
77,17,1310270400
77,2667,1310270400
79,1132,1310270400
79,2101,1310270400
1129,1440,1310356800
1276,79,1310356800
137,2,1310356800
1440,1129,1310356800
2100,665,1310356800
2530,79,1310356800
65,155,1310356800
665,2100,1310356800
682,939,1310356800
76,77,1310356800
77,76,1310356800
79,1133,1310356800
79,1276,1310356800
79,2530,1310356800
939,682,1310356800
121,438,1310443200
137,39,1310443200
240,39,1310443200
2708,79,1310443200
343,1012,1310443200
39,240,1310443200
39,3659,1310443200
543,78,1310443200
726,790,1310443200
3581,3580,1310443200
78,543,1310443200
79,2708,1310443200
109,866,1310529600
1132,78,1310529600
150,1685,1310529600
155,853,1310529600
1685,150,1310529600
1694,657,1310529600
217,39,1310529600
386,732,1310529600
39,217,1310529600
405,79,1310529600
580,79,1310529600
629,657,1310529600
657,1694,1310529600
657,629,1310529600
682,732,1310529600
682,938,1310529600
732,386,1310529600
732,682,1310529600
3659,39,1310529600
78,1132,1310529600
79,2706,1310529600
79,405,1310529600
79,580,1310529600
790,726,1310529600
853,155,1310529600
866,109,1310529600
938,682,1310529600
131,77,1310616000
131,938,1310616000
154,231,1310616000
18,2710,1310616000
2102,231,1310616000
231,154,1310616000
231,2102,1310616000
231,26,1310616000
26,155,1310616000
26,231,1310616000
2710,18,1310616000
39,231,1310616000
4,26,1310616000
4,2709,1310616000
541,732,1310616000
732,541,1310616000
732,79,1310616000
77,131,1310616000
79,732,1310616000
938,131,1310616000
988,629,1310616000
1021,132,1310702400
1021,26,1310702400
11,77,1310702400
131,90,1310702400
132,1021,1310702400
132,26,1310702400
132,384,1310702400
132,77,1310702400
26,1021,1310702400
26,132,1310702400
514,226,1310702400
570,90,1310702400
77,11,1310702400
77,132,1310702400
77,938,1310702400
90,131,1310702400
90,570,1310702400
938,77,1310702400
131,1404,1310788800
132,938,1310788800
1404,131,1310788800
231,132,1310788800
231,77,1310788800
447,732,1310788800
72,132,1310788800
732,447,1310788800
77,231,1310788800
938,132,1310788800
1133,78,1310875200
131,791,1310875200
1465,78,1310875200
155,65,1310875200
175,90,1310875200
231,4,1310875200
231,48,1310875200
2706,79,1310875200
405,90,1310875200
48,231,1310875200
629,2088,1310875200
78,1133,1310875200
78,1465,1310875200
90,175,1310875200
90,405,1310875200
1,2102,1310961600
1261,2712,1310961600
1463,150,1310961600
155,1468,1310961600
2099,79,1310961600
2712,1261,1310961600
3454,1684,1310961600
4,1678,1310961600
664,77,1310961600
72,77,1310961600
77,664,1310961600
77,72,1310961600
79,2099,1310961600
79,90,1310961600
90,79,1310961600
1,543,1311048000
1003,272,1311048000
1003,79,1311048000
2102,1,1311048000
2105,17,1311048000
2105,39,1311048000
272,1003,1311048000
272,150,1311048000
39,2105,1311048000
39,77,1311048000
77,39,1311048000
79,1003,1311048000
844,2711,1311048000
1,231,1311134400
1133,231,1311134400
1133,357,1311134400
1133,79,1311134400
1133,940,1311134400
132,231,1311134400
132,72,1311134400
140,2,1311134400
18,2106,1311134400
2,140,1311134400
2068,79,1311134400
2106,18,1311134400
2106,57,1311134400
231,1,1311134400
2711,844,1311134400
403,78,1311134400
542,629,1311134400
629,940,1311134400
76,79,1311134400
78,403,1311134400
79,2068,1311134400
79,2104,1311134400
940,1133,1311134400
940,629,1311134400
1261,1710,1311220800
132,1708,1311220800
132,251,1311220800
140,79,1311220800
155,2714,1311220800
1708,132,1311220800
1710,1261,1311220800
2,39,1311220800
2104,79,1311220800
255,79,1311220800
2677,48,1311220800
2714,155,1311220800
2715,682,1311220800
272,79,1311220800
48,2677,1311220800
48,629,1311220800
48,732,1311220800
629,48,1311220800
629,542,1311220800
682,2715,1311220800
721,78,1311220800
732,48,1311220800
76,78,1311220800
78,721,1311220800
78,76,1311220800
79,255,1311220800
1,155,1311307200
113,1,1311307200
113,155,1311307200
130,934,1311307200
15,33,1311307200
15,682,1311307200
155,1,1311307200
155,113,1311307200
155,42,1311307200
1710,2716,1311307200
1710,630,1311307200
2104,507,1311307200
2108,682,1311307200
255,681,1311307200
2716,1710,1311307200
33,15,1311307200
355,17,1311307200
4,3504,1311307200
42,155,1311307200
476,140,1311307200
507,2104,1311307200
57,2106,1311307200
630,1710,1311307200
681,255,1311307200
682,15,1311307200
682,2108,1311307200
934,130,1311307200
113,78,1311393600
15,853,1311393600
2083,78,1311393600
215,4,1311393600
33,2105,1311393600
78,113,1311393600
78,2083,1311393600
853,15,1311393600
1268,584,1311480000
1694,2101,1311480000
2,672,1311480000
2101,1694,1311480000
569,584,1311480000
584,569,1311480000
672,2,1311480000
682,3592,1311480000
3592,682,1311480000
1,2713,1311566400
100,2720,1311566400
140,88,1311566400
155,15,1311566400
1684,76,1311566400
20,231,1311566400
2109,1,1311566400
2109,682,1311566400
2109,732,1311566400
231,20,1311566400
231,854,1311566400
2719,681,1311566400
2720,100,1311566400
2721,682,1311566400
48,66,1311566400
573,188,1311566400
66,1242,1311566400
66,48,1311566400
666,212,1311566400
681,2719,1311566400
682,2109,1311566400
682,2721,1311566400
76,1684,1311566400
854,231,1311566400
88,140,1311566400
137,15,1311652800
1471,15,1311652800
15,137,1311652800
15,1471,1311652800
155,622,1311652800
1709,2,1311652800
2,1709,1311652800
251,132,1311652800
2722,661,1311652800
2722,682,1311652800
340,729,1311652800
40,4,1311652800
584,1268,1311652800
682,2722,1311652800
729,340,1311652800
79,76,1311652800
137,2717,1311739200
137,90,1311739200
253,543,1311739200
2717,137,1311739200
543,253,1311739200
90,137,1311739200
1,2109,1311825600
132,255,1311825600
155,77,1311825600
255,132,1311825600
2723,79,1311825600
77,155,1311825600
77,926,1311825600
79,2723,1311825600
926,77,1311825600
100,90,1311912000
1010,2110,1311912000
113,355,1311912000
2110,1010,1311912000
90,100,1311912000
155,403,1311998400
17,355,1311998400
202,584,1311998400
4,215,1311998400
4,77,1311998400
403,155,1311998400
584,202,1311998400
1471,1472,1312084800
1472,1471,1312084800
1472,79,1312084800
188,573,1312084800
2029,792,1312084800
2724,792,1312084800
42,79,1312084800
542,79,1312084800
79,1472,1312084800
79,542,1312084800
79,792,1312084800
792,2029,1312084800
792,2724,1312084800
792,543,1312084800
792,79,1312084800
1,2725,1312171200
140,17,1312171200
1472,357,1312171200
1472,792,1312171200
154,78,1312171200
16,311,1312171200
1660,79,1312171200
17,140,1312171200
1705,79,1312171200
1712,212,1312171200
181,42,1312171200
2,862,1312171200
212,1712,1312171200
2726,940,1312171200
357,1133,1312171200
357,1472,1312171200
357,3682,1312171200
42,181,1312171200
78,154,1312171200
79,1660,1312171200
79,1705,1312171200
792,1472,1312171200
940,2726,1312171200
1440,210,1312257600
1638,542,1312257600
1638,78,1312257600
1638,792,1312257600
20,870,1312257600
210,1440,1312257600
210,253,1312257600
210,870,1312257600
2111,870,1312257600
253,210,1312257600
542,1638,1312257600
55,385,1312257600
78,1638,1312257600
792,1638,1312257600
792,934,1312257600
870,210,1312257600
870,2111,1312257600
934,792,1312257600
10,39,1312344000
113,660,1312344000
1268,212,1312344000
1471,3682,1312344000
15,2,1312344000
17,660,1312344000
188,251,1312344000
20,6,1312344000
212,1268,1312344000
2641,792,1312344000
39,10,1312344000
6,20,1312344000
660,113,1312344000
660,17,1312344000
3682,1471,1312344000
792,2641,1312344000
870,20,1312344000
1264,3682,1312430400
137,870,1312430400
145,42,1312430400
2112,3682,1312430400
212,667,1312430400
2728,792,1312430400
39,75,1312430400
42,145,1312430400
75,39,1312430400
3682,1264,1312430400
3682,2112,1312430400
792,2728,1312430400
137,1691,1312516800
1470,39,1312516800
155,545,1312516800
1691,137,1312516800
2,272,1312516800
2111,39,1312516800
253,33,1312516800
33,253,1312516800
39,1470,1312516800
39,2111,1312516800
48,140,1312516800
543,1,1312516800
543,792,1312516800
680,2112,1312516800
932,2075,1312516800
210,251,1312603200
2112,680,1312603200
251,210,1312603200
253,2729,1312603200
2729,253,1312603200
42,90,1312603200
90,42,1312603200
1109,1110,1312689600
140,22,1312689600
150,212,1312689600
155,20,1312689600
1693,366,1312689600
20,155,1312689600
202,48,1312689600
210,2732,1312689600
212,581,1312689600
22,140,1312689600
2732,210,1312689600
33,77,1312689600
366,1693,1312689600
48,202,1312689600
581,212,1312689600
77,33,1312689600
1,1457,1312776000
1,2731,1312776000
140,48,1312776000
1457,1,1312776000
1473,48,1312776000
17,542,1312776000
17,622,1312776000
1714,79,1312776000
1716,48,1312776000
175,210,1312776000
210,175,1312776000
210,542,1312776000
255,869,1312776000
2631,2,1312776000
2725,1,1312776000
452,3682,1312776000
48,1473,1312776000
48,1716,1312776000
542,17,1312776000
542,210,1312776000
622,17,1312776000
3682,452,1312776000
79,1714,1312776000
869,255,1312776000
97,345,1312776000
1,563,1312862400
1473,66,1312862400
1617,212,1312862400
1713,251,1312862400
2098,1012,1312862400
2107,57,1312862400
212,1617,1312862400
212,226,1312862400
22,23,1312862400
226,212,1312862400
251,1713,1312862400
252,2733,1312862400
253,152,1312862400
2731,1,1312862400
2733,252,1312862400
39,680,1312862400
39,3634,1312862400
563,1,1312862400
57,2098,1312862400
57,2107,1312862400
66,1473,1312862400
680,39,1312862400
3634,39,1312862400
79,140,1312862400
79,2,1312862400
79,272,1312862400
1,1952,1312948800
1,2707,1312948800
1021,212,1312948800
11,1697,1312948800
11,732,1312948800
132,315,1312948800
1473,3682,1312948800
1473,78,1312948800
1697,11,1312948800
1717,40,1312948800
212,1021,1312948800
253,66,1312948800
315,132,1312948800
39,48,1312948800
39,79,1312948800
4,733,1312948800
40,1717,1312948800
48,39,1312948800
544,251,1312948800
66,253,1312948800
732,11,1312948800
733,4,1312948800
3682,1473,1312948800
78,1473,1312948800
132,2631,1313035200
132,841,1313035200
137,17,1313035200
145,17,1313035200
153,253,1313035200
153,792,1313035200
17,137,1313035200
1713,792,1313035200
1715,252,1313035200
251,544,1313035200
252,1715,1313035200
253,153,1313035200
2631,132,1313035200
2734,48,1313035200
48,2734,1313035200
792,153,1313035200
792,1713,1313035200
841,132,1313035200
1716,2735,1313121600
212,251,1313121600
251,212,1313121600
253,2736,1313121600
2735,1716,1313121600
2736,253,1313121600
357,90,1313121600
79,1130,1313121600
90,357,1313121600
140,4,1313208000
155,544,1313208000
1717,48,1313208000
18,33,1313208000
18,868,1313208000
2727,35,1313208000
33,18,1313208000
39,784,1313208000
4,140,1313208000
48,1094,1313208000
48,1717,1313208000
544,155,1313208000
66,17,1313208000
66,482,1313208000
672,152,1313208000
784,39,1313208000
868,18,1313208000
11,66,1313294400
1130,79,1313294400
15,48,1313294400
152,253,1313294400
1718,153,1313294400
1718,40,1313294400
1718,423,1313294400
1718,72,1313294400
1920,48,1313294400
2114,48,1313294400
40,1718,1313294400
423,1718,1313294400
48,15,1313294400
48,1920,1313294400
48,2114,1313294400
48,482,1313294400
48,680,1313294400
482,48,1313294400
680,48,1313294400
78,1021,1313294400
78,2739,1313294400
10,48,1313380800
10,914,1313380800
1021,78,1313380800
18,386,1313380800
18,733,1313380800
255,386,1313380800
2739,78,1313380800
386,18,1313380800
386,255,1313380800
386,79,1313380800
4,311,1313380800
40,452,1313380800
452,40,1313380800
48,10,1313380800
48,914,1313380800
66,11,1313380800
733,18,1313380800
3682,152,1313380800
79,386,1313380800
870,137,1313380800
914,10,1313380800
914,48,1313380800
1,90,1313467200
1012,2098,1313467200
1012,2730,1313467200
140,544,1313467200
152,48,1313467200
1719,57,1313467200
1720,1,1313467200
1720,66,1313467200
1720,682,1313467200
33,841,1313467200
48,152,1313467200
48,90,1313467200
544,2,1313467200
57,1719,1313467200
66,1720,1313467200
682,1720,1313467200
841,33,1313467200
90,1,1313467200
90,48,1313467200
131,48,1313553600
152,512,1313553600
22,613,1313553600
2730,1012,1313553600
2741,48,1313553600
4,2740,1313553600
48,131,1313553600
48,2741,1313553600
48,613,1313553600
613,22,1313553600
613,48,1313553600
1,2117,1313640000
137,48,1313640000
17,2738,1313640000
18,274,1313640000
210,22,1313640000
2116,48,1313640000
2117,1,1313640000
2117,2737,1313640000
22,210,1313640000
274,18,1313640000
48,137,1313640000
48,2116,1313640000
48,35,1313640000
48,75,1313640000
75,48,1313640000
1,1720,1313726400
1,2742,1313726400
131,20,1313726400
1472,680,1313726400
20,131,1313726400
2737,2117,1313726400
2738,17,1313726400
2742,1,1313726400
386,48,1313726400
48,386,1313726400
680,1472,1313812800
1010,2115,1313899200
11,1716,1313899200
1716,11,1313899200
1918,3636,1313899200
2115,1010,1313899200
386,4,1313899200
4,386,1313899200
544,11,1313899200
622,939,1313899200
939,622,1313899200
1,1465,1313985600
11,153,1313985600
1279,40,1313985600
1279,664,1313985600
1449,3682,1313985600
1465,1,1313985600
1465,153,1313985600
153,11,1313985600
153,507,1313985600
17,212,1313985600
1716,584,1313985600
202,3682,1313985600
212,17,1313985600
274,3682,1313985600
4,479,1313985600
40,1279,1313985600
423,11,1313985600
479,4,1313985600
507,153,1313985600
55,283,1313985600
664,1279,1313985600
3682,1449,1313985600
3682,202,1313985600
3682,274,1313985600
11,734,1314072000
1279,48,1314072000
283,55,1314072000
39,90,1314072000
403,939,1314072000
423,275,1314072000
48,1279,1314072000
501,436,1314072000
568,939,1314072000
72,1279,1314072000
90,39,1314072000
939,403,1314072000
939,568,1314072000
1,2108,1314158400
1,2743,1314158400
1132,22,1314158400
1132,40,1314158400
1923,1,1314158400
22,1132,1314158400
255,859,1314158400
40,1132,1314158400
40,90,1314158400
544,140,1314158400
57,1,1314158400
79,97,1314158400
859,255,1314158400
121,2118,1314244800
1471,17,1314244800
150,1463,1314244800
152,22,1314244800
153,869,1314244800
1685,255,1314244800
2118,121,1314244800
22,152,1314244800
255,1685,1314244800
869,153,1314244800
1280,734,1314331200
145,153,1314331200
153,145,1314331200
2108,1,1314331200
2576,57,1314331200
300,79,1314331200
57,2576,1314331200
734,1280,1314331200
79,300,1314331200
851,3682,1314331200
90,145,1314331200
90,40,1314331200
1,1923,1314417600
1,2744,1314417600
1,734,1314417600
20,729,1314417600
2066,300,1314417600
300,2066,1314417600
402,90,1314417600
42,48,1314417600
48,42,1314417600
48,3682,1314417600
729,20,1314417600
734,1,1314417600
3682,48,1314417600
3682,851,1314417600
1,710,1314504000
1127,20,1314504000
17,1471,1314504000
17,48,1314504000
20,1127,1314504000
2119,22,1314504000
212,315,1314504000
22,2119,1314504000
315,212,1314504000
48,17,1314504000
710,1,1314504000
3632,20,1314504000
3632,544,1314504000
1,1475,1314590400
121,2066,1314590400
132,9,1314590400
145,255,1314590400
1918,272,1314590400
2066,121,1314590400
210,48,1314590400
255,145,1314590400
48,210,1314590400
629,78,1314590400
78,629,1314590400
1,1715,1314676800
132,39,1314676800
153,1465,1314676800
17,344,1314676800
17,79,1314676800
1715,1,1314676800
1923,712,1314676800
21,48,1314676800
274,39,1314676800
2748,3682,1314676800
2749,79,1314676800
344,17,1314676800
39,21,1314676800
48,21,1314676800
544,272,1314676800
3682,2748,1314676800
79,17,1314676800
79,2749,1314676800
90,402,1314676800
1,2119,1314763200
1,2747,1314763200
1,586,1314763200
210,3634,1314763200
40,15,1314763200
437,237,1314763200
586,1,1314763200
630,389,1314763200
3634,210,1314763200
9,545,1314763200
1,2746,1314849600
2098,57,1314849600
2746,1,1314849600
33,544,1314849600
544,33,1314849600
613,9,1314849600
870,11,1314849600
9,613,1314849600
1,18,1314936000
1,57,1314936000
11,870,1314936000
1476,33,1314936000
1476,72,1314936000
1603,212,1314936000
2120,57,1314936000
22,539,1314936000
22,851,1314936000
2753,586,1314936000
33,1476,1314936000
33,586,1314936000
33,870,1314936000
483,66,1314936000
539,22,1314936000
57,2120,1314936000
586,2753,1314936000
6,734,1314936000
66,483,1314936000
712,1923,1314936000
72,1476,1314936000
734,6,1314936000
75,854,1314936000
851,22,1314936000
854,75,1314936000
1475,1,1315022400
1476,1721,1315022400
1721,1476,1315022400
18,1,1315022400
2,1475,1315022400
212,401,1315022400
22,75,1315022400
255,130,1315022400
401,212,1315022400
75,22,1315022400
4,423,1315108800
1,2750,1315195200
1,2752,1315195200
1477,18,1315195200
1477,255,1315195200
154,18,1315195200
155,26,1315195200
18,1477,1315195200
18,154,1315195200
18,26,1315195200
20,26,1315195200
255,1477,1315195200
255,39,1315195200
26,18,1315195200
26,20,1315195200
39,1280,1315195200
39,255,1315195200
6,39,1315195200
1457,940,1315281600
1474,571,1315281600
18,11,1315281600
40,870,1315281600
571,1474,1315281600
870,40,1315281600
940,1457,1315281600
1442,18,1315368000
1477,1457,1315368000
18,2097,1315368000
18,630,1315368000
20,366,1315368000
2097,18,1315368000
546,734,1315368000
734,546,1315368000
9,33,1315368000
1474,665,1315454400
1722,212,1315454400
212,1722,1315454400
212,75,1315454400
22,452,1315454400
2755,542,1315454400
542,2755,1315454400
630,18,1315454400
630,793,1315454400
665,1474,1315454400
75,212,1315454400
132,452,1315540800
1475,3682,1315540800
20,586,1315540800
2079,22,1315540800
22,1218,1315540800
22,2079,1315540800
22,2638,1315540800
2638,22,1315540800
452,132,1315540800
452,22,1315540800
586,20,1315540800
3682,1475,1315540800
1278,22,1315627200
1477,2757,1315627200
17,22,1315627200
22,1278,1315627200
44,101,1315627200
44,546,1315627200
97,366,1315627200
1,3459,1315713600
212,26,1315713600
26,284,1315713600
26,613,1315713600
2757,1477,1315713600
284,26,1315713600
423,1277,1315713600
3459,1,1315713600
516,729,1315713600
729,516,1315713600
2079,735,1315800000
2121,3634,1315800000
366,613,1315800000
40,792,1315800000
55,17,1315800000
613,366,1315800000
735,2079,1315800000
3634,2121,1315800000
792,40,1315800000
1,1282,1315886400
1,304,1315886400
1282,1,1315886400
17,75,1315886400
1711,26,1315886400
210,75,1315886400
2122,33,1315886400
26,1711,1315886400
304,1,1315886400
304,389,1315886400
33,2122,1315886400
33,3515,1315886400
735,3515,1315886400
3515,33,1315886400
3515,735,1315886400
75,17,1315886400
75,210,1315886400
79,39,1315886400
1285,255,1315972800
152,672,1315972800
152,75,1315972800
18,2758,1315972800
18,542,1315972800
18,3515,1315972800
255,1285,1315972800
2758,18,1315972800
542,18,1315972800
544,563,1315972800
563,544,1315972800
614,39,1315972800
3515,18,1315972800
75,152,1315972800
793,630,1315972800
1,1285,1316059200
1,2754,1316059200
1,2756,1316059200
1,613,1316059200
1285,1,1316059200
18,613,1316059200
212,20,1316059200
2122,9,1316059200
224,735,1316059200
39,3682,1316059200
613,1,1316059200
613,18,1316059200
735,224,1316059200
3682,40,1316059200
9,1721,1316059200
9,2122,1316059200
1457,1477,1316145600
193,168,1316145600
212,79,1316145600
2756,1,1316145600
507,72,1316145600
72,507,1316145600
1,264,1316232000
1457,264,1316232000
17,681,1316232000
264,1,1316232000
264,1457,1316232000
272,212,1316232000
681,17,1316232000
1,72,1316318400
11,72,1316318400
274,4,1316318400
4,274,1316318400
72,1,1316318400
72,11,1316318400
1284,97,1316404800
2760,9,1316404800
33,42,1316404800
42,33,1316404800
9,2760,1316404800
97,1284,1316404800
97,2,1316404800
97,79,1316404800
1,1284,1316491200
113,72,1316491200
1284,1,1316491200
1284,18,1316491200
1475,72,1316491200
1721,9,1316491200
18,1284,1316491200
18,384,1316491200
18,50,1316491200
18,72,1316491200
1918,2751,1316491200
2762,72,1316491200
284,481,1316491200
284,72,1316491200
384,18,1316491200
4,72,1316491200
40,384,1316491200
50,18,1316491200
632,72,1316491200
72,113,1316491200
72,1475,1316491200
72,18,1316491200
72,2762,1316491200
72,284,1316491200
72,4,1316491200
72,632,1316491200
79,9,1316491200
1,2093,1316577600
1284,50,1316577600
22,735,1316577600
2761,72,1316577600
50,1284,1316577600
72,2761,1316577600
1280,33,1316664000
2093,1,1316664000
22,869,1316664000
284,626,1316664000
284,97,1316664000
97,284,1316664000
18,40,1316750400
40,18,1316750400
482,3682,1316836800
3682,482,1316836800
1284,9,1316923200
20,212,1316923200
9,1284,1316923200
1280,50,1317009600
17,2125,1317009600
2125,17,1317009600
1280,39,1317096000
33,1280,1317096000
40,735,1317096000
546,72,1317096000
72,546,1317096000
735,40,1317096000
1,160,1317182400
137,735,1317182400
140,476,1317182400
18,2118,1317182400
2118,18,1317182400
2765,735,1317182400
40,632,1317182400
632,40,1317182400
735,2765,1317182400
736,18,1317182400
9,1714,1317182400
1,2763,1317268800
1,2764,1317268800
20,22,1317268800
22,20,1317268800
22,626,1317268800
2479,35,1317268800
272,9,1317268800
2754,1,1317268800
735,22,1317268800
274,9,1317355200
79,212,1317355200
9,274,1317355200
2126,264,1317441600
2126,40,1317441600
255,264,1317441600
264,2126,1317441600
264,255,1317441600
40,2126,1317441600
211,97,1317528000
264,15,1317528000
284,212,1317528000
501,794,1317528000
97,211,1317528000
1,2767,1317614400
135,2127,1317614400
1442,57,1317614400
203,9,1317614400
2127,1,1317614400
2127,135,1317614400
284,35,1317614400
57,1442,1317614400
57,2766,1317614400
57,35,1317614400
622,9,1317614400
629,33,1317614400
3682,211,1317614400
869,22,1317614400
9,203,1317614400
9,622,1317614400
546,3682,1317700800
546,9,1317700800
735,11,1317700800
135,219,1317787200
1478,219,1317787200
1478,9,1317787200
219,135,1317787200
219,1478,1317787200
219,2686,1317787200
300,9,1317787200
33,735,1317787200
735,33,1317787200
9,300,1317787200
1478,40,1317873600
202,9,1317873600
384,77,1317873600
40,1478,1317873600
77,384,1317873600
9,202,1317873600
239,665,1317960000
57,1135,1317960000
57,160,1317960000
3525,3634,1317960000
3525,9,1317960000
3634,3525,1317960000
9,1478,1317960000
9,219,1317960000
9,3634,1317960000
135,11,1318046400
135,545,1318046400
3682,546,1318046400
17,219,1318132800
1711,729,1318132800
211,17,1318132800
219,17,1318132800
219,1711,1318132800
219,9,1318132800
304,101,1318132800
304,3453,1318132800
729,1711,1318132800
9,1725,1318132800
11,135,1318219200
11,735,1318219200
1711,219,1318219200
1726,2769,1318219200
2769,1726,1318219200
389,235,1318219200
9,1726,1318219200
1,2127,1318305600
1726,733,1318305600
18,543,1318305600
467,9,1318305600
543,18,1318305600
630,300,1318305600
665,239,1318305600
733,1726,1318305600
9,467,1318305600
9,546,1318305600
98,940,1318305600
33,629,1318392000
389,469,1318392000
3682,939,1318392000
9,513,1318478400
1,1283,1318564800
1136,33,1318564800
1283,1,1318564800
1283,9,1318564800
33,1136,1318564800
37,479,1318564800
389,1077,1318564800
389,2,1318564800
389,379,1318564800
389,439,1318564800
389,57,1318564800
389,630,1318564800
9,1283,1318564800
1136,97,1318651200
1283,33,1318651200
16,1286,1318651200
17,21,1318651200
21,17,1318651200
33,1283,1318651200
97,1136,1318651200
1,1136,1318737600
11,942,1318737600
113,130,1318737600
1136,1,1318737600
1136,175,1318737600
175,1136,1318737600
175,9,1318737600
2123,389,1318737600
389,2123,1318737600
389,3537,1318737600
9,113,1318737600
9,175,1318737600
1240,1641,1318824000
1641,1240,1318824000
4,74,1318824000
632,9,1318824000
9,632,1318824000
9,97,1318824000
1,175,1318910400
1022,78,1318910400
175,1,1318910400
18,1442,1318910400
437,35,1318910400
78,1022,1318910400
9,2124,1318910400
9,35,1318910400
1,2771,1318996800
681,11,1318996800
854,9,1318996800
1283,586,1319083200
2128,9,1319083200
284,45,1319083200
45,284,1319083200
586,1283,1319083200
9,2128,1319083200
1243,40,1319169600
1476,9,1319169600
40,1243,1319169600
9,683,1319169600
9,98,1319169600
1,75,1319256000
17,188,1319256000
188,17,1319256000
188,943,1319256000
211,683,1319256000
22,384,1319256000
26,1137,1319256000
2770,9,1319256000
284,22,1319256000
284,9,1319256000
42,1,1319256000
683,211,1319256000
683,22,1319256000
9,2770,1319256000
9,284,1319256000
943,188,1319256000
1137,26,1319342400
196,9,1319342400
26,35,1319342400
9,1470,1319342400
9,196,1319342400
122,17,1319428800
122,733,1319428800
17,122,1319428800
2128,284,1319428800
22,2773,1319428800
272,20,1319428800
2768,284,1319428800
2773,22,1319428800
284,2128,1319428800
284,2768,1319428800
315,75,1319428800
683,1,1319428800
733,122,1319428800
733,9,1319428800
75,315,1319428800
9,733,1319428800
1,2129,1319515200
10,2129,1319515200
122,2774,1319515200
18,437,1319515200
2129,1,1319515200
2129,10,1319515200
22,101,1319515200
272,188,1319515200
437,18,1319515200
437,57,1319515200
1,2772,1319601600
15,681,1319601600
17,315,1319601600
2768,72,1319601600
315,17,1319601600
39,22,1319601600
681,15,1319601600
681,22,1319601600
9,315,1319601600
11,3645,1319688000
17,9,1319688000
22,683,1319688000
315,9,1319688000
683,9,1319688000
3645,11,1319688000
3645,22,1319688000
9,234,1319688000
942,11,1319688000
1,683,1319774400
10,2778,1319774400
15,211,1319774400
211,15,1319774400
2776,681,1319774400
2778,10,1319774400
4,9,1319774400
681,2776,1319774400
9,2777,1319774400
1,15,1319860800
1,2775,1319860800
1,346,1319860800
15,1,1319860800
22,681,1319860800
22,933,1319860800
681,3682,1319860800
933,22,1319860800
1282,255,1319947200
146,3682,1319947200
1638,22,1319947200
17,871,1319947200
22,1638,1319947200
255,1282,1319947200
3682,146,1319947200
871,17,1319947200
1287,9,1320033600
15,274,1320033600
1727,255,1320033600
2529,795,1320033600
255,1727,1320033600
274,15,1320033600
3647,18,1320033600
3647,22,1320033600
3647,683,1320033600
3647,944,1320033600
3647,98,1320033600
9,1287,1320033600
944,3647,1320033600
1,2779,1320120000
1,305,1320120000
1,944,1320120000
2779,1,1320120000
305,1,1320120000
944,1,1320120000
18,2690,1320206400
346,57,1320206400
346,942,1320206400
44,1729,1320206400
44,632,1320206400
57,304,1320206400
57,346,1320206400
57,872,1320206400
632,44,1320206400
872,57,1320206400
1,2780,1320292800
1729,44,1320292800
18,3647,1320292800
2780,1,1320292800
304,346,1320292800
305,944,1320292800
346,304,1320292800
944,305,1320292800
121,18,1320379200
18,121,1320379200
18,872,1320379200
212,35,1320379200
2781,9,1320379200
304,57,1320379200
3647,346,1320379200
9,2781,1320379200
2,871,1320465600
22,1138,1320465600
26,22,1320465600
26,683,1320465600
26,943,1320465600
315,26,1320465600
683,26,1320465600
683,3647,1320465600
871,2,1320465600
942,26,1320465600
943,26,1320465600
17,15,1320552000
26,305,1320552000
305,26,1320552000
615,67,1320552000
67,615,1320552000
1,2783,1320642000
1,587,1320642000
1714,9,1320642000
193,26,1320642000
2,587,1320642000
232,274,1320642000
26,193,1320642000
587,2,1320642000
587,305,1320642000
75,1,1320642000
942,232,1320642000
1,22,1320728400
17,211,1320728400
22,1,1320728400
26,505,1320728400
2690,18,1320728400
305,346,1320728400
346,305,1320728400
346,3647,1320728400
346,9,1320728400
505,26,1320728400
505,3682,1320728400
587,1,1320728400
3682,505,1320728400
3682,587,1320728400
9,15,1320728400
9,346,1320728400
942,346,1320728400
1,2784,1320814800
1,2786,1320814800
1022,305,1320814800
108,546,1320814800
1281,571,1320814800
2,9,1320814800
255,3682,1320814800
305,3682,1320814800
40,98,1320814800
571,1281,1320814800
3682,255,1320814800
3682,256,1320814800
3682,305,1320814800
871,942,1320814800
942,871,1320814800
1,3682,1320901200
1022,3682,1320901200
1709,3682,1320901200
18,3682,1320901200
2123,869,1320901200
22,346,1320901200
256,346,1320901200
305,2785,1320901200
305,587,1320901200
346,22,1320901200
346,256,1320901200
3682,1,1320901200
3682,1022,1320901200
3682,1709,1320901200
869,2123,1320901200
98,40,1320901200
203,22,1320987600
2130,409,1320987600
255,409,1320987600
255,97,1320987600
26,45,1320987600
2784,1,1320987600
305,33,1320987600
33,305,1320987600
409,2130,1320987600
409,255,1320987600
409,9,1320987600
45,26,1320987600
97,255,1320987600
98,9,1320987600
22,67,1321074000
256,2790,1321074000
2790,256,1321074000
4,683,1321074000
67,22,1321074000
683,4,1321074000
3682,2789,1321074000
122,467,1321160400
175,2,1321160400
2,175,1321160400
2,270,1321160400
270,2,1321160400
304,3682,1321160400
467,122,1321160400
3460,35,1321160400
57,1728,1321160400
854,97,1321160400
97,854,1321160400
122,14,1321246800
14,122,1321246800
14,944,1321246800
1728,57,1321246800
1730,67,1321246800
2790,2788,1321246800
67,1730,1321246800
1023,3647,1321333200
11,2791,1321333200
14,3647,1321333200
1479,3682,1321333200
1727,232,1321333200
22,40,1321333200
232,1727,1321333200
256,2792,1321333200
2792,256,1321333200
304,15,1321333200
305,1022,1321333200
40,22,1321333200
3647,1023,1321333200
3647,14,1321333200
3682,1479,1321333200
944,14,1321333200
1,2498,1321419600
14,1731,1321419600
17,360,1321419600
17,942,1321419600
1731,14,1321419600
2,681,1321419600
2132,3647,1321419600
22,39,1321419600
2498,1,1321419600
360,17,1321419600
681,2,1321419600
3647,2132,1321419600
942,17,1321419600
14,2135,1321506000
2135,14,1321506000
51,588,1321506000
57,18,1321506000
57,389,1321506000
57,630,1321506000
588,51,1321506000
3647,51,1321506000
9,943,1321506000
943,9,1321506000
1,1436,1321592400
14,2134,1321592400
14,2796,1321592400
1436,1,1321592400
1479,2131,1321592400
2131,1479,1321592400
2796,14,1321592400
51,2133,1321592400
1427,26,1321678800
22,1023,1321678800
1,1288,1321765200
1,2793,1321765200
2777,9,1321765200
57,256,1321765200
154,9,1321851600
256,57,1321851600
9,154,1321851600
1023,22,1321938000
1139,14,1321938000
1139,33,1321938000
1139,9,1321938000
1288,1,1321938000
14,1139,1321938000
14,2136,1321938000
14,2138,1321938000
14,939,1321938000
17,2797,1321938000
17,78,1321938000
203,11,1321938000
2136,14,1321938000
2138,14,1321938000
33,1139,1321938000
409,2138,1321938000
78,17,1321938000
9,1023,1321938000
9,1139,1321938000
939,14,1321938000
1,2795,1322024400
113,9,1322024400
1288,67,1322024400
14,1289,1322024400
2137,57,1322024400
2798,51,1322024400
304,2799,1322024400
51,2798,1322024400
57,2137,1322024400
67,1288,1322024400
3582,3461,1322024400
9,854,1322024400
1288,14,1322110800
1290,1,1322110800
1290,42,1322110800
14,1288,1322110800
2795,1,1322110800
2799,304,1322110800
2800,67,1322110800
42,1290,1322110800
67,2800,1322110800
9,67,1322110800
1023,9,1322197200
1290,67,1322197200
1290,78,1322197200
17,11,1322197200
630,57,1322197200
67,1290,1322197200
78,1290,1322197200
1290,14,1322283600
14,1290,1322283600
1603,67,1322283600
1970,409,1322283600
409,1970,1322283600
409,3682,1322283600
67,1603,1322283600
3647,122,1322283600
3682,409,1322283600
255,40,1322370000
40,255,1322370000
40,51,1322370000
51,35,1322370000
51,40,1322370000
1,736,1322456400
14,945,1322456400
236,256,1322456400
256,236,1322456400
2802,11,1322456400
2802,51,1322456400
304,945,1322456400
346,35,1322456400
4,251,1322456400
42,3618,1322456400
51,2802,1322456400
3618,42,1322456400
9,40,1322456400
945,14,1322456400
945,1479,1322456400
1,2136,1322542800
1,2801,1322542800
37,9,1322542800
3618,78,1322542800
9,37,1322542800
945,304,1322542800
14,1481,1322629200
14,588,1322629200
146,33,1322629200
2801,1,1322629200
33,146,1322629200
1,38,1322715600
117,2805,1322715600
14,2804,1322715600
17,1732,1322715600
1732,135,1322715600
1732,17,1322715600
1970,256,1322715600
256,1970,1322715600
256,943,1322715600
272,47,1322715600
2804,14,1322715600
2805,117,1322715600
47,51,1322715600
51,47,1322715600
57,1689,1322715600
3682,588,1322715600
9,47,1322715600
943,256,1322715600
1,1724,1322802000
14,316,1322802000
14,42,1322802000
1689,35,1322802000
1689,57,1322802000
1724,1,1322802000
316,14,1322802000
40,9,1322802000
1,1128,1322888400
1128,1,1322888400
1128,26,1322888400
1128,409,1322888400
14,2124,1322888400
14,2142,1322888400
14,37,1322888400
17,107,1322888400
17,2143,1322888400
17,65,1322888400
2124,14,1322888400
2124,9,1322888400
2142,14,1322888400
2143,17,1322888400
2143,51,1322888400
26,1128,1322888400
33,26,1322888400
33,9,1322888400
37,14,1322888400
409,1128,1322888400
409,1481,1322888400
409,26,1322888400
409,51,1322888400
51,2143,1322888400
51,409,1322888400
65,17,1322888400
65,51,1322888400
107,1420,1322974800
1128,3682,1322974800
14,1128,1322974800
17,2,1322974800
51,672,1322974800
1136,516,1323061200
1136,9,1323061200
1481,409,1323061200
18,2803,1323061200
4,65,1323061200
65,4,1323061200
9,1136,1323061200
9,2145,1323061200
1,255,1323147600
107,17,1323147600
18,38,1323147600
2145,3682,1323147600
255,1,1323147600
516,65,1323147600
65,516,1323147600
3682,2145,1323147600
107,317,1323234000
1289,14,1323234000
14,2144,1323234000
145,51,1323234000
145,65,1323234000
1480,57,1323234000
18,736,1323234000
2144,14,1323234000
2145,9,1323234000
256,18,1323234000
42,14,1323234000
65,145,1323234000
67,316,1323234000
67,79,1323234000
79,67,1323234000
1,2806,1323320400
14,2146,1323320400
211,1286,1323320400
211,3462,1323320400
211,67,1323320400
2146,14,1323320400
255,67,1323320400
256,42,1323320400
271,40,1323320400
2803,18,1323320400
2806,1,1323320400
40,271,1323320400
42,256,1323320400
3462,156,1323320400
3462,211,1323320400
67,211,1323320400
67,255,1323320400
9,1286,1323320400
1291,516,1323406800
14,75,1323406800
2140,40,1323406800
2809,33,1323406800
317,107,1323406800
33,2809,1323406800
40,2140,1323406800
51,65,1323406800
516,1291,1323406800
75,14,1323406800
108,2,1323493200
108,20,1323493200
108,9,1323493200
1128,14,1323493200
135,547,1323493200
1734,9,1323493200
193,249,1323493200
2,108,1323493200
2146,547,1323493200
22,284,1323493200
249,193,1323493200
26,547,1323493200
516,547,1323493200
57,1480,1323493200
57,1733,1323493200
9,108,1323493200
9,1734,1323493200
1,2144,1323579600
17,51,1323579600
1733,57,1323579600
4,35,1323579600
51,17,1323579600
9,193,1323579600
9,51,1323579600
1,2808,1323666000
14,407,1323666000
14,664,1323666000
188,484,1323666000
2150,33,1323666000
256,3462,1323666000
33,2150,1323666000
40,2,1323666000
484,188,1323666000
3462,256,1323666000
3462,2811,1323666000
3462,9,1323666000
65,14,1323666000
664,14,1323666000
9,3462,1323666000
1256,14,1323752400
1256,873,1323752400
14,1256,1323752400
14,1724,1323752400
14,586,1323752400
14,65,1323752400
1724,14,1323752400
2150,51,1323752400
2151,51,1323752400
24,77,1323752400
2811,3462,1323752400
51,2150,1323752400
51,2151,1323752400
51,345,1323752400
586,14,1323752400
77,24,1323752400
77,3462,1323752400
943,2149,1323752400
1,2149,1323838800
113,65,1323838800
1709,9,1323838800
18,256,1323838800
2147,24,1323838800
2149,35,1323838800
2149,943,1323838800
24,2147,1323838800
255,65,1323838800
305,9,1323838800
45,21,1323838800
3462,77,1323838800
65,113,1323838800
65,255,1323838800
9,1709,1323838800
9,305,1323838800
1024,14,1323925200
108,1292,1323925200
11,20,1323925200
1137,14,1323925200
14,1024,1323925200
14,1137,1323925200
14,1734,1323925200
14,2812,1323925200
1734,14,1323925200
20,11,1323925200
22,203,1323925200
2808,1,1323925200
588,14,1323925200
14,67,1324011600
2,75,1324011600
211,21,1324011600
304,681,1324011600
316,67,1324011600
4,561,1324011600
561,4,1324011600
65,77,1324011600
67,14,1324011600
681,304,1324011600
75,2,1324011600
77,65,1324011600
9,156,1324011600
1,2152,1324098000
113,17,1324184400
14,482,1324184400
14,545,1324184400
156,51,1324184400
17,113,1324184400
482,14,1324184400
51,156,1324184400
57,874,1324184400
1,1482,1324270800
1,1483,1324270800
113,14,1324270800
14,113,1324270800
14,1483,1324270800
14,33,1324270800
14,51,1324270800
1483,1,1324270800
1483,14,1324270800
156,4,1324270800
193,107,1324270800
255,35,1324270800
256,65,1324270800
33,14,1324270800
4,156,1324270800
51,14,1324270800
65,256,1324270800
11,14,1324357200
14,146,1324357200
14,1482,1324357200
14,2813,1324357200
14,40,1324357200
14,3457,1324357200
14,47,1324357200
140,3647,1324357200
146,14,1324357200
1482,1,1324357200
1482,14,1324357200
156,2156,1324357200
197,9,1324357200
2156,156,1324357200
2727,9,1324357200
40,14,1324357200
51,9,1324357200
736,1,1324357200
3647,140,1324357200
9,197,1324357200
9,2727,1324357200
9,3526,1324357200
1,1025,1324443600
100,547,1324443600
1025,1,1324443600
1293,14,1324443600
14,1293,1324443600
14,1730,1324443600
14,1737,1324443600
1730,14,1324443600
1737,14,1324443600
1737,547,1324443600
217,272,1324443600
24,588,1324443600
2479,9,1324443600
2807,35,1324443600
39,9,1324443600
409,797,1324443600
547,1737,1324443600
588,24,1324443600
9,2479,1324443600
1025,14,1324530000
1025,37,1324530000
117,18,1324530000
117,2148,1324530000
14,1025,1324530000
14,2148,1324530000
14,542,1324530000
17,197,1324530000
18,160,1324530000
18,294,1324530000
197,17,1324530000
2148,117,1324530000
2148,14,1324530000
37,1025,1324530000
38,1483,1324530000
51,157,1324530000
542,14,1324530000
57,294,1324530000
1,1736,1324616400
1,2810,1324616400
1,796,1324616400
14,11,1324616400
14,2157,1324616400
14,38,1324616400
1482,1483,1324616400
1483,1482,1324616400
1483,38,1324616400
157,51,1324616400
157,3682,1324616400
1736,1,1324616400
2157,14,1324616400
256,479,1324616400
38,1482,1324616400
45,51,1324616400
479,256,1324616400
51,45,1324616400
547,1294,1324616400
547,796,1324616400
3526,871,1324616400
3583,38,1324616400
796,547,1324616400
871,11,1324616400
871,3526,1324616400
11,193,1324702800
1294,547,1324702800
14,22,1324702800
157,589,1324702800
17,97,1324702800
193,11,1324702800
547,193,1324702800
589,157,1324702800
97,17,1324702800
142,26,1324789200
142,9,1324789200
1484,9,1324789200
157,142,1324789200
1736,589,1324789200
255,777,1324789200
26,142,1324789200
315,42,1324789200
345,51,1324789200
42,315,1324789200
42,777,1324789200
547,777,1324789200
589,1736,1324789200
777,255,1324789200
777,42,1324789200
777,547,1324789200
9,142,1324789200
9,1484,1324789200
1292,108,1324875600
14,277,1324875600
1484,547,1324875600
156,1025,1324875600
156,157,1324875600
157,156,1324875600
547,1484,1324875600
796,14,1324875600
1,2814,1324962000
1294,26,1324962000
14,197,1324962000
14,871,1324962000
1481,14,1324962000
157,2815,1324962000
17,1735,1324962000
197,14,1324962000
26,1294,1324962000
2814,1,1324962000
2815,157,1324962000
39,26,1324962000
11,156,1325048400
14,142,1325048400
14,77,1325048400
14,97,1325048400
142,14,1325048400
142,17,1325048400
160,294,1325048400
17,142,1325048400
17,193,1325048400
193,17,1325048400
211,51,1325048400
37,75,1325048400
51,211,1325048400
67,1289,1325048400
75,37,1325048400
77,14,1325048400
77,4,1325048400
97,14,1325048400
10,777,1325134800
1139,211,1325134800
1139,4,1325134800
14,2818,1325134800
211,1139,1325134800
22,2817,1325134800
232,3647,1325134800
26,777,1325134800
2817,22,1325134800
2818,14,1325134800
2819,9,1325134800
38,57,1325134800
4,1139,1325134800
57,38,1325134800
777,10,1325134800
777,26,1325134800
9,2819,1325134800
14,107,1325221200
1484,51,1325221200
17,277,1325221200
1736,22,1325221200
2158,1026,1325221200
22,1736,1325221200
24,316,1325221200
277,17,1325221200
316,24,1325221200
51,1484,1325221200
57,361,1325221200
65,2159,1325221200
77,777,1325221200
777,77,1325221200
156,22,1325307600
1691,385,1325307600
1736,31,1325307600
1139,360,1325394000
1289,67,1325394000
1484,2821,1325394000
1737,4,1325394000
2159,22,1325394000
22,156,1325394000
22,2159,1325394000
2785,305,1325394000
2821,1484,1325394000
360,1139,1325394000
4,1737,1325394000
1,2820,1325480400
1292,203,1325480400
135,67,1325480400
14,60,1325480400
156,3462,1325480400
17,2821,1325480400
17,934,1325480400
203,1292,1325480400
215,232,1325480400
232,215,1325480400
2820,1,1325480400
2821,17,1325480400
547,585,1325480400
547,9,1325480400
585,2,1325480400
585,547,1325480400
60,14,1325480400
60,2,1325480400
67,135,1325480400
9,547,1325480400
934,17,1325480400
11,1292,1325566800
2139,18,1325566800
51,22,1325566800
9,2139,1325566800
117,38,1325653200
156,44,1325653200
2,31,1325653200
33,70,1325653200
38,117,1325653200
38,2139,1325653200
38,947,1325653200
44,156,1325653200
70,33,1325653200
945,513,1325653200
947,38,1325653200
1,156,1325739600
1,2632,1325739600
107,14,1325739600
11,211,1325739600
11,316,1325739600
14,50,1325739600
1482,38,1325739600
156,1,1325739600
156,211,1325739600
156,2824,1325739600
211,156,1325739600
2118,57,1325739600
2139,38,1325739600
235,249,1325739600
249,235,1325739600
2824,156,1325739600
402,235,1325739600
402,483,1325739600
45,1076,1325739600
50,14,1325739600
632,78,1325739600
78,632,1325739600
100,14,1325826000
122,1738,1325826000
14,100,1325826000
14,2825,1325826000
1738,122,1325826000
2825,14,1325826000
316,9,1325826000
484,14,1325826000
3647,232,1325826000
9,316,1325826000
1,2823,1325912400
1735,17,1325912400
4,47,1325912400
47,4,1325912400
685,22,1325912400
3647,70,1325912400
1008,1297,1325998800
107,193,1325998800
1077,257,1325998800
1295,257,1325998800
1297,1008,1325998800
140,685,1325998800
193,51,1325998800
257,1077,1325998800
257,1295,1325998800
2829,294,1325998800
294,2829,1325998800
685,140,1325998800
3526,257,1325998800
97,4,1325998800
1,1295,1326085200
1295,22,1326085200
22,1295,1326085200
316,3682,1326085200
4,97,1326085200
42,51,1326085200
51,42,1326085200
685,3682,1326085200
3682,685,1326085200
11,65,1326171600
1258,22,1326171600
1258,65,1326171600
14,484,1326171600
22,1258,1326171600
22,255,1326171600
22,2745,1326171600
255,22,1326171600
2832,409,1326171600
409,2832,1326171600
42,9,1326171600
65,1258,1326171600
685,948,1326171600
9,42,1326171600
948,685,1326171600
1,2830,1326258000
1287,409,1326258000
14,361,1326258000
256,947,1326258000
2823,1,1326258000
2834,316,1326258000
316,2834,1326258000
361,14,1326258000
361,38,1326258000
38,361,1326258000
409,1287,1326258000
44,39,1326258000
947,256,1326258000
2,67,1326344400
67,2,1326344400
796,117,1326344400
871,14,1326344400
871,3682,1326344400
871,9,1326344400
9,122,1326344400
9,22,1326344400
9,65,1326344400
14,1027,1326430800
22,949,1326430800
257,22,1326430800
38,1289,1326430800
38,2807,1326430800
4,1295,1326430800
443,14,1326430800
3682,796,1326430800
796,3682,1326430800
133,135,1326517200
133,6,1326517200
135,133,1326517200
156,256,1326517200
1740,588,1326517200
256,156,1326517200
256,38,1326517200
409,2835,1326517200
45,9,1326517200
588,1740,1326517200
6,133,1326517200
14,31,1326603600
14,443,1326603600
2164,409,1326603600
31,14,1326603600
409,11,1326603600
409,2164,1326603600
57,793,1326603600
1,2163,1326690000
1027,14,1326690000
1,2166,1326776400
121,2,1326776400
1289,38,1326776400
14,548,1326776400
2,121,1326776400
2160,57,1326776400
2166,1,1326776400
22,589,1326776400
22,685,1326776400
256,632,1326776400
2828,3682,1326776400
2836,793,1326776400
38,256,1326776400
548,14,1326776400
589,22,1326776400
589,26,1326776400
632,256,1326776400
3682,2828,1326776400
793,2836,1326776400
91,194,1326776400
1487,2,1326862800
17,203,1326862800
2,1487,1326862800
203,17,1326862800
203,70,1326862800
21,3682,1326862800
2161,947,1326862800
316,2166,1326862800
346,117,1326862800
346,2816,1326862800
57,117,1326862800
57,2160,1326862800
57,50,1326862800
70,203,1326862800
3682,21,1326862800
793,57,1326862800
947,2161,1326862800
133,203,1326949200
14,24,1326949200
14,796,1326949200
20,38,1326949200
203,133,1326949200
2149,1,1326949200
256,67,1326949200
272,39,1326949200
272,3682,1326949200
38,20,1326949200
67,256,1326949200
1,2826,1327035600
1,2837,1327035600
1,517,1327035600
133,3548,1327035600
17,483,1327035600
17,70,1327035600
20,45,1327035600
20,60,1327035600
256,485,1327035600
26,589,1327035600
2816,64,1327035600
2826,1,1327035600
360,67,1327035600
443,517,1327035600
485,256,1327035600
51,67,1327035600
51,75,1327035600
67,360,1327035600
70,17,1327035600
75,51,1327035600
11,2168,1327122000
146,9,1327122000
149,485,1327122000
187,485,1327122000
193,517,1327122000
211,70,1327122000
2168,11,1327122000
22,11,1327122000
256,9,1327122000
294,2827,1327122000
4,21,1327122000
485,149,1327122000
485,187,1327122000
9,146,1327122000
9,256,1327122000
1025,117,1327208400
117,1025,1327208400
135,17,1327208400
1487,9,1327208400
156,485,1327208400
17,135,1327208400
2169,409,1327208400
26,485,1327208400
2789,3682,1327208400
4,1025,1327208400
409,2169,1327208400
485,26,1327208400
50,57,1327208400
65,20,1327208400
9,1487,1327208400
1,2167,1327294800
142,255,1327294800
146,2168,1327294800
156,70,1327294800
2168,146,1327294800
22,117,1327294800
255,142,1327294800
256,672,1327294800
32,2132,1327294800
32,485,1327294800
485,32,1327294800
70,156,1327294800
117,194,1327381200
117,57,1327381200
15,75,1327381200
1715,194,1327381200
1742,57,1327381200
187,147,1327381200
194,117,1327381200
194,129,1327381200
194,1715,1327381200
194,712,1327381200
194,91,1327381200
2,15,1327381200
2167,1,1327381200
33,65,1327381200
65,33,1327381200
66,42,1327381200
75,15,1327381200
97,9,1327381200
1487,11,1327467600
156,9,1327467600
24,485,1327467600
28,485,1327467600
38,2162,1327467600
485,24,1327467600
485,28,1327467600
75,9,1327467600
9,75,1327467600
121,2838,1327554000
1301,22,1327554000
2,211,1327554000
20,1301,1327554000
211,2,1327554000
2162,38,1327554000
22,1301,1327554000
232,70,1327554000
2838,121,1327554000
371,361,1327554000
371,672,1327554000
70,232,1327554000
2,2839,1327640400
2,562,1327640400
588,3682,1327640400
232,35,1327726800
256,60,1327726800
26,632,1327726800
632,26,1327726800
65,66,1327726800
66,20,1327726800
3584,26,1327726800
796,32,1327726800
156,1277,1327813200
156,69,1327813200
170,588,1327813200
2163,69,1327813200
371,51,1327813200
51,371,1327813200
588,170,1327813200
588,65,1327813200
613,738,1327813200
65,588,1327813200
66,738,1327813200
69,156,1327813200
69,2163,1327813200
69,738,1327813200
738,613,1327813200
738,66,1327813200
738,69,1327813200
738,946,1327813200
946,738,1327813200
1137,170,1327899600
170,1137,1327899600
40,21,1327899600
548,35,1327899600
65,9,1327899600
66,100,1327899600
686,69,1327899600
3671,69,1327899600
939,69,1327899600
108,1743,1327986000
1303,316,1327986000
135,22,1327986000
1743,108,1327986000
38,64,1327986000
40,316,1327986000
66,1646,1327986000
69,686,1327986000
3671,51,1327986000
1026,2158,1328072400
1026,3526,1328072400
117,346,1328072400
121,2165,1328072400
142,946,1328072400
21,9,1328072400
2165,121,1328072400
2840,38,1328072400
316,11,1328072400
316,1296,1328072400
316,1303,1328072400
316,365,1328072400
316,40,1328072400
316,97,1328072400
33,69,1328072400
38,2840,1328072400
589,133,1328072400
69,33,1328072400
946,142,1328072400
97,316,1328072400
121,38,1328158800
17,38,1328158800
1731,24,1328158800
2170,121,1328158800
24,1731,1328158800
38,121,1328158800
121,2170,1328245200
1302,69,1328245200
1304,17,1328245200
1304,943,1328245200
133,101,1328245200
146,946,1328245200
159,67,1328245200
17,101,1328245200
17,1304,1328245200
2154,589,1328245200
370,170,1328245200
51,796,1328245200
589,2154,1328245200
67,159,1328245200
69,2121,1328245200
69,2171,1328245200
943,1304,1328245200
946,146,1328245200
108,2842,1328331600
11,17,1328331600
170,482,1328331600
2171,22,1328331600
2171,69,1328331600
2172,3682,1328331600
22,2171,1328331600
2841,38,1328331600
2842,108,1328331600
38,2841,1328331600
482,170,1328331600
585,798,1328331600
3682,2172,1328331600
1,1302,1328418000
1304,798,1328418000
133,589,1328418000
133,64,1328418000
159,22,1328418000
20,159,1328418000
22,159,1328418000
232,69,1328418000
346,70,1328418000
38,793,1328418000
40,256,1328418000
51,133,1328418000
588,67,1328418000
588,796,1328418000
589,9,1328418000
60,518,1328418000
64,133,1328418000
67,588,1328418000
69,232,1328418000
69,346,1328418000
70,98,1328418000
796,588,1328418000
9,589,1328418000
946,798,1328418000
100,11,1328504400
108,1744,1328504400
108,798,1328504400
11,100,1328504400
1140,70,1328504400
1140,3682,1328504400
1485,69,1328504400
175,256,1328504400
256,121,1328504400
256,175,1328504400
256,75,1328504400
632,1485,1328504400
69,1485,1328504400
75,256,1328504400
3682,1140,1328504400
798,108,1328504400
1293,1745,1328590800
133,51,1328590800
159,37,1328590800
159,66,1328590800
197,3682,1328590800
22,1744,1328590800
232,798,1328590800
66,159,1328590800
70,65,1328590800
793,38,1328590800
798,232,1328590800
798,3634,1328590800
946,1746,1328590800
121,256,1328677200
1300,17,1328677200
1300,66,1328677200
1449,66,1328677200
17,1300,1328677200
2153,69,1328677200
2169,69,1328677200
256,1739,1328677200
256,69,1328677200
60,256,1328677200
634,67,1328677200
66,1300,1328677200
66,1449,1328677200
66,98,1328677200
67,634,1328677200
67,69,1328677200
67,70,1328677200
69,11,1328677200
69,2153,1328677200
69,2169,1328677200
69,256,1328677200
69,67,1328677200
9,17,1328677200
98,66,1328677200
2174,798,1328763600
37,159,1328763600
440,110,1328763600
440,514,1328763600
453,69,1328763600
70,75,1328763600
75,70,1328763600
798,2174,1328763600
798,686,1328763600
1,2173,1328850000
1,2844,1328850000
1305,18,1328850000
18,1305,1328850000
2173,1,1328850000
44,22,1328850000
453,950,1328850000
634,11,1328850000
69,453,1328850000
950,453,1328850000
1739,256,1328936400
21,946,1328936400
22,35,1328936400
2844,1,1328936400
2844,102,1328936400
2844,798,1328936400
108,2175,1329022800
108,70,1329022800
159,69,1329022800
160,3658,1329022800
1741,946,1329022800
1745,1293,1329022800
21,1307,1329022800
21,585,1329022800
2175,108,1329022800
2175,70,1329022800
232,485,1329022800
347,1,1329022800
347,485,1329022800
347,798,1329022800
485,232,1329022800
485,347,1329022800
585,21,1329022800
634,1747,1329022800
70,2175,1329022800
3658,160,1329022800
798,17,1329022800
798,2,1329022800
798,347,1329022800
798,946,1329022800
946,1741,1329022800
1,2846,1329109200
102,370,1329109200
108,2176,1329109200
146,69,1329109200
17,133,1329109200
2,70,1329109200
2176,108,1329109200
2846,1,1329109200
370,1,1329109200
370,102,1329109200
42,66,1329109200
69,146,1329109200
69,70,1329109200
69,939,1329109200
70,69,1329109200
1,347,1329195600
1141,38,1329195600
1488,347,1329195600
1741,798,1329195600
21,798,1329195600
2176,1,1329195600
2176,69,1329195600
347,1488,1329195600
38,1141,1329195600
513,945,1329195600
588,798,1329195600
3682,100,1329195600
3682,548,1329195600
798,1741,1329195600
798,21,1329195600
798,588,1329195600
9,548,1329195600
1029,798,1329282000
1295,4,1329282000
133,83,1329282000
211,24,1329282000
235,69,1329282000
24,211,1329282000
2847,69,1329282000
371,70,1329282000
51,70,1329282000
513,66,1329282000
513,9,1329282000
69,235,1329282000
69,2847,1329282000
70,371,1329282000
70,51,1329282000
3658,57,1329282000
798,1029,1329282000
97,1488,1329282000
1,2845,1329368400
11,799,1329368400
117,70,1329368400
277,78,1329368400
2845,1,1329368400
69,117,1329368400
70,117,1329368400
78,277,1329368400
1,1029,1329454800
1,2176,1329454800
1,9,1329454800
1272,133,1329454800
1272,371,1329454800
133,1272,1329454800
133,371,1329454800
142,70,1329454800
1458,2141,1329454800
1458,83,1329454800
1458,9,1329454800
146,2,1329454800
1488,370,1329454800
1488,97,1329454800
2,146,1329454800
26,75,1329454800
277,2,1329454800
370,1488,1329454800
370,51,1329454800
371,1272,1329454800
371,133,1329454800
51,370,1329454800
55,625,1329454800
69,142,1329454800
75,26,1329454800
9,1,1329454800
9,1458,1329454800
1295,1,1329541200
133,613,1329541200
145,26,1329541200
1458,347,1329541200
17,1746,1329541200
1715,77,1329541200
1746,17,1329541200
1746,946,1329541200
2849,798,1329541200
347,1458,1329541200
51,1140,1329541200
613,133,1329541200
613,26,1329541200
78,798,1329541200
798,2849,1329541200
798,78,1329541200
83,51,1329541200
1,951,1329627600
1029,1,1329627600
117,2,1329627600
1749,69,1329627600
2,117,1329627600
277,70,1329627600
277,3518,1329627600
2850,69,1329627600
317,951,1329627600
69,1749,1329627600
69,2850,1329627600
69,3634,1329627600
3518,277,1329627600
3634,69,1329627600
951,1,1329627600
1,1458,1329714000
1,2848,1329714000
117,1488,1329714000
133,66,1329714000
133,799,1329714000
1458,1,1329714000
1488,117,1329714000
193,3656,1329714000
20,145,1329714000
20,211,1329714000
21,1297,1329714000
211,20,1329714000
255,3518,1329714000
26,277,1329714000
277,26,1329714000
277,69,1329714000
506,3518,1329714000
57,1742,1329714000
57,3658,1329714000
66,133,1329714000
66,97,1329714000
687,3656,1329714000
69,277,1329714000
3518,255,1329714000
3518,501,1329714000
3518,546,1329714000
3656,193,1329714000
3656,687,1329714000
798,1297,1329714000
798,264,1329714000
799,11,1329714000
799,133,1329714000
97,66,1329714000
1077,51,1329800400
20,108,1329800400
2652,3518,1329800400
2853,38,1329800400
38,2853,1329800400
42,3682,1329800400
51,1077,1329800400
513,798,1329800400
66,83,1329800400
3518,2652,1329800400
3518,384,1329800400
798,11,1329800400
798,513,1329800400
83,66,1329800400
1,1749,1329886800
135,142,1329886800
142,135,1329886800
17,66,1329886800
2594,66,1329886800
26,386,1329886800
277,135,1329886800
386,26,1329886800
66,2594,1329886800
110,440,1329973200
110,67,1329973200
1308,70,1329973200
133,266,1329973200
133,75,1329973200
2848,1,1329973200
2856,66,1329973200
32,9,1329973200
347,409,1329973200
409,347,1329973200
409,66,1329973200
51,39,1329973200
66,2856,1329973200
66,409,1329973200
67,110,1329973200
70,1308,1329973200
75,133,1329973200
9,32,1329973200
121,232,1330059600
121,2855,1330059600
15,37,1330059600
157,933,1330059600
17,272,1330059600
17,799,1330059600
20,17,1330059600
21,100,1330059600
232,121,1330059600
26,133,1330059600
26,798,1330059600
26,933,1330059600
266,133,1330059600
2851,66,1330059600
370,117,1330059600
66,2851,1330059600
66,9,1330059600
798,26,1330059600
798,32,1330059600
799,17,1330059600
83,133,1330059600
9,165,1330059600
9,2141,1330059600
9,272,1330059600
9,66,1330059600
1458,26,1330146000
157,26,1330146000
159,2,1330146000
26,1030,1330146000
26,1138,1330146000
274,232,1330146000
347,939,1330146000
37,15,1330146000
67,51,1330146000
798,951,1330146000
9,2,1330146000
939,347,1330146000
939,3682,1330146000
951,798,1330146000
1,1750,1330232400
1030,798,1330232400
121,633,1330232400
150,193,1330232400
159,1140,1330232400
1750,1,1330232400
193,150,1330232400
232,211,1330232400
257,133,1330232400
2860,738,1330232400
361,371,1330232400
361,60,1330232400
51,687,1330232400
60,361,1330232400
738,2860,1330232400
798,1030,1330232400
11,1030,1330318800
1141,1142,1330318800
1142,1141,1330318800
1142,913,1330318800
1289,2146,1330318800
20,272,1330318800
211,272,1330318800
2146,1289,1330318800
2861,69,1330318800
361,4,1330318800
4,361,1330318800
50,1751,1330318800
69,2861,1330318800
9,24,1330318800
10,1307,1330405200
10,66,1330405200
1030,11,1330405200
1030,3656,1330405200
1307,10,1330405200
133,15,1330405200
15,91,1330405200
1749,347,1330405200
197,3656,1330405200
2855,121,1330405200
347,1749,1330405200
347,3656,1330405200
513,1751,1330405200
66,10,1330405200
3656,1030,1330405200
3656,197,1330405200
3656,347,1330405200
798,133,1330405200
91,15,1330405200
157,55,1330491600
2,21,1330491600
20,9,1330491600
272,15,1330491600
2854,55,1330491600
2863,69,1330491600
549,60,1330491600
549,3682,1330491600
55,157,1330491600
55,2854,1330491600
60,549,1330491600
67,9,1330491600
69,2863,1330491600
9,26,1330491600
1,35,1330578000
10,2179,1330578000
11,133,1330578000
11,1748,1330578000
121,2862,1330578000
121,472,1330578000
15,29,1330578000
170,686,1330578000
2179,10,1330578000
2862,121,1330578000
29,15,1330578000
35,1,1330578000
44,74,1330578000
472,121,1330578000
686,170,1330578000
69,1748,1330578000
3656,2,1330578000
83,2,1330578000
83,9,1330578000
1,2177,1330664400
1,2858,1330664400
11,2180,1330664400
121,2864,1330664400
1309,1,1330664400
1309,26,1330664400
15,67,1330664400
17,686,1330664400
1731,7,1330664400
2,83,1330664400
2179,11,1330664400
26,1309,1330664400
2864,121,1330664400
55,688,1330664400
67,15,1330664400
686,17,1330664400
688,143,1330664400
7,1731,1330664400
3656,135,1330664400
9,83,1330664400
1030,424,1330750800
11,274,1330750800
11,2865,1330750800
110,518,1330750800
133,142,1330750800
133,688,1330750800
142,133,1330750800
143,159,1330750800
143,688,1330750800
159,143,1330750800
2865,11,1330750800
424,1030,1330750800
688,133,1330750800
688,55,1330750800
1027,410,1330837200
107,360,1330837200
145,737,1330837200
1489,17,1330837200
1489,211,1330837200
1489,38,1330837200
17,1,1330837200
17,1489,1330837200
17,20,1330837200
211,1489,1330837200
211,232,1330837200
345,1744,1330837200
360,107,1330837200
38,1489,1330837200
410,1027,1330837200
486,410,1330837200
518,110,1330837200
518,14,1330837200
2174,3656,1330923600
51,15,1330923600
3656,2174,1330923600
9,687,1330923600
1143,211,1331010000
176,60,1331010000
176,99,1331010000
2,264,1331010000
2,97,1331010000
20,176,1331010000
211,1143,1331010000
24,44,1331010000
410,486,1331010000
44,24,1331010000
60,176,1331010000
3644,1143,1331010000
798,10,1331010000
10,187,1331096400
145,11,1331096400
15,51,1331096400
17,1490,1331096400
17,39,1331096400
17,549,1331096400
185,55,1331096400
187,10,1331096400
2179,170,1331096400
277,389,1331096400
2866,7,1331096400
389,277,1331096400
549,107,1331096400
549,17,1331096400
55,185,1331096400
7,2866,1331096400
1140,50,1331182800
1486,798,1331182800
15,438,1331182800
17,1305,1331182800
17,362,1331182800
170,2179,1331182800
211,98,1331182800
33,3525,1331182800
362,17,1331182800
38,1305,1331182800
737,145,1331182800
737,518,1331182800
798,1486,1331182800
98,211,1331182800
1475,2,1331269200
1490,17,1331269200
26,55,1331269200
2867,798,1331269200
305,370,1331269200
370,305,1331269200
55,26,1331269200
70,3525,1331269200
798,2867,1331269200
1140,798,1331355600
21,347,1331355600
211,631,1331355600
347,21,1331355600
534,2859,1331355600
70,211,1331355600
3653,798,1331355600
798,1140,1331355600
83,255,1331355600
11,277,1331442000
1305,17,1331442000
1305,38,1331442000
1753,798,1331442000
255,75,1331442000
255,798,1331442000
272,11,1331442000
272,2,1331442000
33,482,1331442000
482,33,1331442000
75,255,1331442000
3653,51,1331442000
798,1753,1331442000
798,255,1331442000
1,2181,1331524800
11,1311,1331524800
146,277,1331524800
2,133,1331524800
2181,1,1331524800
257,50,1331524800
257,69,1331524800
277,146,1331524800
277,2181,1331524800
277,52,1331524800
4,2868,1331524800
50,257,1331524800
52,277,1331524800
591,3647,1331524800
66,686,1331524800
686,66,1331524800
69,257,1331524800
3647,591,1331524800
10,69,1331611200
1287,51,1331611200
1311,11,1331611200
133,272,1331611200
1912,474,1331611200
197,798,1331611200
211,9,1331611200
272,133,1331611200
277,1142,1331611200
2871,798,1331611200
39,17,1331611200
39,2,1331611200
474,1912,1331611200
50,2182,1331611200
50,3592,1331611200
50,3682,1331611200
51,1287,1331611200
51,21,1331611200
51,98,1331611200
52,50,1331611200
55,875,1331611200
69,10,1331611200
3518,506,1331611200
3592,50,1331611200
798,197,1331611200
798,2871,1331611200
875,55,1331611200
9,133,1331611200
1,1309,1331697600
1,2870,1331697600
1282,17,1331697600
1312,798,1331697600
17,1282,1331697600
211,687,1331697600
211,3682,1331697600
2870,1,1331697600
2872,55,1331697600
361,107,1331697600
371,798,1331697600
39,2873,1331697600
39,51,1331697600
39,52,1331697600
52,39,1331697600
55,2872,1331697600
687,211,1331697600
69,2183,1331697600
69,857,1331697600
798,1312,1331697600
798,371,1331697600
857,69,1331697600
11,739,1331784000
1144,69,1331784000
1144,798,1331784000
1740,255,1331784000
2183,798,1331784000
2184,60,1331784000
255,1740,1331784000
255,33,1331784000
26,69,1331784000
266,69,1331784000
2875,798,1331784000
33,255,1331784000
33,635,1331784000
39,11,1331784000
60,2184,1331784000
635,33,1331784000
69,1144,1331784000
69,26,1331784000
69,266,1331784000
739,11,1331784000
3592,33,1331784000
798,1144,1331784000
798,2183,1331784000
798,2875,1331784000
798,69,1331784000
798,857,1331784000
857,798,1331784000
1,1491,1331870400
107,361,1331870400
107,549,1331870400
11,4,1331870400
1137,33,1331870400
1285,143,1331870400
143,1285,1331870400
17,255,1331870400
1754,739,1331870400
1754,798,1331870400
185,582,1331870400
194,736,1331870400
2,47,1331870400
2186,798,1331870400
255,17,1331870400
2877,739,1331870400
33,1137,1331870400
33,1754,1331870400
346,38,1331870400
370,798,1331870400
4,11,1331870400
484,65,1331870400
60,740,1331870400
687,185,1331870400
687,98,1331870400
736,194,1331870400
739,1754,1331870400
739,2877,1331870400
740,60,1331870400
798,2186,1331870400
798,370,1331870400
9,107,1331870400
949,369,1331870400
98,687,1331870400
11,1754,1331956800
1491,1,1331956800
1491,798,1331956800
1691,582,1331956800
17,145,1331956800
17,946,1331956800
1754,11,1331956800
2185,798,1331956800
2879,51,1331956800
51,2879,1331956800
52,739,1331956800
739,52,1331956800
798,1491,1331956800
798,2185,1331956800
875,50,1331956800
946,17,1331956800
1031,149,1332043200
11,1145,1332043200
11,1755,1332043200
149,50,1332043200
17,67,1332043200
1755,11,1332043200
1755,50,1332043200
1755,52,1332043200
198,2187,1332043200
198,277,1332043200
198,865,1332043200
2187,198,1332043200
232,277,1332043200
277,198,1332043200
277,232,1332043200
31,2,1332043200
39,1145,1332043200
39,70,1332043200
424,1138,1332043200
50,1755,1332043200
50,52,1332043200
50,875,1332043200
52,1755,1332043200
635,50,1332043200
67,17,1332043200
865,198,1332043200
1,1313,1332129600
1,2185,1332129600
10,17,1332129600
11,39,1332129600
1144,143,1332129600
1144,33,1332129600
1144,739,1332129600
1145,39,1332129600
1313,1,1332129600
1314,33,1332129600
143,1144,1332129600
17,10,1332129600
204,33,1332129600
2878,33,1332129600
2880,50,1332129600
33,1144,1332129600
33,1314,1332129600
33,204,1332129600
33,2878,1332129600
33,50,1332129600
33,739,1332129600
38,346,1332129600
50,2880,1332129600
52,1145,1332129600
52,51,1332129600
739,1144,1332129600
739,33,1332129600
739,50,1332129600
1145,11,1332216000
1315,793,1332216000
1316,1,1332216000
14,20,1332216000
14,9,1332216000
156,11,1332216000
156,17,1332216000
159,14,1332216000
17,14,1332216000
17,156,1332216000
20,14,1332216000
204,50,1332216000
211,11,1332216000
211,14,1332216000
52,634,1332216000
634,98,1332216000
70,39,1332216000
793,1315,1332216000
9,211,1332216000
98,634,1332216000
1,1492,1332302400
10,2188,1332302400
11,949,1332302400
1302,1,1332302400
1492,1,1332302400
1492,25,1332302400
1752,69,1332302400
2188,10,1332302400
2188,424,1332302400
25,1492,1332302400
424,2188,1332302400
66,70,1332302400
69,1302,1332302400
69,1752,1332302400
69,739,1332302400
70,66,1332302400
739,69,1332302400
9,518,1332302400
949,11,1332302400
98,69,1332302400
1314,739,1332388800
2,52,1332388800
25,739,1332388800
361,52,1332388800
52,361,1332388800
633,121,1332388800
633,50,1332388800
69,50,1332388800
69,98,1332388800
739,1314,1332388800
739,25,1332388800
142,50,1332475200
204,949,1332475200
2142,7,1332475200
24,949,1332475200
2883,50,1332475200
2884,798,1332475200
370,50,1332475200
50,142,1332475200
50,2883,1332475200
52,2,1332475200
623,69,1332475200
69,623,1332475200
7,2142,1332475200
798,2884,1332475200
949,204,1332475200
949,24,1332475200
10,159,1332561600
256,329,1332561600
39,108,1332561600
486,635,1332561600
635,486,1332561600
10,2190,1332648000
10,2787,1332648000
11,1493,1332648000
1145,52,1332648000
122,798,1332648000
1313,1492,1332648000
145,951,1332648000
1492,1313,1332648000
1493,11,1332648000
2189,2885,1332648000
2189,360,1332648000
2190,10,1332648000
22,638,1332648000
255,83,1332648000
2787,10,1332648000
2885,2189,1332648000
360,2189,1332648000
40,65,1332648000
424,638,1332648000
51,638,1332648000
638,424,1332648000
65,40,1332648000
687,11,1332648000
951,145,1332648000
107,16,1332734400
11,272,1332734400
117,1317,1332734400
1317,117,1332734400
1317,259,1332734400
156,634,1332734400
16,107,1332734400
211,389,1332734400
2191,518,1332734400
232,55,1332734400
24,50,1332734400
259,1317,1332734400
50,1756,1332734400
50,24,1332734400
518,2191,1332734400
55,232,1332734400
3592,83,1332734400
3648,7,1332734400
83,3592,1332734400
1032,25,1332820800
1313,161,1332820800
1318,69,1332820800
1493,1,1332820800
1757,69,1332820800
25,1032,1332820800
258,69,1332820800
69,1318,1332820800
69,1757,1332820800
69,258,1332820800
9,14,1332820800
1,117,1332907200
117,1,1332907200
1921,258,1332907200
258,1921,1332907200
683,798,1332907200
798,122,1332907200
10,1146,1332993600
1146,10,1332993600
117,69,1332993600
161,1313,1332993600
161,31,1332993600
201,24,1332993600
24,201,1332993600
2886,52,1332993600
2887,51,1332993600
31,161,1332993600
51,2887,1332993600
52,2886,1332993600
52,951,1332993600
638,9,1332993600
70,258,1332993600
798,161,1332993600
798,24,1332993600
951,52,1332993600
1,1318,1333080000
1,259,1333080000
1,2876,1333080000
1,2881,1333080000
11,70,1333080000
1140,1308,1333080000
1140,161,1333080000
1308,1140,1333080000
1314,2888,1333080000
1314,51,1333080000
1318,1,1333080000
146,519,1333080000
161,1140,1333080000
258,264,1333080000
258,635,1333080000
264,258,1333080000
2876,1,1333080000
47,31,1333080000
51,1314,1333080000
518,60,1333080000
519,146,1333080000
519,946,1333080000
635,258,1333080000
635,2882,1333080000
70,108,1333080000
70,142,1333080000
70,2,1333080000
70,277,1333080000
70,346,1333080000
70,67,1333080000
946,519,1333080000
1146,31,1333166400
2882,635,1333166400
2888,1314,1333166400
31,1146,1333166400
133,9,1333252800
15,20,1333252800
1624,2193,1333252800
2,77,1333252800
20,15,1333252800
2192,7,1333252800
2193,1624,1333252800
487,69,1333252800
69,487,1333252800
7,2192,1333252800
9,135,1333252800
1,276,1333339200
2,20,1333339200
20,2,1333339200
264,52,1333339200
276,1,1333339200
277,2194,1333339200
2874,69,1333339200
453,519,1333339200
519,453,1333339200
52,264,1333339200
55,1319,1333339200
69,2874,1333339200
69,90,1333339200
90,69,1333339200
100,52,1333425600
11,345,1333425600
117,370,1333425600
14,518,1333425600
1495,156,1333425600
156,1495,1333425600
161,69,1333425600
1758,69,1333425600
197,69,1333425600
2,66,1333425600
2195,52,1333425600
264,639,1333425600
52,100,1333425600
52,9,1333425600
639,264,1333425600
69,161,1333425600
69,1758,1333425600
69,197,1333425600
69,97,1333425600
97,69,1333425600
117,2193,1333512000
121,800,1333512000
1494,1,1333512000
1494,161,1333512000
156,161,1333512000
161,1494,1333512000
161,156,1333512000
161,204,1333512000
17,3463,1333512000
1759,69,1333512000
18,117,1333512000
198,69,1333512000
204,161,1333512000
2193,117,1333512000
2196,69,1333512000
370,69,1333512000
3463,17,1333512000
52,69,1333512000
69,1759,1333512000
69,198,1333512000
69,2196,1333512000
69,370,1333512000
69,52,1333512000
69,800,1333512000
800,121,1333512000
800,69,1333512000
1033,52,1333598400
11,347,1333598400
1494,188,1333598400
1494,2,1333598400
1495,69,1333598400
171,69,1333598400
2,1494,1333598400
2,188,1333598400
2197,276,1333598400
276,2197,1333598400
347,11,1333598400
52,1033,1333598400
687,7,1333598400
69,1495,1333598400
69,171,1333598400
7,687,1333598400
946,21,1333598400
11,1034,1333684800
11,276,1333684800
11,482,1333684800
1494,69,1333684800
17,55,1333684800
198,40,1333684800
22,7,1333684800
276,11,1333684800
2889,7,1333684800
33,3647,1333684800
40,198,1333684800
482,11,1333684800
65,11,1333684800
7,22,1333684800
7,2889,1333684800
1,1034,1333771200
25,949,1333771200
276,949,1333771200
2869,7,1333771200
518,176,1333771200
949,15,1333771200
949,25,1333771200
949,276,1333771200
146,346,1333857600
20,188,1333857600
21,16,1333857600
346,1,1333857600
346,146,1333857600
156,639,1333944000
2180,52,1333944000
256,40,1333944000
52,2180,1333944000
10,639,1334030400
11,197,1334030400
13,1759,1334030400
13,204,1334030400
13,3535,1334030400
142,25,1334030400
197,11,1334030400
20,152,1334030400
20,65,1334030400
204,13,1334030400
204,3535,1334030400
25,142,1334030400
25,90,1334030400
389,60,1334030400
389,74,1334030400
487,13,1334030400
487,687,1334030400
52,686,1334030400
639,10,1334030400
639,687,1334030400
686,52,1334030400
687,487,1334030400
3535,13,1334030400
3535,204,1334030400
3672,11,1334030400
3672,25,1334030400
90,25,1334030400
1,1494,1334116800
1,1496,1334116800
1,2178,1334116800
1,2892,1334116800
1,636,1334116800
146,2894,1334116800
17,98,1334116800
258,35,1334116800
258,639,1334116800
272,145,1334116800
2892,1,1334116800
2892,57,1334116800
2894,146,1334116800
33,370,1334116800
370,33,1334116800
487,145,1334116800
519,110,1334116800
687,639,1334116800
7,2869,1334116800
98,17,1334116800
176,209,1334203200
176,2857,1334203200
176,518,1334203200
2177,1,1334203200
25,479,1334203200
277,14,1334203200
479,25,1334203200
52,2896,1334203200
637,7,1334203200
7,637,1334203200
9,145,1334203200
11,639,1334289600
11,69,1334289600
17,31,1334289600
1760,69,1334289600
204,69,1334289600
2177,69,1334289600
257,52,1334289600
2893,52,1334289600
31,17,1334289600
52,2195,1334289600
52,257,1334289600
52,2893,1334289600
69,204,1334289600
69,2177,1334289600
3648,51,1334289600
1,1760,1334376000
117,90,1334376000
135,586,1334376000
135,9,1334376000
145,1761,1334376000
145,21,1334376000
1497,1760,1334376000
1760,1497,1334376000
1760,7,1334376000
1760,83,1334376000
1761,145,1334376000
1761,2897,1334376000
190,258,1334376000
193,52,1334376000
21,145,1334376000
2177,1318,1334376000
258,190,1334376000
2857,145,1334376000
2857,74,1334376000
2897,1761,1334376000
52,3647,1334376000
3648,83,1334376000
798,52,1334376000
83,1760,1334376000
83,3648,1334376000
90,117,1334376000
11,145,1334462400
1147,7,1334462400
117,22,1334462400
2198,798,1334462400
25,258,1334462400
258,25,1334462400
40,77,1334462400
52,193,1334462400
7,1147,1334462400
798,2198,1334462400
1,1493,1334548800
1034,1,1334548800
1035,171,1334548800
1148,1760,1334548800
117,2199,1334548800
121,486,1334548800
133,257,1334548800
145,487,1334548800
1498,1760,1334548800
1498,258,1334548800
171,1035,1334548800
1760,1148,1334548800
1760,1498,1334548800
1760,190,1334548800
190,1760,1334548800
2199,117,1334548800
258,1498,1334548800
52,1138,1334548800
69,1760,1334548800
1,1320,1334635200
1034,25,1334635200
11,2167,1334635200
11,255,1334635200
117,1314,1334635200
1314,117,1334635200
1315,1,1334635200
1320,1,1334635200
1320,1500,1334635200
1320,1760,1334635200
1760,1320,1334635200
2167,11,1334635200
24,117,1334635200
25,1034,1334635200
255,11,1334635200
389,311,1334635200
452,7,1334635200
518,737,1334635200
639,11,1334635200
7,452,1334635200
874,1,1334635200
1,2198,1334721600
1,519,1334721600
1031,25,1334721600
110,519,1334721600
1500,1,1334721600
1500,1320,1334721600
2178,1,1334721600
2196,25,1334721600
25,1031,1334721600
25,2196,1334721600
258,874,1334721600
28,130,1334721600
2899,519,1334721600
519,2899,1334721600
52,1034,1334721600
52,955,1334721600
686,7,1334721600
874,121,1334721600
874,258,1334721600
955,52,1334721600
1,1315,1334808000
1,1500,1334808000
1,2898,1334808000
1,874,1334808000
117,2178,1334808000
13,3540,1334808000
1487,1035,1334808000
1487,117,1334808000
2178,117,1334808000
2201,1034,1334808000
2201,4,1334808000
232,1610,1334808000
255,47,1334808000
265,4,1334808000
28,955,1334808000
4,265,1334808000
52,67,1334808000
67,52,1334808000
3540,13,1334808000
3540,145,1334808000
3540,17,1334808000
3540,64,1334808000
955,28,1334808000
10,1762,1334894400
130,10,1334894400
1760,11,1334894400
18,2200,1334894400
18,346,1334894400
259,874,1334894400
274,52,1334894400
2853,1,1334894400
2901,474,1334894400
346,18,1334894400
389,257,1334894400
474,2901,1334894400
52,274,1334894400
52,949,1334894400
687,83,1334894400
874,259,1334894400
949,130,1334894400
949,52,1334894400
10,592,1334980800
1034,11,1334980800
1034,47,1334980800
1145,20,1334980800
1145,51,1334980800
117,2702,1334980800
13,1767,1334980800
133,20,1334980800
135,29,1334980800
170,370,1334980800
1762,10,1334980800
1766,3604,1334980800
20,1145,1334980800
22,940,1334980800
257,380,1334980800
2702,117,1334980800
272,211,1334980800
33,1766,1334980800
380,257,1334980800
51,1145,1334980800
52,637,1334980800
52,7,1334980800
52,946,1334980800
592,10,1334980800
637,52,1334980800
7,52,1334980800
3540,2,1334980800
3604,1766,1334980800
798,955,1334980800
946,52,1334980800
955,798,1334980800
1,955,1335067200
10,92,1335067200
1147,798,1335067200
1149,1500,1335067200
143,1500,1335067200
143,2905,1335067200
143,452,1335067200
1500,1149,1335067200
1500,143,1335067200
1502,1,1335067200
1502,33,1335067200
1760,33,1335067200
1762,33,1335067200
1764,25,1335067200
1766,798,1335067200
2200,18,1335067200
25,1764,1335067200
2905,143,1335067200
33,1502,1335067200
33,1760,1335067200
33,1762,1335067200
38,1493,1335067200
452,143,1335067200
3647,107,1335067200
798,1147,1335067200
798,1766,1335067200
92,10,1335067200
1026,143,1335153600
1026,688,1335153600
1026,957,1335153600
1146,798,1335153600
1149,259,1335153600
1149,454,1335153600
135,277,1335153600
135,2895,1335153600
143,1026,1335153600
143,550,1335153600
1742,117,1335153600
185,1691,1335153600
185,37,1335153600
185,51,1335153600
185,687,1335153600
185,3644,1335153600
25,592,1335153600
259,1149,1335153600
2895,135,1335153600
2902,52,1335153600
37,185,1335153600
37,3540,1335153600
454,1149,1335153600
52,2902,1335153600
550,143,1335153600
550,161,1335153600
592,25,1335153600
3540,37,1335153600
798,1146,1335153600
957,1026,1335153600
10,146,1335240000
117,1742,1335240000
117,402,1335240000
1320,52,1335240000
146,10,1335240000
146,52,1335240000
146,634,1335240000
1760,67,1335240000
18,2199,1335240000
197,47,1335240000
204,798,1335240000
402,117,1335240000
52,1320,1335240000
52,146,1335240000
634,146,1335240000
67,1760,1335240000
3596,1094,1335240000
3596,3647,1335240000
798,204,1335240000
798,957,1335240000
957,798,1335240000
1,1502,1335326400
1,2904,1335326400
10,318,1335326400
1034,52,1335326400
142,550,1335326400
143,1502,1335326400
1498,798,1335326400
1502,143,1335326400
157,204,1335326400
204,157,1335326400
304,518,1335326400
318,10,1335326400
52,550,1335326400
550,142,1335326400
550,52,1335326400
60,63,1335326400
63,60,1335326400
3596,958,1335326400
92,958,1335326400
955,1,1335326400
958,3596,1335326400
958,92,1335326400
1,1148,1335412800
10,1150,1335412800
1148,1,1335412800
1148,798,1335412800
1150,10,1335412800
1150,592,1335412800
1150,92,1335412800
133,26,1335412800
1502,38,1335412800
1760,1,1335412800
1760,258,1335412800
258,1760,1335412800
29,7,1335412800
38,1502,1335412800
38,2906,1335412800
402,121,1335412800
592,1150,1335412800
639,3604,1335412800
639,798,1335412800
7,29,1335412800
3604,639,1335412800
798,1148,1335412800
798,1498,1335412800
798,639,1335412800
92,1150,1335412800
10,77,1335499200
1148,874,1335499200
1149,29,1335499200
29,1149,1335499200
2906,38,1335499200
33,550,1335499200
452,3647,1335499200
550,33,1335499200
638,52,1335499200
3647,452,1335499200
77,10,1335499200
874,1148,1335499200
107,9,1335585600
1285,142,1335585600
1285,22,1335585600
142,1285,1335585600
152,101,1335585600
152,113,1335585600
152,20,1335585600
152,234,1335585600
152,37,1335585600
152,9,1335585600
22,1285,1335585600
258,117,1335585600
402,438,1335585600
11,550,1335672000
117,80,1335672000
14,16,1335672000
143,1762,1335672000
16,14,1335672000
1762,143,1335672000
185,2,1335672000
2204,874,1335672000
2205,3647,1335672000
391,452,1335672000
452,391,1335672000
550,11,1335672000
634,52,1335672000
3647,2205,1335672000
874,2204,1335672000
1,958,1335758400
10,2204,1335758400
107,3647,1335758400
11,22,1335758400
1503,798,1335758400
161,690,1335758400
2204,10,1335758400
25,487,1335758400
2910,550,1335758400
484,39,1335758400
487,25,1335758400
550,190,1335758400
550,2910,1335758400
690,161,1335758400
3535,798,1335758400
3679,190,1335758400
798,1503,1335758400
798,3535,1335758400
10,175,1335844800
117,1318,1335844800
117,258,1335844800
117,2908,1335844800
117,2911,1335844800
1318,117,1335844800
161,2,1335844800
161,520,1335844800
175,10,1335844800
190,3679,1335844800
2,161,1335844800
26,1501,1335844800
272,7,1335844800
2908,117,1335844800
2911,117,1335844800
520,161,1335844800
586,592,1335844800
592,586,1335844800
1,2909,1335931200
1035,1487,1335931200
11,360,1335931200
1495,7,1335931200
1769,2203,1335931200
1769,798,1335931200
2,257,1335931200
2182,3535,1335931200
2857,176,1335931200
2909,1,1335931200
2912,741,1335931200
2913,636,1335931200
2914,38,1335931200
360,11,1335931200
38,2914,1335931200
38,874,1335931200
636,2913,1335931200
7,1495,1335931200
3535,2182,1335931200
741,2912,1335931200
798,1769,1335931200
798,958,1335931200
958,798,1335931200
1,2907,1336017600
10,319,1336017600
11,2915,1336017600
17,2206,1336017600
177,592,1336017600
219,802,1336017600
2206,17,1336017600
258,623,1336017600
29,360,1336017600
2908,211,1336017600
2915,11,1336017600
319,10,1336017600
592,177,1336017600
623,258,1336017600
3535,350,1336017600
802,219,1336017600
874,38,1336017600
874,57,1336017600
11,2918,1336104000
133,2,1336104000
16,219,1336104000
2,17,1336104000
219,16,1336104000
2207,634,1336104000
2207,798,1336104000
257,2916,1336104000
26,350,1336104000
2916,257,1336104000
2917,798,1336104000
33,350,1336104000
350,33,1336104000
487,798,1336104000
634,2207,1336104000
3647,7,1336104000
798,177,1336104000
798,2207,1336104000
798,2917,1336104000
798,487,1336104000
798,874,1336104000
874,18,1336104000
874,798,1336104000
1,2782,1336190400
14,267,1336190400
17,728,1336190400
2,185,1336190400
24,133,1336190400
267,176,1336190400
267,304,1336190400
267,60,1336190400
267,3659,1336190400
267,9,1336190400
2907,1,1336190400
2908,10,1336190400
60,267,1336190400
63,875,1336190400
728,17,1336190400
9,267,1336190400
161,550,1336276800
17,40,1336276800
267,443,1336276800
2908,11,1336276800
40,17,1336276800
40,2919,1336276800
443,267,1336276800
47,40,1336276800
586,135,1336276800
117,1487,1336363200
135,177,1336363200
177,135,1336363200
2,25,1336363200
22,259,1336363200
25,2,1336363200
259,22,1336363200
259,479,1336363200
267,839,1336363200
38,277,1336363200
479,259,1336363200
51,11,1336363200
60,80,1336363200
687,3647,1336363200
690,18,1336363200
3647,687,1336363200
10,1424,1336449600
10,24,1336449600
10,44,1336449600
1424,10,1336449600
1504,60,1336449600
157,85,1336449600
2,489,1336449600
21,361,1336449600
24,10,1336449600
361,21,1336449600
4,1322,1336449600
44,10,1336449600
44,803,1336449600
484,21,1336449600
489,2,1336449600
60,1504,1336449600
803,44,1336449600
85,157,1336449600
101,193,1336536000
1022,161,1336536000
1022,350,1336536000
117,1758,1336536000
135,551,1336536000
1505,161,1336536000
161,1022,1336536000
161,1505,1336536000
1758,117,1336536000
193,101,1336536000
21,1986,1336536000
2908,631,1336536000
2922,7,1336536000
31,1134,1336536000
33,1034,1336536000
440,60,1336536000
7,2922,1336536000
161,1765,1336622400
161,1770,1336622400
161,2209,1336622400
1767,11,1336622400
1770,161,1336622400
2209,161,1336622400
2209,7,1336622400
272,107,1336622400
272,152,1336622400
272,348,1336622400
2908,1769,1336622400
348,145,1336622400
348,1707,1336622400
348,626,1336622400
348,9,1336622400
483,7,1336622400
7,2209,1336622400
7,483,1336622400
9,348,1336622400
11,51,1336708800
1147,117,1336708800
117,1147,1336708800
216,2,1336708800
219,31,1336708800
219,370,1336708800
235,135,1336708800
264,185,1336708800
2923,7,1336708800
31,219,1336708800
370,219,1336708800
47,24,1336708800
51,185,1336708800
7,2923,1336708800
103,161,1336795200
103,3647,1336795200
117,2210,1336795200
117,7,1336795200
137,43,1336795200
142,1770,1336795200
161,103,1336795200
161,592,1336795200
1765,161,1336795200
1765,177,1336795200
177,2924,1336795200
1770,142,1336795200
2210,117,1336795200
28,80,1336795200
2924,177,1336795200
40,97,1336795200
43,137,1336795200
592,161,1336795200
60,673,1336795200
673,60,1336795200
673,740,1336795200
7,117,1336795200
3647,103,1336795200
799,117,1336795200
799,25,1336795200
97,40,1336795200
14,392,1336881600
157,216,1336881600
17,60,1336881600
177,14,1336881600
177,1765,1336881600
204,3647,1336881600
211,47,1336881600
216,157,1336881600
216,7,1336881600
25,3647,1336881600
317,69,1336881600
392,14,1336881600
60,17,1336881600
3647,204,1336881600
3647,25,1336881600
80,2925,1336881600
1,301,1336968000
11,2,1336968000
117,1324,1336968000
117,506,1336968000
1324,117,1336968000
1773,60,1336968000
350,635,1336968000
506,117,1336968000
60,1773,1336968000
635,350,1336968000
3659,689,1336968000
1,2920,1337054400
1134,2202,1337054400
204,3604,1337054400
2210,7,1337054400
348,7,1337054400
7,2210,1337054400
7,348,1337054400
3604,204,1337054400
10,1324,1337140800
121,2208,1337140800
1324,10,1337140800
1505,798,1337140800
156,1324,1337140800
204,75,1337140800
2202,1134,1337140800
257,32,1337140800
264,2,1337140800
264,805,1337140800
301,1,1337140800
32,257,1337140800
361,1753,1337140800
75,204,1337140800
798,1505,1337140800
117,122,1337227200
122,117,1337227200
122,143,1337227200
143,122,1337227200
16,40,1337227200
2194,264,1337227200
2211,7,1337227200
264,2194,1337227200
40,16,1337227200
489,165,1337227200
623,798,1337227200
691,798,1337227200
7,2211,1337227200
798,623,1337227200
798,691,1337227200
103,1317,1337313600
103,1325,1337313600
103,946,1337313600
1325,103,1337313600
1325,216,1337313600
16,177,1337313600
177,16,1337313600
177,219,1337313600
177,4,1337313600
216,1325,1337313600
219,177,1337313600
285,38,1337313600
38,285,1337313600
4,177,1337313600
51,741,1337313600
60,16,1337313600
7,1317,1337313600
7,1325,1337313600
741,51,1337313600
78,955,1337313600
946,103,1337313600
955,78,1337313600
1325,7,1337400000
177,1696,1337400000
177,204,1337400000
177,31,1337400000
204,177,1337400000
274,2928,1337400000
285,301,1337400000
285,806,1337400000
2925,317,1337400000
2928,274,1337400000
4,168,1337400000
806,285,1337400000
1134,31,1337486400
1147,80,1337486400
152,216,1337486400
157,190,1337486400
159,20,1337486400
159,272,1337486400
177,9,1337486400
190,157,1337486400
216,152,1337486400
25,799,1337486400
2925,80,1337486400
2929,393,1337486400
31,9,1337486400
37,66,1337486400
393,452,1337486400
452,393,1337486400
9,31,1337486400
1,804,1337572800
117,285,1337572800
175,438,1337572800
2212,393,1337572800
285,117,1337572800
393,2212,1337572800
438,15,1337572800
484,52,1337572800
486,35,1337572800
52,1986,1337572800
804,1,1337572800
100,133,1337659200
1326,16,1337659200
133,100,1337659200
142,69,1337659200
159,38,1337659200
159,65,1337659200
16,1326,1337659200
16,1427,1337659200
16,2930,1337659200
16,60,1337659200
1740,3527,1337659200
1757,7,1337659200
1767,13,1337659200
190,3667,1337659200
21,274,1337659200
21,393,1337659200
2212,3527,1337659200
272,426,1337659200
2930,16,1337659200
301,285,1337659200
38,14,1337659200
38,159,1337659200
38,165,1337659200
38,17,1337659200
38,211,1337659200
38,22,1337659200
38,272,1337659200
38,37,1337659200
38,4,1337659200
38,47,1337659200
38,65,1337659200
38,66,1337659200
393,21,1337659200
393,3527,1337659200
43,592,1337659200
482,66,1337659200
482,3527,1337659200
51,3527,1337659200
585,3543,1337659200
592,43,1337659200
65,272,1337659200
65,38,1337659200
69,317,1337659200
7,1757,1337659200
3527,2212,1337659200
3527,393,1337659200
3527,482,1337659200
3543,1,1337659200
3543,585,1337659200
3667,190,1337659200
117,2931,1337745600
17,521,1337745600
177,2213,1337745600
2213,177,1337745600
2931,117,1337745600
2932,33,1337745600
32,2134,1337745600
33,2932,1337745600
51,1020,1337745600
3662,804,1337745600
804,3662,1337745600
10,11,1337832000
1150,204,1337832000
117,2933,1337832000
1328,204,1337832000
133,25,1337832000
177,2679,1337832000
177,3527,1337832000
1774,32,1337832000
204,1150,1337832000
204,1328,1337832000
25,133,1337832000
2932,51,1337832000
2933,117,1337832000
304,14,1337832000
304,176,1337832000
304,20,1337832000
304,267,1337832000
304,9,1337832000
32,1774,1337832000
32,3544,1337832000
360,35,1337832000
393,1774,1337832000
438,175,1337832000
52,1328,1337832000
3527,177,1337832000
3544,32,1337832000
3667,285,1337832000
3682,11,1337832000
3682,159,1337832000
3682,17,1337832000
3682,1723,1337832000
3682,176,1337832000
3682,18,1337832000
3682,2,1337832000
3682,20,1337832000
3682,22,1337832000
3682,24,1337832000
3682,26,1337832000
3682,272,1337832000
3682,357,1337832000
3682,39,1337832000
3682,4,1337832000
3682,42,1337832000
3682,47,1337832000
3682,50,1337832000
3682,51,1337832000
3682,60,1337832000
3682,681,1337832000
3682,9,1337832000
133,318,1337918400
146,1507,1337918400
146,2934,1337918400
1507,146,1337918400
17,176,1337918400
1774,393,1337918400
2215,97,1337918400
25,284,1337918400
284,25,1337918400
284,52,1337918400
2934,146,1337918400
318,133,1337918400
51,1322,1337918400
52,284,1337918400
97,2215,1337918400
1,2927,1338004800
10,2215,1338004800
11,88,1338004800
1328,177,1338004800
1769,1020,1338004800
1769,631,1338004800
177,1328,1338004800
177,2935,1338004800
22,133,1338004800
2215,10,1338004800
272,177,1338004800
2900,3544,1338004800
2935,177,1338004800
319,7,1338004800
319,3544,1338004800
452,1328,1338004800
65,7,1338004800
7,319,1338004800
7,407,1338004800
3543,319,1338004800
3544,2900,1338004800
3544,319,1338004800
3662,1020,1338004800
3667,428,1338004800
100,3667,1338091200
1020,177,1338091200
1328,43,1338091200
1328,452,1338091200
133,2216,1338091200
133,319,1338091200
133,391,1338091200
133,70,1338091200
133,3573,1338091200
133,3667,1338091200
17,284,1338091200
1714,177,1338091200
177,1714,1338091200
177,284,1338091200
184,673,1338091200
2216,133,1338091200
264,11,1338091200
284,17,1338091200
284,177,1338091200
284,392,1338091200
319,133,1338091200
319,43,1338091200
392,284,1338091200
392,381,1338091200
43,1328,1338091200
43,319,1338091200
3573,2216,1338091200
3667,100,1338091200
3667,133,1338091200
1,1505,1338177600
161,2213,1338177600
161,635,1338177600
184,360,1338177600
2213,161,1338177600
2936,43,1338177600
304,360,1338177600
393,2929,1338177600
43,2936,1338177600
635,161,1338177600
673,184,1338177600
673,875,1338177600
11,2217,1338264000
123,177,1338264000
13,133,1338264000
1326,1328,1338264000
1328,1326,1338264000
1328,52,1338264000
133,13,1338264000
161,454,1338264000
161,77,1338264000
20,66,1338264000
2217,11,1338264000
2927,1,1338264000
319,31,1338264000
32,3573,1338264000
360,184,1338264000
360,304,1338264000
454,161,1338264000
7,796,1338264000
71,800,1338264000
3543,743,1338264000
743,3543,1338264000
3573,32,1338264000
77,161,1338264000
800,71,1338264000
103,1508,1338350400
103,284,1338350400
11,1508,1338350400
1508,103,1338350400
1508,11,1338350400
1508,392,1338350400
190,318,1338350400
2153,284,1338350400
284,103,1338350400
284,2153,1338350400
318,190,1338350400
319,3543,1338350400
392,1508,1338350400
623,43,1338350400
10,315,1338436800
10,545,1338436800
10,787,1338436800
10,918,1338436800
1322,161,1338436800
1509,918,1338436800
161,1322,1338436800
161,623,1338436800
306,452,1338436800
315,10,1338436800
32,521,1338436800
38,742,1338436800
393,43,1338436800
43,393,1338436800
452,306,1338436800
452,9,1338436800
521,32,1338436800
623,161,1338436800
742,38,1338436800
744,38,1338436800
77,1328,1338436800
77,9,1338436800
787,10,1338436800
9,452,1338436800
9,77,1338436800
918,10,1338436800
918,1509,1338436800
1,1510,1338523200
10,1288,1338523200
1150,67,1338523200
1288,10,1338523200
1510,1,1338523200
17,306,1338523200
204,804,1338523200
32,70,1338523200
427,55,1338523200
545,10,1338523200
545,135,1338523200
545,14,1338523200
545,155,1338523200
545,9,1338523200
55,2220,1338523200
55,427,1338523200
67,1150,1338523200
70,32,1338523200
71,742,1338523200
3543,393,1338523200
75,8,1338523200
8,157,1338523200
8,75,1338523200
804,204,1338523200
133,11,1338609600
2157,410,1338609600
2937,474,1338609600
410,2157,1338609600
474,2937,1338609600
3543,17,1338609600
77,545,1338609600
11,552,1338696000
1153,3679,1338696000
17,265,1338696000
17,4,1338696000
1764,2940,1338696000
2,306,1338696000
2,787,1338696000
2194,277,1338696000
2223,35,1338696000
2223,71,1338696000
265,17,1338696000
2940,1764,1338696000
319,741,1338696000
552,11,1338696000
71,2223,1338696000
3679,1153,1338696000
787,2,1338696000
1,2217,1338782400
11,1775,1338782400
1148,117,1338782400
117,306,1338782400
1288,519,1338782400
146,2219,1338782400
146,2939,1338782400
146,78,1338782400
150,2822,1338782400
177,63,1338782400
1775,11,1338782400
187,552,1338782400
190,189,1338782400
22,110,1338782400
22,189,1338782400
2219,146,1338782400
2219,389,1338782400
2222,3667,1338782400
2822,150,1338782400
285,64,1338782400
2939,146,1338782400
32,393,1338782400
392,43,1338782400
393,32,1338782400
4,17,1338782400
40,3543,1338782400
410,117,1338782400
410,742,1338782400
43,392,1338782400
519,1288,1338782400
55,390,1338782400
7,98,1338782400
3543,40,1338782400
3667,2222,1338782400
78,146,1338782400
102,32,1338868800
11,1512,1338868800
117,260,1338868800
117,410,1338868800
1272,98,1338868800
137,264,1338868800
1508,3549,1338868800
1512,11,1338868800
16,265,1338868800
177,393,1338868800
177,799,1338868800
260,117,1338868800
264,137,1338868800
265,16,1338868800
265,32,1338868800
265,393,1338868800
265,490,1338868800
32,102,1338868800
32,265,1338868800
390,55,1338868800
393,177,1338868800
393,265,1338868800
43,454,1338868800
454,43,1338868800
474,745,1338868800
519,745,1338868800
3549,1508,1338868800
745,474,1338868800
745,519,1338868800
3647,26,1338868800
3647,52,1338868800
799,177,1338868800
98,1272,1338868800
1,29,1338955200
123,22,1338955200
16,2077,1338955200
16,2944,1338955200
168,37,1338955200
1764,37,1338955200
1775,3647,1338955200
236,350,1338955200
25,804,1338955200
2577,2151,1338955200
2577,38,1338955200
29,1,1338955200
2943,55,1338955200
2944,16,1338955200
306,31,1338955200
319,799,1338955200
350,236,1338955200
37,168,1338955200
37,1764,1338955200
38,2577,1338955200
55,2943,1338955200
3549,2221,1338955200
3647,1775,1338955200
799,319,1338955200
804,25,1338955200
10,33,1339041600
10,941,1339041600
11,264,1339041600
110,29,1339041600
110,487,1339041600
1513,11,1339041600
1513,552,1339041600
170,2224,1339041600
189,1506,1339041600
21,70,1339041600
2224,170,1339041600
26,941,1339041600
29,110,1339041600
306,17,1339041600
33,10,1339041600
552,1311,1339041600
70,21,1339041600
3549,1037,1339041600
941,26,1339041600
106,189,1339128000
106,941,1339128000
16,392,1339128000
1740,350,1339128000
189,106,1339128000
209,176,1339128000
209,257,1339128000
209,267,1339128000
209,63,1339128000
257,209,1339128000
265,177,1339128000
284,8,1339128000
370,7,1339128000
392,16,1339128000
392,63,1339128000
51,10,1339128000
63,209,1339128000
63,392,1339128000
8,284,1339128000
941,106,1339128000
98,51,1339128000
10,51,1339214400
110,8,1339214400
1287,7,1339214400
135,235,1339214400
146,2226,1339214400
1740,1778,1339214400
1778,43,1339214400
20,372,1339214400
2226,146,1339214400
306,66,1339214400
33,503,1339214400
43,1778,1339214400
43,503,1339214400
503,43,1339214400
55,1155,1339214400
7,1287,1339214400
3573,7,1339214400
88,17,1339214400
1,2926,1339300800
1149,146,1339300800
146,1149,1339300800
146,1501,1339300800
146,2197,1339300800
1501,146,1339300800
2197,146,1339300800
22,80,1339300800
25,60,1339300800
2938,410,1339300800
410,2938,1339300800
438,521,1339300800
486,2223,1339300800
503,33,1339300800
51,80,1339300800
80,184,1339300800
80,51,1339300800
1,1509,1339387200
1,623,1339387200
1020,51,1339387200
1037,3549,1339387200
11,188,1339387200
11,623,1339387200
1134,80,1339387200
152,188,1339387200
161,260,1339387200
187,11,1339387200
187,25,1339387200
2194,1987,1339387200
25,187,1339387200
26,211,1339387200
260,161,1339387200
410,800,1339387200
44,514,1339387200
623,1,1339387200
623,11,1339387200
70,133,1339387200
70,9,1339387200
3549,1778,1339387200
80,1134,1339387200
800,410,1339387200
9,70,1339387200
1,2942,1339473600
10,741,1339473600
100,26,1339473600
1020,166,1339473600
1329,1037,1339473600
1509,201,1339473600
166,1020,1339473600
166,548,1339473600
177,411,1339473600
177,552,1339473600
201,1509,1339473600
201,8,1339473600
2223,486,1339473600
26,100,1339473600
260,285,1339473600
260,35,1339473600
260,38,1339473600
260,67,1339473600
285,260,1339473600
286,8,1339473600
411,177,1339473600
521,438,1339473600
548,166,1339473600
552,177,1339473600
552,260,1339473600
67,260,1339473600
7,318,1339473600
741,10,1339473600
741,319,1339473600
3549,1329,1339473600
8,201,1339473600
8,286,1339473600
8,43,1339473600
1,2945,1339560000
11,1156,1339560000
11,8,1339560000
1156,11,1339560000
1156,522,1339560000
1308,7,1339560000
1326,25,1339560000
1328,77,1339560000
18,690,1339560000
190,55,1339560000
20,1771,1339560000
25,1326,1339560000
26,66,1339560000
260,1,1339560000
260,402,1339560000
402,260,1339560000
522,1156,1339560000
66,26,1339560000
7,1308,1339560000
11,260,1339646400
1506,189,1339646400
1771,20,1339646400
260,11,1339646400
2949,393,1339646400
329,393,1339646400
393,2949,1339646400
393,329,1339646400
106,166,1339732800
106,85,1339732800
1309,88,1339732800
1424,189,1339732800
16,2950,1339732800
166,106,1339732800
177,350,1339732800
189,1424,1339732800
189,2,1339732800
189,43,1339732800
260,3647,1339732800
2948,941,1339732800
2950,16,1339732800
2951,85,1339732800
306,62,1339732800
38,260,1339732800
4,2201,1339732800
411,26,1339732800
43,189,1339732800
62,306,1339732800
63,8,1339732800
8,26,1339732800
8,63,1339732800
85,106,1339732800
85,2951,1339732800
88,1309,1339732800
941,2948,1339732800
11,372,1339819200
117,1148,1339819200
177,77,1339819200
209,148,1339819200
209,801,1339819200
211,26,1339819200
2443,43,1339819200
267,209,1339819200
372,11,1339819200
372,20,1339819200
47,1034,1339819200
47,197,1339819200
47,255,1339819200
47,26,1339819200
47,272,1339819200
47,38,1339819200
51,8,1339819200
635,941,1339819200
77,177,1339819200
801,209,1339819200
802,177,1339819200
1,2941,1339905600
1,2947,1339905600
10,265,1339905600
10,946,1339905600
1134,15,1339905600
1134,35,1339905600
122,90,1339905600
134,176,1339905600
142,1779,1339905600
16,2206,1339905600
176,134,1339905600
176,14,1339905600
176,1771,1339905600
176,20,1339905600
176,2191,1339905600
176,267,1339905600
176,390,1339905600
176,63,1339905600
176,737,1339905600
176,80,1339905600
176,9,1339905600
1779,142,1339905600
2206,16,1339905600
265,10,1339905600
350,26,1339905600
38,744,1339905600
390,176,1339905600
47,77,1339905600
77,47,1339905600
85,941,1339905600
9,176,1339905600
90,122,1339905600
941,85,1339905600
946,10,1339905600
1,455,1339992000
110,146,1339992000
145,90,1339992000
1509,1,1339992000
17,411,1339992000
17,544,1339992000
171,83,1339992000
190,801,1339992000
21,8,1339992000
2172,8,1339992000
25,801,1339992000
26,348,1339992000
260,940,1339992000
286,90,1339992000
347,4,1339992000
348,26,1339992000
4,347,1339992000
411,17,1339992000
411,3667,1339992000
427,35,1339992000
455,1,1339992000
455,636,1339992000
491,801,1339992000
51,62,1339992000
62,51,1339992000
636,455,1339992000
71,745,1339992000
3667,411,1339992000
8,21,1339992000
8,2172,1339992000
80,491,1339992000
801,190,1339992000
801,25,1339992000
801,491,1339992000
83,171,1339992000
90,286,1339992000
122,469,1340078400
1440,101,1340078400
1511,260,1340078400
157,684,1340078400
16,2954,1340078400
189,552,1340078400
189,660,1340078400
189,90,1340078400
260,1511,1340078400
260,636,1340078400
265,62,1340078400
2954,16,1340078400
2955,8,1340078400
544,17,1340078400
552,189,1340078400
62,265,1340078400
636,260,1340078400
660,189,1340078400
684,157,1340078400
3584,684,1340078400
3647,8,1340078400
8,2955,1340078400
90,189,1340078400
10,2957,1340164800
10,623,1340164800
1038,33,1340164800
11,166,1340164800
146,110,1340164800
166,11,1340164800
190,25,1340164800
21,522,1340164800
2956,411,1340164800
2957,10,1340164800
306,43,1340164800
329,256,1340164800
33,1038,1340164800
411,2956,1340164800
623,10,1340164800
8,869,1340164800
869,8,1340164800
11,3519,1340251200
13,25,1340251200
1780,69,1340251200
18,2228,1340251200
21,22,1340251200
2199,18,1340251200
22,26,1340251200
24,411,1340251200
25,13,1340251200
26,38,1340251200
38,26,1340251200
411,24,1340251200
69,1780,1340251200
3519,11,1340251200
83,390,1340251200
1,2952,1340337600
10,161,1340337600
1039,161,1340337600
11,190,1340337600
1322,16,1340337600
1324,161,1340337600
146,1510,1340337600
1510,146,1340337600
16,1322,1340337600
161,10,1340337600
161,1039,1340337600
161,1324,1340337600
190,11,1340337600
2228,18,1340337600
26,190,1340337600
2952,1,1340337600
38,71,1340337600
487,47,1340337600
551,135,1340337600
71,38,1340337600
3519,24,1340337600
10,67,1340424000
1039,177,1340424000
1282,7,1340424000
1507,490,1340424000
177,1039,1340424000
177,2958,1340424000
177,639,1340424000
2958,177,1340424000
47,487,1340424000
486,71,1340424000
490,1507,1340424000
639,177,1340424000
67,1327,1340424000
7,1282,1340424000
71,486,1340424000
951,317,1340424000
10,137,1340510400
10,277,1340510400
1039,803,1340510400
1308,1326,1340510400
1326,1308,1340510400
137,31,1340510400
137,67,1340510400
1506,264,1340510400
166,137,1340510400
166,17,1340510400
166,26,1340510400
166,85,1340510400
17,166,1340510400
277,10,1340510400
2890,393,1340510400
293,60,1340510400
2960,83,1340510400
393,2890,1340510400
63,176,1340510400
63,801,1340510400
67,137,1340510400
67,988,1340510400
3506,393,1340510400
8,85,1340510400
801,63,1340510400
803,1039,1340510400
83,2960,1340510400
85,8,1340510400
988,67,1340510400
10,150,1340596800
10,166,1340596800
10,562,1340596800
106,260,1340596800
145,807,1340596800
150,10,1340596800
166,10,1340596800
166,2,1340596800
166,272,1340596800
177,265,1340596800
22,21,1340596800
26,272,1340596800
260,106,1340596800
260,780,1340596800
4,63,1340596800
411,67,1340596800
52,259,1340596800
52,26,1340596800
562,10,1340596800
562,780,1340596800
63,14,1340596800
67,411,1340596800
780,260,1340596800
85,166,1340596800
1276,1762,1340683200
166,3548,1340683200
17,63,1340683200
1762,1276,1340683200
177,623,1340683200
189,260,1340683200
190,188,1340683200
190,2,1340683200
190,267,1340683200
190,304,1340683200
219,26,1340683200
219,304,1340683200
26,219,1340683200
260,1135,1340683200
260,189,1340683200
260,2959,1340683200
260,530,1340683200
260,3604,1340683200
302,689,1340683200
33,623,1340683200
530,260,1340683200
623,177,1340683200
623,33,1340683200
63,17,1340683200
63,4,1340683200
689,14,1340683200
689,302,1340683200
689,329,1340683200
689,3659,1340683200
689,801,1340683200
3604,260,1340683200
807,20,1340683200
11,171,1340769600
1254,21,1340769600
1276,317,1340769600
146,7,1340769600
171,11,1340769600
18,2961,1340769600
189,52,1340769600
190,13,1340769600
190,26,1340769600
20,807,1340769600
260,78,1340769600
2961,18,1340769600
304,219,1340769600
33,487,1340769600
487,33,1340769600
52,83,1340769600
522,63,1340769600
63,522,1340769600
7,146,1340769600
78,260,1340769600
801,689,1340769600
83,52,1340769600
1,1742,1340856000
1233,71,1340856000
166,55,1340856000
1742,1,1340856000
2,189,1340856000
24,562,1340856000
26,33,1340856000
2959,260,1340856000
55,166,1340856000
562,24,1340856000
71,1233,1340856000
10,103,1340942400
103,10,1340942400
265,8,1340942400
306,52,1340942400
52,306,1340942400
553,693,1340942400
693,553,1340942400
85,97,1340942400
97,85,1340942400
1,260,1341028800
107,513,1341028800
107,85,1341028800
177,2963,1341028800
177,85,1341028800
26,52,1341028800
260,746,1341028800
2963,177,1341028800
70,190,1341028800
85,107,1341028800
941,10,1341028800
1,330,1341115200
13,75,1341115200
157,166,1341115200
166,157,1341115200
177,1304,1341115200
20,52,1341115200
316,693,1341115200
411,75,1341115200
52,20,1341115200
67,85,1341115200
746,260,1341115200
75,13,1341115200
75,411,1341115200
800,35,1341115200
85,67,1341115200
85,3667,1341115200
10,454,1341201600
1039,3682,1341201600
107,1777,1341201600
107,51,1341201600
1137,78,1341201600
122,11,1341201600
1298,189,1341201600
1330,189,1341201600
161,78,1341201600
166,552,1341201600
1777,107,1341201600
189,1298,1341201600
189,1330,1341201600
1921,80,1341201600
260,80,1341201600
304,548,1341201600
306,411,1341201600
390,83,1341201600
411,306,1341201600
454,10,1341201600
487,52,1341201600
491,85,1341201600
51,107,1341201600
52,487,1341201600
52,8,1341201600
52,961,1341201600
553,1321,1341201600
613,8,1341201600
3682,1158,1341201600
78,1137,1341201600
78,161,1341201600
80,260,1341201600
80,60,1341201600
1,474,1341288000
10,75,1341288000
1020,804,1341288000
1039,142,1341288000
142,1039,1341288000
150,22,1341288000
1511,78,1341288000
177,100,1341288000
22,330,1341288000
22,347,1341288000
26,804,1341288000
347,22,1341288000
350,1022,1341288000
350,133,1341288000
350,1740,1341288000
350,1941,1341288000
47,7,1341288000
518,517,1341288000
693,316,1341288000
7,47,1341288000
75,10,1341288000
78,1511,1341288000
804,1020,1341288000
804,26,1341288000
804,85,1341288000
85,491,1341288000
85,804,1341288000
956,7,1341288000
1,2962,1341374400
10,1772,1341374400
11,9,1341374400
135,166,1341374400
159,9,1341374400
166,135,1341374400
166,347,1341374400
166,553,1341374400
166,83,1341374400
1772,10,1341374400
2962,1,1341374400
47,2,1341374400
47,9,1341374400
487,78,1341374400
491,443,1341374400
521,8,1341374400
553,166,1341374400
553,176,1341374400
78,487,1341374400
8,961,1341374400
83,166,1341374400
961,8,1341374400
10,347,1341460800
107,348,1341460800
11,304,1341460800
1152,21,1341460800
177,2946,1341460800
1777,427,1341460800
21,1152,1341460800
2208,35,1341460800
2231,553,1341460800
304,11,1341460800
304,392,1341460800
347,10,1341460800
347,166,1341460800
348,107,1341460800
42,83,1341460800
427,1777,1341460800
522,3464,1341460800
3464,522,1341460800
553,2231,1341460800
60,35,1341460800
80,1504,1341460800
83,11,1341460800
83,42,1341460800
9,443,1341460800
10,190,1341547200
11,694,1341547200
1233,35,1341547200
14,63,1341547200
159,17,1341547200
166,1777,1341547200
1758,78,1341547200
177,166,1341547200
1777,166,1341547200
190,10,1341547200
22,150,1341547200
26,216,1341547200
552,166,1341547200
740,176,1341547200
78,1758,1341547200
9,159,1341547200
166,329,1341633600
17,159,1341633600
1946,26,1341633600
1946,55,1341633600
277,741,1341633600
329,166,1341633600
350,801,1341633600
55,1946,1341633600
741,277,1341633600
801,350,1341633600
97,31,1341633600
11,78,1341720000
166,3667,1341720000
17,807,1341720000
22,166,1341720000
26,145,1341720000
26,166,1341720000
277,740,1341720000
4,489,1341720000
489,4,1341720000
491,304,1341720000
553,33,1341720000
740,277,1341720000
807,145,1341720000
807,17,1341720000
10,52,1341806400
1038,3464,1341806400
166,2965,1341806400
166,390,1341806400
171,522,1341806400
1734,43,1341806400
189,306,1341806400
201,32,1341806400
21,552,1341806400
260,623,1341806400
2965,166,1341806400
306,189,1341806400
32,201,1341806400
32,52,1341806400
33,553,1341806400
362,7,1341806400
384,80,1341806400
390,166,1341806400
43,1734,1341806400
52,32,1341806400
522,171,1341806400
623,260,1341806400
7,362,1341806400
80,384,1341806400
801,2230,1341806400
90,43,1341806400
954,35,1341806400
954,360,1341806400
11,488,1341892800
11,491,1341892800
166,37,1341892800
190,392,1341892800
2230,801,1341892800
32,371,1341892800
37,166,1341892800
371,32,1341892800
392,190,1341892800
42,693,1341892800
488,11,1341892800
52,10,1341892800
693,41,1341892800
7,83,1341892800
8,521,1341892800
8,801,1341892800
801,8,1341892800
83,7,1341892800
110,369,1341979200
21,264,1341979200
21,3464,1341979200
21,956,1341979200
2218,956,1341979200
264,21,1341979200
277,348,1341979200
2852,362,1341979200
302,176,1341979200
302,60,1341979200
348,277,1341979200
362,2852,1341979200
60,25,1341979200
3682,63,1341979200
956,2218,1341979200
11,25,1342065600
122,43,1342065600
21,277,1342065600
25,11,1342065600
277,21,1342065600
4,521,1342065600
43,122,1342065600
452,693,1342065600
3637,1769,1342065600
3667,8,1342065600
11,593,1342152000
117,3667,1342152000
154,33,1342152000
154,593,1342152000
1649,2964,1342152000
184,747,1342152000
20,489,1342152000
21,348,1342152000
25,593,1342152000
260,18,1342152000
264,593,1342152000
266,75,1342152000
33,154,1342152000
348,694,1342152000
411,41,1342152000
43,487,1342152000
43,694,1342152000
487,8,1342152000
488,491,1342152000
491,35,1342152000
491,488,1342152000
491,839,1342152000
52,25,1342152000
550,41,1342152000
593,11,1342152000
593,154,1342152000
593,264,1342152000
593,635,1342152000
635,593,1342152000
694,348,1342152000
694,43,1342152000
3667,117,1342152000
8,487,1342152000
839,491,1342152000
1,2966,1342238400
1039,491,1342238400
113,350,1342238400
145,30,1342238400
166,8,1342238400
176,17,1342238400
176,2231,1342238400
184,592,1342238400
190,550,1342238400
21,2759,1342238400
21,7,1342238400
266,8,1342238400
2759,21,1342238400
285,593,1342238400
2966,1,1342238400
350,113,1342238400
4,31,1342238400
43,587,1342238400
47,41,1342238400
491,1039,1342238400
550,78,1342238400
592,184,1342238400
7,21,1342238400
78,550,1342238400
8,166,1342238400
8,266,1342238400
106,43,1342324800
1152,295,1342324800
156,43,1342324800
18,260,1342324800
18,954,1342324800
213,218,1342324800
218,213,1342324800
277,83,1342324800
295,1152,1342324800
388,184,1342324800
388,491,1342324800
43,106,1342324800
43,156,1342324800
452,41,1342324800
491,388,1342324800
83,277,1342324800
954,18,1342324800
103,32,1342411200
1161,2230,1342411200
1506,32,1342411200
166,412,1342411200
1762,593,1342411200
21,62,1342411200
218,151,1342411200
218,803,1342411200
2202,311,1342411200
2230,1161,1342411200
25,37,1342411200
295,51,1342411200
319,78,1342411200
32,103,1342411200
32,1506,1342411200
37,25,1342411200
38,2232,1342411200
47,78,1342411200
51,295,1342411200
529,747,1342411200
693,452,1342411200
693,694,1342411200
694,693,1342411200
695,803,1342411200
71,1331,1342411200
739,78,1342411200
747,529,1342411200
78,319,1342411200
78,47,1342411200
78,739,1342411200
80,747,1342411200
803,218,1342411200
803,695,1342411200
1,747,1342497600
1160,689,1342497600
1161,392,1342497600
1161,588,1342497600
1322,1783,1342497600
1331,71,1342497600
177,489,1342497600
177,490,1342497600
1783,1322,1342497600
1783,43,1342497600
1783,739,1342497600
204,428,1342497600
21,78,1342497600
24,62,1342497600
25,43,1342497600
253,83,1342497600
356,743,1342497600
392,1161,1342497600
4,1038,1342497600
410,633,1342497600
428,204,1342497600
43,1783,1342497600
43,25,1342497600
452,689,1342497600
489,177,1342497600
490,177,1342497600
62,24,1342497600
623,78,1342497600
689,1160,1342497600
689,452,1342497600
739,1331,1342497600
739,1783,1342497600
743,356,1342497600
747,1,1342497600
78,21,1342497600
78,623,1342497600
8,205,1342497600
83,253,1342497600
1,20,1342584000
1038,4,1342584000
1154,529,1342584000
1769,3637,1342584000
1779,43,1342584000
18,455,1342584000
2,241,1342584000
20,241,1342584000
2233,491,1342584000
256,1,1342584000
318,7,1342584000
43,1162,1342584000
43,1779,1342584000
455,18,1342584000
482,83,1342584000
491,2233,1342584000
529,1154,1342584000
633,410,1342584000
71,2969,1342584000
8,522,1342584000
83,482,1342584000
90,41,1342584000
106,29,1342670400
1162,177,1342670400
1309,7,1342670400
17,350,1342670400
177,1162,1342670400
203,43,1342670400
21,738,1342670400
24,443,1342670400
350,17,1342670400
350,177,1342670400
37,41,1342670400
412,166,1342670400
43,203,1342670400
487,43,1342670400
487,3604,1342670400
489,20,1342670400
51,553,1342670400
52,807,1342670400
553,51,1342670400
618,723,1342670400
7,1309,1342670400
723,618,1342670400
738,21,1342670400
3604,487,1342670400
3667,694,1342670400
807,52,1342670400
807,8,1342670400
956,21,1342670400
107,205,1342756800
1298,21,1342756800
166,205,1342756800
205,107,1342756800
205,166,1342756800
21,1298,1342756800
348,21,1342756800
356,7,1342756800
369,110,1342756800
7,356,1342756800
3667,63,1342756800
961,51,1342756800
97,807,1342756800
1162,41,1342843200
122,196,1342843200
1298,41,1342843200
18,1306,1342843200
184,209,1342843200
190,43,1342843200
20,90,1342843200
203,90,1342843200
21,961,1342843200
22,135,1342843200
28,489,1342843200
43,190,1342843200
506,90,1342843200
51,135,1342843200
52,90,1342843200
75,78,1342843200
78,75,1342843200
807,97,1342843200
90,203,1342843200
90,506,1342843200
90,52,1342843200
961,21,1342843200
1033,8,1342929600
1038,1511,1342929600
1162,8,1342929600
1511,1038,1342929600
1516,1779,1342929600
1779,1516,1342929600
1784,7,1342929600
2,90,1342929600
25,266,1342929600
266,25,1342929600
295,8,1342929600
42,78,1342929600
43,743,1342929600
51,961,1342929600
3464,21,1342929600
587,43,1342929600
593,258,1342929600
7,1784,1342929600
743,43,1342929600
3647,961,1342929600
78,42,1342929600
8,1033,1342929600
8,295,1342929600
90,2,1342929600
90,30,1342929600
961,3647,1342929600
1,256,1343016000
156,455,1343016000
17,639,1343016000
190,80,1343016000
209,184,1343016000
213,1327,1343016000
22,487,1343016000
25,265,1343016000
25,4,1343016000
265,25,1343016000
286,80,1343016000
4,25,1343016000
487,22,1343016000
55,80,1343016000
593,41,1343016000
639,17,1343016000
3667,21,1343016000
80,286,1343016000
1298,315,1343102400
14,177,1343102400
150,265,1343102400
17,1497,1343102400
1741,1786,1343102400
1785,2,1343102400
1786,1741,1343102400
2,1785,1343102400
2,37,1343102400
2,51,1343102400
205,266,1343102400
265,150,1343102400
266,205,1343102400
306,2,1343102400
315,1298,1343102400
33,30,1343102400
33,8,1343102400
348,272,1343102400
362,490,1343102400
37,2,1343102400
455,156,1343102400
490,362,1343102400
51,145,1343102400
51,2,1343102400
587,89,1343102400
8,33,1343102400
1162,51,1343188800
13,20,1343188800
1306,18,1343188800
159,47,1343188800
190,66,1343188800
209,8,1343188800
285,455,1343188800
306,7,1343188800
412,30,1343188800
455,285,1343188800
47,159,1343188800
47,211,1343188800
47,66,1343188800
51,1162,1343188800
7,306,1343188800
103,2229,1343275200
106,2,1343275200
1149,42,1343275200
1254,8,1343275200
1298,1501,1343275200
1298,8,1343275200
1327,172,1343275200
1327,213,1343275200
1327,67,1343275200
134,60,1343275200
142,2229,1343275200
142,29,1343275200
142,519,1343275200
1501,1298,1343275200
1517,43,1343275200
2,106,1343275200
20,1,1343275200
2229,103,1343275200
2229,142,1343275200
2234,71,1343275200
24,33,1343275200
29,142,1343275200
295,33,1343275200
33,1327,1343275200
33,24,1343275200
33,295,1343275200
33,587,1343275200
362,21,1343275200
402,14,1343275200
42,1149,1343275200
43,1517,1343275200
455,690,1343275200
519,142,1343275200
534,9,1343275200
587,33,1343275200
71,2234,1343275200
8,1254,1343275200
8,1298,1343275200
102,1517,1343361600
13,1497,1343361600
1517,102,1343361600
17,1785,1343361600
172,1327,1343361600
1785,17,1343361600
22,306,1343361600
24,42,1343361600
329,689,1343361600
349,71,1343361600
42,24,1343361600
60,134,1343361600
66,2,1343361600
690,455,1343361600
10,1327,1343448000
1327,10,1343448000
1776,25,1343448000
25,1776,1343448000
25,295,1343448000
295,25,1343448000
2972,30,1343448000
3465,41,1343448000
66,8,1343448000
747,1517,1343448000
102,62,1343534400
11,295,1343534400
1517,747,1343534400
160,945,1343534400
2231,184,1343534400
25,3667,1343534400
278,31,1343534400
295,11,1343534400
2967,38,1343534400
2974,401,1343534400
38,2967,1343534400
401,2974,1343534400
43,117,1343534400
489,28,1343534400
3667,25,1343534400
945,160,1343534400
117,1332,1343620800
1332,117,1343620800
1514,166,1343620800
161,695,1343620800
166,1514,1343620800
166,1786,1343620800
22,37,1343620800
2972,41,1343620800
306,22,1343620800
391,41,1343620800
44,593,1343620800
55,349,1343620800
593,285,1343620800
593,44,1343620800
695,161,1343620800
85,165,1343620800
10,3604,1343707200
11,196,1343707200
1154,166,1343707200
1514,491,1343707200
1517,295,1343707200
161,43,1343707200
166,1154,1343707200
177,13,1343707200
205,11,1343707200
29,85,1343707200
295,1517,1343707200
2973,520,1343707200
30,689,1343707200
32,43,1343707200
350,360,1343707200
350,3535,1343707200
43,13,1343707200
43,161,1343707200
43,32,1343707200
520,2973,1343707200
3464,412,1343707200
3604,10,1343707200
90,24,1343707200
10,1137,1343793600
1137,10,1343793600
122,25,1343793600
166,25,1343793600
166,3464,1343793600
177,197,1343793600
184,693,1343793600
197,177,1343793600
21,137,1343793600
213,261,1343793600
25,166,1343793600
261,151,1343793600
261,213,1343793600
306,8,1343793600
362,52,1343793600
52,362,1343793600
3464,166,1343793600
689,30,1343793600
3667,7,1343793600
1,123,1343880000
123,1,1343880000
1332,2235,1343880000
17,47,1343880000
177,1033,1343880000
20,122,1343880000
205,362,1343880000
2235,1332,1343880000
25,122,1343880000
31,401,1343880000
360,350,1343880000
362,205,1343880000
38,1728,1343880000
42,43,1343880000
43,42,1343880000
520,491,1343880000
1,178,1343966400
1038,8,1343966400
1517,30,1343966400
205,29,1343966400
21,360,1343966400
21,90,1343966400
29,205,1343966400
360,21,1343966400
8,1038,1343966400
90,21,1343966400
107,621,1344052800
11,487,1344052800
1136,25,1344052800
1299,176,1344052800
176,1299,1344052800
176,1333,1344052800
176,2634,1344052800
176,740,1344052800
184,1333,1344052800
205,2976,1344052800
25,1136,1344052800
2971,151,1344052800
2971,2975,1344052800
2976,205,1344052800
412,1307,1344052800
47,17,1344052800
487,11,1344052800
621,107,1344052800
9,60,1344052800
103,156,1344139200
103,295,1344139200
1033,177,1344139200
1164,18,1344139200
156,103,1344139200
1757,177,1344139200
18,1164,1344139200
201,21,1344139200
21,201,1344139200
2238,1,1344139200
2238,3637,1344139200
258,2053,1344139200
258,593,1344139200
362,961,1344139200
684,26,1344139200
3637,2238,1344139200
961,362,1344139200
100,21,1344225600
1164,519,1344225600
1164,747,1344225600
1509,427,1344225600
166,2240,1344225600
177,1517,1344225600
2053,258,1344225600
2240,166,1344225600
258,3637,1344225600
278,320,1344225600
320,278,1344225600
349,55,1344225600
427,1509,1344225600
487,30,1344225600
519,1164,1344225600
747,1164,1344225600
3637,258,1344225600
946,41,1344225600
10,258,1344312000
106,41,1344312000
136,8,1344312000
1517,177,1344312000
161,7,1344312000
1776,876,1344312000
258,10,1344312000
319,41,1344312000
392,304,1344312000
509,41,1344312000
3464,142,1344312000
3464,75,1344312000
7,13,1344312000
7,161,1344312000
75,266,1344312000
75,3464,1344312000
8,136,1344312000
83,26,1344312000
876,1776,1344312000
142,3464,1344398400
177,51,1344398400
21,185,1344398400
21,77,1344398400
2241,42,1344398400
259,52,1344398400
42,2241,1344398400
491,876,1344398400
77,21,1344398400
80,876,1344398400
876,491,1344398400
876,80,1344398400
1,2238,1344484800
10,201,1344484800
10,29,1344484800
11,205,1344484800
119,491,1344484800
122,41,1344484800
122,9,1344484800
137,185,1344484800
150,1040,1344484800
161,41,1344484800
185,137,1344484800
185,21,1344484800
201,10,1344484800
219,90,1344484800
25,686,1344484800
29,10,1344484800
356,78,1344484800
686,10,1344484800
686,25,1344484800
77,2,1344484800
78,356,1344484800
90,219,1344484800
11,15,1344571200
11,801,1344571200
110,188,1344571200
15,17,1344571200
166,278,1344571200
172,3464,1344571200
188,110,1344571200
20,47,1344571200
21,225,1344571200
21,362,1344571200
21,4,1344571200
21,509,1344571200
21,621,1344571200
225,21,1344571200
278,166,1344571200
329,743,1344571200
360,29,1344571200
47,20,1344571200
509,21,1344571200
519,1,1344571200
3464,172,1344571200
621,21,1344571200
621,2843,1344571200
686,3464,1344571200
3637,41,1344571200
801,11,1344571200
10,1040,1344657600
1040,10,1344657600
1040,1164,1344657600
1040,31,1344657600
11,320,1344657600
1164,1040,1344657600
21,52,1344657600
22,41,1344657600
25,41,1344657600
30,2972,1344657600
30,33,1344657600
30,412,1344657600
30,487,1344657600
30,3464,1344657600
30,90,1344657600
31,1040,1344657600
320,11,1344657600
320,3464,1344657600
330,2054,1344657600
394,41,1344657600
412,3634,1344657600
42,41,1344657600
52,21,1344657600
3464,320,1344657600
7,41,1344657600
3634,412,1344657600
10,456,1344744000
1154,456,1344744000
172,25,1344744000
193,9,1344744000
196,205,1344744000
25,172,1344744000
25,2980,1344744000
2979,456,1344744000
2980,25,1344744000
30,456,1344744000
360,491,1344744000
456,10,1344744000
456,1154,1344744000
456,2979,1344744000
456,30,1344744000
491,119,1344744000
491,1514,1344744000
491,381,1344744000
8,1159,1344744000
97,41,1344744000
1040,2982,1344830400
117,3679,1344830400
136,67,1344830400
160,952,1344830400
190,41,1344830400
197,21,1344830400
21,197,1344830400
21,530,1344830400
21,83,1344830400
249,25,1344830400
25,249,1344830400
25,693,1344830400
2982,1040,1344830400
31,20,1344830400
31,47,1344830400
32,185,1344830400
371,41,1344830400
47,14,1344830400
530,21,1344830400
3464,67,1344830400
67,136,1344830400
67,3464,1344830400
686,30,1344830400
686,41,1344830400
693,25,1344830400
743,329,1344830400
80,38,1344830400
83,21,1344830400
2,223,1344916800
2135,25,1344916800
220,304,1344916800
220,71,1344916800
220,959,1344916800
223,2,1344916800
25,1155,1344916800
25,2135,1344916800
30,159,1344916800
304,220,1344916800
38,80,1344916800
491,1752,1344916800
71,349,1344916800
959,220,1344916800
106,8,1345003200
1164,166,1345003200
1334,225,1345003200
154,89,1345003200
166,1164,1345003200
172,205,1345003200
2,89,1345003200
20,1042,1345003200
205,172,1345003200
205,857,1345003200
2241,69,1345003200
24,70,1345003200
371,80,1345003200
490,41,1345003200
3466,878,1345003200
69,2241,1345003200
8,106,1345003200
878,177,1345003200
878,3466,1345003200
89,154,1345003200
89,2,1345003200
1033,7,1345089600
1041,205,1345089600
177,3588,1345089600
18,220,1345089600
205,1041,1345089600
2979,41,1345089600
7,1033,1345089600
7,2981,1345089600
70,24,1345089600
3588,177,1345089600
80,371,1345089600
857,205,1345089600
89,160,1345089600
1153,7,1345176000
137,1781,1345176000
137,2245,1345176000
137,33,1345176000
154,3544,1345176000
154,90,1345176000
16,21,1345176000
160,89,1345176000
1781,137,1345176000
1781,2245,1345176000
194,2983,1345176000
2245,137,1345176000
2245,1781,1345176000
285,151,1345176000
2983,194,1345176000
30,42,1345176000
320,33,1345176000
33,137,1345176000
33,320,1345176000
33,41,1345176000
42,30,1345176000
42,62,1345176000
509,878,1345176000
62,42,1345176000
3682,14,1345176000
78,90,1345176000
878,509,1345176000
90,154,1345176000
90,78,1345176000
1,1337,1345262400
10,62,1345262400
103,22,1345262400
1039,268,1345262400
1041,8,1345262400
133,8,1345262400
1337,43,1345262400
154,41,1345262400
177,52,1345262400
18,1130,1345262400
205,62,1345262400
21,157,1345262400
223,268,1345262400
225,1334,1345262400
2921,8,1345262400
295,21,1345262400
2977,31,1345262400
2985,92,1345262400
31,2977,1345262400
43,1337,1345262400
62,10,1345262400
77,268,1345262400
8,1041,1345262400
8,133,1345262400
8,2921,1345262400
89,587,1345262400
89,946,1345262400
9,1163,1345262400
92,2985,1345262400
946,89,1345262400
10,22,1345348800
1153,317,1345348800
1163,9,1345348800
1221,3636,1345348800
1336,1,1345348800
1336,30,1345348800
14,268,1345348800
154,11,1345348800
177,587,1345348800
1916,268,1345348800
217,241,1345348800
22,10,1345348800
22,42,1345348800
2246,166,1345348800
24,549,1345348800
241,217,1345348800
2634,268,1345348800
30,1,1345348800
30,1336,1345348800
40,268,1345348800
42,22,1345348800
587,177,1345348800
80,268,1345348800
9,549,1345348800
90,22,1345348800
103,585,1345435200
113,268,1345435200
122,159,1345435200
122,198,1345435200
122,22,1345435200
122,89,1345435200
142,329,1345435200
198,177,1345435200
198,20,1345435200
2,268,1345435200
20,198,1345435200
2970,30,1345435200
2987,7,1345435200
30,2970,1345435200
32,67,1345435200
329,142,1345435200
4,67,1345435200
51,166,1345435200
3467,41,1345435200
585,103,1345435200
67,32,1345435200
67,4,1345435200
7,2987,1345435200
70,20,1345435200
89,945,1345435200
952,160,1345435200
1,89,1345521600
1041,41,1345521600
135,43,1345521600
136,2242,1345521600
1456,66,1345521600
178,4,1345521600
1789,3464,1345521600
18,594,1345521600
218,1339,1345521600
22,2239,1345521600
2239,22,1345521600
2242,136,1345521600
24,67,1345521600
266,52,1345521600
285,960,1345521600
350,193,1345521600
4,178,1345521600
43,67,1345521600
43,85,1345521600
453,67,1345521600
506,205,1345521600
51,41,1345521600
52,266,1345521600
3464,1789,1345521600
67,24,1345521600
67,41,1345521600
67,43,1345521600
67,453,1345521600
3588,3593,1345521600
3593,3588,1345521600
85,43,1345521600
945,89,1345521600
1339,218,1345608000
135,176,1345608000
159,122,1345608000
177,2988,1345608000
2,137,1345608000
20,37,1345608000
2988,177,1345608000
350,21,1345608000
37,20,1345608000
66,1456,1345608000
7,743,1345608000
743,7,1345608000
89,122,1345608000
960,285,1345608000
1,1336,1345694400
1157,548,1345694400
1516,7,1345694400
153,295,1345694400
166,2246,1345694400
1790,3464,1345694400
295,153,1345694400
30,41,1345694400
30,43,1345694400
43,30,1345694400
519,89,1345694400
521,177,1345694400
3464,1790,1345694400
548,1157,1345694400
7,1516,1345694400
89,519,1345694400
1165,62,1345780800
136,41,1345780800
1520,1,1345780800
1520,38,1345780800
159,24,1345780800
166,62,1345780800
177,506,1345780800
18,2247,1345780800
2208,410,1345780800
24,159,1345780800
26,3464,1345780800
285,2984,1345780800
410,2208,1345780800
506,177,1345780800
587,787,1345780800
62,1165,1345780800
67,2247,1345780800
70,149,1345780800
70,427,1345780800
742,410,1345780800
742,71,1345780800
787,587,1345780800
1,1043,1345867200
1,554,1345867200
1163,177,1345867200
149,640,1345867200
15,70,1345867200
177,1163,1345867200
1782,7,1345867200
193,110,1345867200
203,89,1345867200
21,71,1345867200
2984,285,1345867200
2992,9,1345867200
37,1076,1345867200
62,205,1345867200
640,149,1345867200
7,1782,1345867200
3647,62,1345867200
9,2992,1345867200
1038,360,1345953600
1076,37,1345953600
1157,3619,1345953600
136,153,1345953600
136,42,1345953600
153,136,1345953600
153,2248,1345953600
153,42,1345953600
159,4,1345953600
177,785,1345953600
193,350,1345953600
2248,153,1345953600
2831,640,1345953600
2994,483,1345953600
360,1038,1345953600
360,85,1345953600
360,92,1345953600
4,159,1345953600
42,136,1345953600
42,153,1345953600
440,184,1345953600
483,2994,1345953600
640,2831,1345953600
640,92,1345953600
3619,1157,1345953600
785,177,1345953600
85,360,1345953600
85,92,1345953600
92,640,1345953600
10,487,1346040000
11,41,1346040000
1337,522,1346040000
142,41,1346040000
150,11,1346040000
150,154,1346040000
154,150,1346040000
154,3464,1346040000
177,196,1346040000
193,548,1346040000
205,41,1346040000
487,10,1346040000
522,1337,1346040000
3464,154,1346040000
548,193,1346040000
89,37,1346040000
89,41,1346040000
1,2989,1346126400
1332,2248,1346126400
142,915,1346126400
166,2995,1346126400
2248,1332,1346126400
25,52,1346126400
29,319,1346126400
2995,166,1346126400
2995,55,1346126400
319,29,1346126400
37,89,1346126400
548,3682,1346126400
554,1,1346126400
613,1337,1346126400
613,876,1346126400
876,41,1346126400
876,613,1346126400
915,142,1346126400
1,2996,1346212800
1337,42,1346212800
136,32,1346212800
198,122,1346212800
205,319,1346212800
205,876,1346212800
21,295,1346212800
21,319,1346212800
2969,71,1346212800
2981,7,1346212800
319,21,1346212800
32,136,1346212800
350,1321,1346212800
350,176,1346212800
42,1337,1346212800
801,954,1346212800
876,205,1346212800
170,960,1346299200
2,350,1346299200
203,32,1346299200
203,78,1346299200
25,3637,1346299200
2996,1,1346299200
306,41,1346299200
32,203,1346299200
350,2,1346299200
38,9,1346299200
42,640,1346299200
640,42,1346299200
3637,25,1346299200
78,203,1346299200
9,38,1346299200
960,170,1346299200
1042,20,1346385600
1791,71,1346385600
21,51,1346385600
278,30,1346385600
30,278,1346385600
42,7,1346385600
51,7,1346385600
7,42,1346385600
71,1791,1346385600
747,846,1346385600
808,151,1346385600
846,747,1346385600
106,70,1346472000
1340,1,1346472000
14,1158,1346472000
15,354,1346472000
154,7,1346472000
154,876,1346472000
1791,43,1346472000
1792,278,1346472000
204,7,1346472000
205,8,1346472000
22,205,1346472000
278,1792,1346472000
278,876,1346472000
360,70,1346472000
7,154,1346472000
7,204,1346472000
70,106,1346472000
70,360,1346472000
876,154,1346472000
876,278,1346472000
1,1340,1346558400
1,2999,1346558400
1,3000,1346558400
1157,509,1346558400
1158,14,1346558400
1158,184,1346558400
1162,7,1346558400
137,329,1346558400
16,30,1346558400
220,960,1346558400
278,523,1346558400
30,16,1346558400
329,137,1346558400
4,136,1346558400
509,1157,1346558400
523,278,1346558400
7,1162,1346558400
960,220,1346558400
1310,7,1346644800
172,43,1346644800
177,258,1346644800
21,11,1346644800
21,110,1346644800
258,177,1346644800
264,301,1346644800
301,264,1346644800
488,1321,1346644800
7,1310,1346644800
1,1793,1346731200
1,258,1346731200
136,876,1346731200
137,21,1346731200
177,3003,1346731200
203,52,1346731200
258,1,1346731200
3003,177,1346731200
4,2997,1346731200
453,876,1346731200
52,203,1346731200
638,7,1346731200
876,136,1346731200
876,453,1346731200
876,741,1346731200
161,3679,1346817600
1788,25,1346817600
205,807,1346817600
25,1788,1346817600
32,66,1346817600
32,696,1346817600
43,1331,1346817600
474,1,1346817600
66,32,1346817600
741,876,1346817600
3637,807,1346817600
3679,161,1346817600
807,205,1346817600
807,21,1346817600
807,3637,1346817600
10,614,1346904000
1331,43,1346904000
1340,876,1346904000
177,193,1346904000
1787,25,1346904000
214,3679,1346904000
22,802,1346904000
25,1787,1346904000
258,1787,1346904000
258,358,1346904000
29,122,1346904000
30,876,1346904000
329,517,1346904000
354,188,1346904000
354,224,1346904000
517,329,1346904000
52,177,1346904000
3644,941,1346904000
876,1340,1346904000
876,30,1346904000
10,2250,1346990400
10,2986,1346990400
1166,33,1346990400
122,29,1346990400
1340,25,1346990400
1788,33,1346990400
1795,43,1346990400
21,33,1346990400
21,878,1346990400
2250,10,1346990400
25,1340,1346990400
278,62,1346990400
2986,10,1346990400
33,1166,1346990400
33,1788,1346990400
33,21,1346990400
33,960,1346990400
43,1795,1346990400
43,960,1346990400
614,10,1346990400
696,32,1346990400
878,21,1346990400
960,33,1346990400
960,43,1346990400
11,43,1347076800
11,3682,1347076800
11,83,1347076800
122,960,1347076800
136,258,1347076800
1793,1,1347076800
1795,214,1347076800
205,401,1347076800
25,656,1347076800
258,11,1347076800
258,136,1347076800
258,697,1347076800
355,41,1347076800
37,594,1347076800
38,960,1347076800
401,205,1347076800
43,11,1347076800
523,249,1347076800
54,108,1347076800
54,113,1347076800
54,145,1347076800
54,188,1347076800
54,200,1347076800
54,234,1347076800
54,469,1347076800
54,74,1347076800
54,91,1347076800
656,25,1347076800
960,122,1347076800
960,38,1347076800
1,67,1347163200
1,697,1347163200
33,1796,1347163200
390,184,1347163200
4,807,1347163200
67,1,1347163200
697,1,1347163200
747,184,1347163200
807,4,1347163200
101,268,1347249600
1166,1795,1347249600
1166,614,1347249600
136,62,1347249600
142,951,1347249600
1795,1166,1347249600
188,941,1347249600
205,22,1347249600
22,17,1347249600
22,272,1347249600
22,4,1347249600
22,51,1347249600
22,99,1347249600
29,614,1347249600
350,696,1347249600
52,189,1347249600
554,8,1347249600
587,614,1347249600
614,1166,1347249600
614,29,1347249600
614,587,1347249600
62,136,1347249600
62,1781,1347249600
66,47,1347249600
696,350,1347249600
3637,876,1347249600
3679,117,1347249600
3679,157,1347249600
3679,214,1347249600
3679,2218,1347249600
3679,7,1347249600
3679,83,1347249600
876,3637,1347249600
951,142,1347249600
10,142,1347336000
10,686,1347336000
137,41,1347336000
142,10,1347336000
142,8,1347336000
177,306,1347336000
193,177,1347336000
198,75,1347336000
2237,143,1347336000
2237,55,1347336000
2251,1166,1347336000
30,370,1347336000
3007,350,1347336000
306,177,1347336000
350,3007,1347336000
370,30,1347336000
38,618,1347336000
55,2237,1347336000
698,80,1347336000
7,878,1347336000
71,954,1347336000
75,198,1347336000
8,142,1347336000
80,698,1347336000
878,7,1347336000
954,71,1347336000
1221,491,1347422400
1333,14,1347422400
1333,176,1347422400
1333,184,1347422400
137,697,1347422400
137,3647,1347422400
14,1333,1347422400
142,2236,1347422400
142,697,1347422400
177,878,1347422400
214,1750,1347422400
214,1793,1347422400
214,1795,1347422400
2236,142,1347422400
2252,33,1347422400
33,2252,1347422400
4,1691,1347422400
491,1221,1347422400
697,137,1347422400
697,142,1347422400
7,3647,1347422400
71,21,1347422400
3605,214,1347422400
1,1167,1347508800
10,1167,1347508800
10,89,1347508800
10,97,1347508800
103,1167,1347508800
1167,1,1347508800
1167,10,1347508800
1167,103,1347508800
177,521,1347508800
1788,8,1347508800
1793,214,1347508800
21,25,1347508800
21,41,1347508800
25,21,1347508800
29,960,1347508800
3005,740,1347508800
33,3605,1347508800
740,3005,1347508800
3605,33,1347508800
8,1788,1347508800
89,10,1347508800
960,29,1347508800
97,10,1347508800
1,3006,1347595200
1,810,1347595200
116,51,1347595200
1496,330,1347595200
177,523,1347595200
51,116,1347595200
523,177,1347595200
1046,29,1347681600
1046,3558,1347681600
136,29,1347681600
22,1113,1347681600
22,188,1347681600
22,33,1347681600
22,43,1347681600
22,593,1347681600
29,1046,1347681600
29,136,1347681600
29,3558,1347681600
361,3012,1347681600
3558,1046,1347681600
3558,29,1347681600
3589,3597,1347681600
3589,3605,1347681600
3589,3626,1347681600
3605,43,1347681600
3605,3520,1347681600
3605,3589,1347681600
3626,3589,1347681600
3626,3597,1347681600
3626,3605,1347681600
1,2090,1347768000
1046,184,1347768000
11,10,1347768000
116,810,1347768000
177,810,1347768000
2147,1,1347768000
3012,361,1347768000
62,145,1347768000
62,7,1347768000
66,143,1347768000
7,879,1347768000
879,7,1347768000
1,3010,1347854400
10,1031,1347854400
10,259,1347854400
10,3014,1347854400
1031,10,1347854400
145,62,1347854400
259,614,1347854400
29,411,1347854400
301,38,1347854400
3010,1,1347854400
3014,10,1347854400
350,41,1347854400
354,2,1347854400
354,440,1347854400
614,259,1347854400
1,439,1347940800
1162,278,1347940800
1162,85,1347940800
190,330,1347940800
22,66,1347940800
2253,8,1347940800
266,41,1347940800
267,107,1347940800
267,11,1347940800
267,20,1347940800
267,27,1347940800
267,80,1347940800
29,178,1347940800
2942,1,1347940800
32,178,1347940800
33,1513,1347940800
330,190,1347940800
360,876,1347940800
392,491,1347940800
411,29,1347940800
439,1,1347940800
3550,3590,1347940800
3550,3598,1347940800
3598,3550,1347940800
3598,3590,1347940800
3605,3550,1347940800
3605,3590,1347940800
3605,3598,1347940800
8,2253,1347940800
85,1162,1347940800
876,360,1347940800
1166,2251,1348027200
1322,8,1348027200
15,159,1348027200
15,196,1348027200
1513,46,1348027200
159,15,1348027200
3015,46,1348027200
31,962,1348027200
38,301,1348027200
46,3015,1348027200
962,31,1348027200
1,214,1348113600
100,3594,1348113600
1046,7,1348113600
1338,3,1348113600
136,4,1348113600
170,3,1348113600
170,633,1348113600
177,1515,1348113600
178,1,1348113600
178,32,1348113600
214,1,1348113600
220,18,1348113600
25,876,1348113600
278,1038,1348113600
278,41,1348113600
3,1338,1348113600
3,170,1348113600
3,876,1348113600
3011,7,1348113600
38,455,1348113600
411,95,1348113600
46,810,1348113600
633,170,1348113600
7,1046,1348113600
7,3011,1348113600
3594,100,1348113600
3594,7,1348113600
8,962,1348113600
876,25,1348113600
876,3,1348113600
1041,177,1348200000
110,21,1348200000
148,2,1348200000
166,24,1348200000
177,1041,1348200000
177,24,1348200000
177,3016,1348200000
24,166,1348200000
25,318,1348200000
3016,177,1348200000
318,25,1348200000
38,1148,1348200000
696,8,1348200000
7,8,1348200000
15,155,1348286400
15,272,1348286400
15,9,1348286400
177,190,1348286400
177,2,1348286400
190,177,1348286400
26,318,1348286400
315,453,1348286400
453,315,1348286400
106,78,1348372800
143,66,1348372800
166,31,1348372800
177,347,1348372800
1785,166,1348372800
179,1,1348372800
179,3017,1348372800
3017,179,1348372800
347,177,1348372800
1,491,1348459200
1154,3008,1348459200
1161,656,1348459200
166,491,1348459200
3008,1154,1348459200
325,184,1348459200
38,1047,1348459200
46,177,1348459200
491,1,1348459200
491,166,1348459200
656,1161,1348459200
8,1518,1348459200
1,71,1348545600
1047,38,1348545600
1047,80,1348545600
1167,587,1348545600
145,9,1348545600
1513,33,1348545600
166,695,1348545600
1799,952,1348545600
214,656,1348545600
22,165,1348545600
30,145,1348545600
3018,8,1348545600
3019,7,1348545600
3019,3647,1348545600
393,3647,1348545600
46,1513,1348545600
491,1321,1348545600
3469,3609,1348545600
3469,3647,1348545600
3469,811,1348545600
587,1167,1348545600
695,166,1348545600
7,145,1348545600
7,266,1348545600
7,3019,1348545600
7,549,1348545600
3609,177,1348545600
3609,20,1348545600
3609,3469,1348545600
3609,62,1348545600
3609,7,1348545600
3609,3627,1348545600
3609,3647,1348545600
3627,11,1348545600
3627,3469,1348545600
3627,62,1348545600
3627,7,1348545600
3627,3609,1348545600
3627,3647,1348545600
3647,393,1348545600
3647,3469,1348545600
3647,3609,1348545600
3647,3627,1348545600
8,3018,1348545600
811,3469,1348545600
952,1799,1348545600
1,3004,1348632000
1513,30,1348632000
16,25,1348632000
166,13,1348632000
1750,214,1348632000
177,1310,1348632000
177,30,1348632000
1785,62,1348632000
214,595,1348632000
22,47,1348632000
22,9,1348632000
25,16,1348632000
30,1513,1348632000
491,360,1348632000
595,214,1348632000
62,1785,1348632000
64,530,1348632000
10,491,1348718400
1032,595,1348718400
11,31,1348718400
116,491,1348718400
166,1797,1348718400
166,68,1348718400
166,995,1348718400
172,491,1348718400
198,30,1348718400
20,491,1348718400
214,696,1348718400
30,198,1348718400
30,523,1348718400
43,1310,1348718400
491,10,1348718400
491,116,1348718400
491,172,1348718400
491,41,1348718400
523,30,1348718400
549,8,1348718400
68,166,1348718400
696,214,1348718400
745,71,1348718400
3633,25,1348718400
1,1028,1348804800
1165,25,1348804800
122,15,1348804800
13,3659,1348804800
15,122,1348804800
15,13,1348804800
15,190,1348804800
15,24,1348804800
15,40,1348804800
15,767,1348804800
157,21,1348804800
166,846,1348804800
1796,33,1348804800
21,30,1348804800
21,563,1348804800
21,89,1348804800
22,122,1348804800
29,787,1348804800
301,80,1348804800
319,30,1348804800
451,8,1348804800
595,1032,1348804800
787,204,1348804800
787,29,1348804800
8,451,1348804800
1165,177,1348891200
1166,395,1348891200
156,1032,1348891200
177,1165,1348891200
177,203,1348891200
203,177,1348891200
2244,2,1348891200
2244,41,1348891200
29,11,1348891200
395,1166,1348891200
395,41,1348891200
46,656,1348891200
3464,41,1348891200
1,179,1348977600
1,2252,1348977600
1,3020,1348977600
177,3022,1348977600
29,747,1348977600
29,8,1348977600
3020,1,1348977600
3022,177,1348977600
32,8,1348977600
360,41,1348977600
392,184,1348977600
483,177,1348977600
62,258,1348977600
747,80,1348977600
954,801,1348977600
116,259,1349064000
177,29,1349064000
20,41,1349064000
205,232,1349064000
214,453,1349064000
259,116,1349064000
453,214,1349064000
553,550,1349064000
66,41,1349064000
747,29,1349064000
1518,8,1349150400
1523,162,1349150400
162,1523,1349150400
20,83,1349150400
258,62,1349150400
29,3604,1349150400
356,41,1349150400
7,696,1349150400
747,196,1349150400
3604,29,1349150400
11,3644,1349236800
1293,177,1349236800
1299,184,1349236800
159,145,1349236800
162,2258,1349236800
177,1293,1349236800
177,41,1349236800
177,68,1349236800
179,88,1349236800
22,2255,1349236800
2252,1,1349236800
2258,162,1349236800
30,964,1349236800
315,695,1349236800
46,964,1349236800
62,21,1349236800
627,68,1349236800
68,1105,1349236800
68,3024,1349236800
68,627,1349236800
695,315,1349236800
88,179,1349236800
964,30,1349236800
964,46,1349236800
1,2147,1349323200
11,162,1349323200
1105,68,1349323200
1167,162,1349323200
122,162,1349323200
122,177,1349323200
136,1794,1349323200
154,29,1349323200
162,11,1349323200
162,1167,1349323200
162,122,1349323200
162,30,1349323200
162,3025,1349323200
162,964,1349323200
177,122,1349323200
177,1324,1349323200
1794,136,1349323200
1794,29,1349323200
2224,184,1349323200
25,29,1349323200
25,696,1349323200
264,488,1349323200
29,1794,1349323200
29,25,1349323200
30,162,1349323200
3025,162,1349323200
33,964,1349323200
68,177,1349323200
10,41,1349409600
106,739,1349409600
122,964,1349409600
124,66,1349409600
142,177,1349409600
177,142,1349409600
203,41,1349409600
214,177,1349409600
214,1780,1349409600
2244,32,1349409600
2255,641,1349409600
32,2244,1349409600
641,2255,1349409600
656,749,1349409600
66,124,1349409600
739,106,1349409600
749,656,1349409600
3620,7,1349409600
937,177,1349409600
937,436,1349409600
10,1797,1349496000
10,695,1349496000
1048,177,1349496000
112,697,1349496000
1797,10,1349496000
184,2224,1349496000
278,360,1349496000
29,89,1349496000
30,6,1349496000
360,278,1349496000
6,30,1349496000
6,41,1349496000
6,3620,1349496000
62,102,1349496000
62,278,1349496000
695,10,1349496000
697,112,1349496000
75,41,1349496000
3604,937,1349496000
3620,6,1349496000
89,29,1349496000
937,3604,1349496000
1,116,1349582400
1043,1,1349582400
1043,112,1349582400
112,1043,1349582400
116,1,1349582400
122,591,1349582400
1324,177,1349582400
1523,2,1349582400
156,591,1349582400
177,787,1349582400
1802,591,1349582400
2257,41,1349582400
40,6,1349582400
47,185,1349582400
591,122,1349582400
591,156,1349582400
591,1802,1349582400
6,40,1349582400
62,2,1349582400
693,14,1349582400
693,184,1349582400
787,177,1349582400
1,1331,1349668800
11,2257,1349668800
177,214,1349668800
2257,11,1349668800
371,47,1349668800
371,622,1349668800
47,371,1349668800
587,62,1349668800
591,68,1349668800
595,880,1349668800
62,587,1349668800
622,371,1349668800
68,591,1349668800
699,7,1349668800
7,1522,1349668800
7,699,1349668800
77,89,1349668800
880,595,1349668800
89,77,1349668800
100,124,1349755200
11,74,1349755200
124,100,1349755200
16,2257,1349755200
1803,68,1349755200
2257,16,1349755200
596,8,1349755200
62,166,1349755200
62,8,1349755200
68,1803,1349755200
3559,747,1349755200
747,3559,1349755200
8,596,1349755200
8,846,1349755200
8,937,1349755200
80,1047,1349755200
80,301,1349755200
846,8,1349755200
937,8,1349755200
95,411,1349755200
1,3023,1349841600
1,3026,1349841600
1,373,1349841600
1,68,1349841600
1168,68,1349841600
136,154,1349841600
136,203,1349841600
136,30,1349841600
136,962,1349841600
143,2237,1349841600
154,136,1349841600
154,162,1349841600
16,70,1349841600
162,154,1349841600
162,228,1349841600
162,295,1349841600
162,331,1349841600
177,259,1349841600
1802,259,1349841600
1804,3030,1349841600
1804,68,1349841600
203,136,1349841600
2259,3669,1349841600
2261,1,1349841600
2261,46,1349841600
2262,68,1349841600
228,162,1349841600
259,177,1349841600
259,1802,1349841600
295,162,1349841600
295,296,1349841600
296,295,1349841600
30,136,1349841600
3023,1,1349841600
3028,8,1349841600
3029,68,1349841600
31,3669,1349841600
46,2261,1349841600
656,214,1349841600
68,1,1349841600
68,1168,1349841600
68,1804,1349841600
68,2262,1349841600
68,3029,1349841600
68,3509,1349841600
70,16,1349841600
3509,68,1349841600
749,813,1349841600
3669,2259,1349841600
3669,31,1349841600
8,3028,1349841600
813,749,1349841600
95,394,1349841600
962,136,1349841600
1,3027,1349928000
1523,554,1349928000
166,2244,1349928000
2244,166,1349928000
296,68,1349928000
32,672,1349928000
68,296,1349928000
3669,177,1349928000
1,1342,1350014400
1,331,1350014400
1342,1,1350014400
177,2254,1350014400
214,296,1350014400
214,7,1350014400
2254,177,1350014400
228,33,1350014400
296,214,1350014400
296,331,1350014400
3026,1,1350014400
33,228,1350014400
331,1,1350014400
331,296,1350014400
439,1044,1350014400
7,214,1350014400
8,549,1350014400
954,455,1350014400
11,1342,1350100800
112,3031,1350100800
116,177,1350100800
116,957,1350100800
124,8,1350100800
1342,11,1350100800
157,8,1350100800
16,1407,1350100800
177,116,1350100800
177,1806,1350100800
296,177,1350100800
296,946,1350100800
30,627,1350100800
3031,112,1350100800
4,572,1350100800
43,330,1350100800
627,30,1350100800
946,296,1350100800
964,1,1350100800
1,964,1350187200
112,33,1350187200
1340,143,1350187200
142,172,1350187200
143,1340,1350187200
170,1805,1350187200
177,33,1350187200
1803,46,1350187200
1805,170,1350187200
3030,1804,1350187200
33,112,1350187200
33,177,1350187200
331,162,1350187200
331,3621,1350187200
46,1803,1350187200
3610,22,1350187200
3669,1524,1350187200
3669,62,1350187200
3669,7,1350187200
1,2261,1350273600
1044,439,1350273600
1170,330,1350273600
156,162,1350273600
162,156,1350273600
170,185,1350273600
170,26,1350273600
172,177,1350273600
177,103,1350273600
177,172,1350273600
177,83,1350273600
1804,2090,1350273600
1806,177,1350273600
2090,1,1350273600
2090,1804,1350273600
214,32,1350273600
228,25,1350273600
25,228,1350273600
330,1170,1350273600
51,170,1350273600
530,64,1350273600
6,642,1350273600
642,138,1350273600
3621,331,1350273600
11,411,1350360000
1322,162,1350360000
162,1322,1350360000
1776,6,1350360000
1805,46,1350360000
2254,3035,1350360000
296,67,1350360000
3027,1,1350360000
3036,13,1350360000
3038,13,1350360000
411,11,1350360000
46,1805,1350360000
6,1776,1350360000
67,296,1350360000
813,177,1350360000
813,46,1350360000
964,162,1350360000
1,2235,1350446400
1,2260,1350446400
116,112,1350446400
177,279,1350446400
1807,68,1350446400
2235,1,1350446400
2260,1,1350446400
25,370,1350446400
3035,2254,1350446400
330,695,1350446400
370,25,1350446400
523,8,1350446400
68,1807,1350446400
695,330,1350446400
8,523,1350446400
1,1525,1350532800
177,296,1350532800
214,517,1350532800
25,26,1350532800
30,750,1350532800
3037,13,1350532800
642,31,1350532800
750,30,1350532800
11,95,1350619200
1525,1,1350619200
228,813,1350619200
4,95,1350619200
813,228,1350619200
92,95,1350619200
95,4,1350619200
1130,18,1350705600
124,2140,1350705600
124,585,1350705600
135,3464,1350705600
170,2264,1350705600
2264,170,1350705600
228,179,1350705600
330,43,1350705600
520,124,1350705600
3464,135,1350705600
585,124,1350705600
95,41,1350705600
1,95,1350792000
142,43,1350792000
1525,642,1350792000
22,3610,1350792000
2256,30,1350792000
27,14,1350792000
27,267,1350792000
27,30,1350792000
30,2256,1350792000
33,43,1350792000
43,142,1350792000
43,33,1350792000
46,3032,1350792000
517,214,1350792000
517,27,1350792000
642,1525,1350792000
11,124,1350878400
124,11,1350878400
14,27,1350878400
1528,46,1350878400
179,228,1350878400
26,83,1350878400
3039,13,1350878400
3040,332,1350878400
3041,13,1350878400
332,3040,1350878400
332,697,1350878400
43,172,1350878400
46,1528,1350878400
697,332,1350878400
73,813,1350878400
813,73,1350878400
11,228,1350964800
117,24,1350964800
117,799,1350964800
142,32,1350964800
1524,177,1350964800
1524,332,1350964800
1767,70,1350964800
177,1524,1350964800
177,332,1350964800
2257,332,1350964800
2263,642,1350964800
2266,13,1350964800
2267,13,1350964800
30,27,1350964800
332,1524,1350964800
332,2257,1350964800
332,951,1350964800
550,553,1350964800
64,700,1350964800
642,2263,1350964800
70,1767,1350964800
951,332,1350964800
228,73,1351051200
25,1165,1351051200
30,228,1351051200
30,319,1351051200
31,24,1351051200
31,45,1351051200
31,642,1351051200
332,700,1351051200
38,700,1351051200
456,13,1351051200
73,228,1351051200
748,21,1351051200
881,13,1351051200
112,116,1351137600
1530,178,1351137600
177,640,1351137600
177,802,1351137600
178,1530,1351137600
178,881,1351137600
197,7,1351137600
21,748,1351137600
228,97,1351137600
332,177,1351137600
3464,813,1351137600
640,177,1351137600
656,812,1351137600
656,937,1351137600
7,197,1351137600
700,38,1351137600
700,800,1351137600
800,700,1351137600
813,3464,1351137600
881,178,1351137600
97,228,1351137600
1171,177,1351224000
142,259,1351224000
142,517,1351224000
142,78,1351224000
1527,700,1351224000
162,1046,1351224000
162,2990,1351224000
177,1171,1351224000
177,287,1351224000
177,877,1351224000
198,390,1351224000
21,266,1351224000
259,142,1351224000
2853,35,1351224000
2990,162,1351224000
31,700,1351224000
390,198,1351224000
46,1531,1351224000
517,142,1351224000
700,1527,1351224000
700,31,1351224000
748,43,1351224000
3610,176,1351224000
3665,332,1351224000
83,279,1351224000
877,177,1351224000
89,699,1351224000
1046,162,1351310400
1274,178,1351310400
135,941,1351310400
145,25,1351310400
178,1274,1351310400
2270,46,1351310400
25,145,1351310400
25,3043,1351310400
3043,25,1351310400
318,228,1351310400
318,26,1351310400
318,937,1351310400
33,3560,1351310400
46,2270,1351310400
700,332,1351310400
3560,33,1351310400
3628,124,1351310400
89,2269,1351310400
915,317,1351310400
21,700,1351396800
2269,89,1351396800
228,11,1351396800
318,656,1351396800
3464,29,1351396800
3560,85,1351396800
749,3,1351396800
78,142,1351396800
812,656,1351396800
813,656,1351396800
85,26,1351396800
85,3560,1351396800
162,124,1351483200
225,296,1351483200
25,78,1351483200
296,225,1351483200
30,882,1351483200
389,211,1351483200
389,249,1351483200
389,491,1351483200
62,933,1351483200
78,25,1351483200
103,3674,1351569600
11,13,1351569600
116,395,1351569600
13,428,1351569600
1518,162,1351569600
1526,331,1351569600
1531,13,1351569600
1531,46,1351569600
2265,194,1351569600
2265,700,1351569600
2268,13,1351569600
25,287,1351569600
26,62,1351569600
287,162,1351569600
287,25,1351569600
330,813,1351569600
331,1526,1351569600
395,116,1351569600
46,13,1351569600
62,26,1351569600
78,106,1351569600
813,330,1351569600
1,2271,1351656000
113,7,1351656000
116,30,1351656000
124,520,1351656000
1531,68,1351656000
2271,1,1351656000
2271,315,1351656000
249,389,1351656000
278,73,1351656000
30,116,1351656000
30,124,1351656000
3046,13,1351656000
315,2271,1351656000
389,2219,1351656000
389,304,1351656000
46,1335,1351656000
46,1807,1351656000
68,1531,1351656000
7,113,1351656000
73,278,1351656000
3628,11,1351656000
3674,103,1351656000
78,11,1351656000
11,116,1351742400
116,11,1351742400
1335,1808,1351742400
177,1024,1351742400
1808,1335,1351742400
1808,46,1351742400
221,7,1351742400
2272,46,1351742400
332,3665,1351742400
358,258,1351742400
428,95,1351742400
46,1808,1351742400
46,2272,1351742400
7,221,1351742400
700,2265,1351742400
89,1,1351742400
1335,13,1351828800
1335,1530,1351828800
1335,456,1351828800
1528,13,1351828800
1530,1335,1351828800
177,1809,1351828800
1809,177,1351828800
1809,51,1351828800
456,1335,1351828800
456,46,1351828800
46,456,1351828800
51,177,1351828800
51,1809,1351828800
684,7,1351828800
7,684,1351828800
3510,332,1351828800
882,7,1351828800
11,318,1351915200
124,172,1351915200
124,89,1351915200
172,124,1351915200
1172,46,1352001600
1342,30,1352001600
156,3682,1352001600
179,62,1352001600
1807,46,1352001600
30,1342,1352001600
3050,13,1352001600
46,1049,1352001600
46,1172,1352001600
62,179,1352001600
110,2274,1352091600
1173,36,1352091600
143,177,1352091600
177,143,1352091600
177,642,1352091600
2152,1,1352091600
25,33,1352091600
329,83,1352091600
36,1173,1352091600
395,962,1352091600
3470,627,1352091600
596,124,1352091600
64,62,1352091600
642,177,1352091600
941,41,1352091600
962,395,1352091600
1,3048,1352178000
124,596,1352178000
13,33,1352178000
146,85,1352178000
1486,1631,1352178000
33,13,1352178000
396,95,1352178000
548,9,1352178000
3674,813,1352178000
85,146,1352178000
95,396,1352178000
962,966,1352178000
966,962,1352178000
1027,156,1352264400
13,1049,1352264400
13,1335,1352264400
13,1528,1352264400
13,1531,1352264400
13,2266,1352264400
13,2267,1352264400
13,2268,1352264400
13,258,1352264400
13,3036,1352264400
13,3037,1352264400
13,3038,1352264400
13,3039,1352264400
13,3041,1352264400
13,3046,1352264400
13,3050,1352264400
13,3051,1352264400
13,3054,1352264400
13,456,1352264400
13,881,1352264400
156,1027,1352264400
258,13,1352264400
3054,13,1352264400
3464,13,1352264400
3510,13,1352264400
75,85,1352264400
8,318,1352264400
813,3674,1352264400
85,75,1352264400
85,89,1352264400
89,124,1352264400
89,85,1352264400
103,3464,1352350800
11,966,1352350800
123,7,1352350800
143,25,1352350800
145,396,1352350800
179,1111,1352350800
2267,46,1352350800
228,3507,1352350800
25,143,1352350800
25,55,1352350800
3,116,1352350800
3,3049,1352350800
3,749,1352350800
301,945,1352350800
3041,1345,1352350800
3055,966,1352350800
33,25,1352350800
396,145,1352350800
46,2267,1352350800
3464,103,1352350800
7,123,1352350800
7,1499,1352350800
7,3052,1352350800
7,75,1352350800
3507,228,1352350800
75,7,1352350800
966,11,1352350800
966,3055,1352350800
1,2273,1352437200
1,2276,1352437200
1,396,1352437200
1111,179,1352437200
122,203,1352437200
124,642,1352437200
13,3056,1352437200
162,287,1352437200
203,122,1352437200
22,103,1352437200
22,396,1352437200
221,249,1352437200
2276,1,1352437200
249,221,1352437200
286,411,1352437200
3056,13,1352437200
360,317,1352437200
396,1,1352437200
396,22,1352437200
40,7,1352437200
411,286,1352437200
642,124,1352437200
7,40,1352437200
7,638,1352437200
3507,10,1352437200
10,1111,1352523600
10,3507,1352523600
108,95,1352523600
1111,10,1352523600
124,3507,1352523600
124,813,1352523600
124,882,1352523600
1631,1486,1352523600
177,92,1352523600
228,177,1352523600
25,813,1352523600
30,21,1352523600
318,11,1352523600
331,3507,1352523600
3507,124,1352523600
3507,331,1352523600
813,124,1352523600
813,25,1352523600
92,177,1352523600
106,124,1352610000
122,228,1352610000
124,106,1352610000
228,122,1352610000
285,3001,1352610000
3001,1,1352610000
3001,285,1352610000
330,53,1352610000
53,330,1352610000
3507,145,1352610000
3507,179,1352610000
1,2113,1352696400
1169,124,1352696400
2113,1,1352696400
3007,672,1352696400
38,95,1352696400
523,7,1352696400
7,523,1352696400
748,7,1352696400
1,3057,1352782800
1,3559,1352782800
112,13,1352782800
112,396,1352782800
1169,1347,1352782800
1169,3,1352782800
124,1169,1352782800
13,112,1352782800
13,3047,1352782800
1323,1485,1352782800
1347,1169,1352782800
1347,3,1352782800
136,228,1352782800
228,136,1352782800
25,3629,1352782800
3047,13,1352782800
3057,1,1352782800
396,112,1352782800
3629,25,1352782800
945,301,1352782800
124,22,1352869200
124,88,1352869200
1525,177,1352869200
1532,46,1352869200
156,177,1352869200
177,1525,1352869200
177,156,1352869200
22,424,1352869200
2202,2273,1352869200
278,380,1352869200
380,278,1352869200
46,1532,1352869200
3559,1,1352869200
882,88,1352869200
95,228,1352869200
1,124,1352955600
1173,172,1352955600
1173,280,1352955600
1173,371,1352955600
124,1,1352955600
13,3061,1352955600
172,1173,1352955600
203,53,1352955600
280,1173,1352955600
284,329,1352955600
30,36,1352955600
3061,13,1352955600
329,284,1352955600
36,30,1352955600
371,1173,1352955600
43,751,1352955600
53,203,1352955600
3471,62,1352955600
62,3471,1352955600
7,768,1352955600
3510,1173,1352955600
746,67,1352955600
751,43,1352955600
768,7,1352955600
1043,3,1353042000
1051,1173,1353042000
1173,1051,1353042000
124,396,1353042000
136,51,1353042000
150,7,1353042000
24,7,1353042000
3,1043,1353042000
3,1347,1353042000
3032,46,1353042000
7,150,1353042000
7,24,1353042000
748,177,1353042000
813,185,1353042000
92,345,1353042000
95,428,1353042000
95,92,1353042000
1,3059,1353128400
13,3060,1353128400
1524,3,1353128400
1525,18,1353128400
177,124,1353128400
18,1525,1353128400
18,3053,1353128400
1810,13,1353128400
2269,2274,1353128400
2274,110,1353128400
2274,2269,1353128400
3,1524,1353128400
3,701,1353128400
3060,13,1353128400
7,3471,1353128400
701,3,1353128400
701,50,1353128400
701,3574,1353128400
85,53,1353128400
1,701,1353214800
1043,62,1353214800
1049,1052,1353214800
1052,1049,1353214800
112,701,1353214800
124,177,1353214800
13,11,1353214800
162,803,1353214800
177,1347,1353214800
177,596,1353214800
177,62,1353214800
205,237,1353214800
237,205,1353214800
237,8,1353214800
3,3509,1353214800
3051,13,1353214800
3053,18,1353214800
3063,46,1353214800
46,3063,1353214800
46,61,1353214800
46,697,1353214800
62,1043,1353214800
656,46,1353214800
697,46,1353214800
701,1,1353214800
3509,3,1353214800
3574,1049,1353214800
3574,26,1353214800
3574,53,1353214800
3574,701,1353214800
3639,22,1353214800
803,162,1353214800
1,1316,1353301200
1,2227,1353301200
1530,46,1353301200
1796,30,1353301200
2227,1,1353301200
30,1796,1353301200
46,1530,1353301200
701,112,1353301200
3639,330,1353301200
812,694,1353301200
1,3062,1353387600
1776,317,1353387600
1796,1,1353387600
259,395,1353387600
2998,389,1353387600
389,2998,1353387600
395,259,1353387600
46,3065,1353387600
67,746,1353387600
699,220,1353387600
3628,3640,1353387600
3629,3640,1353387600
967,268,1353387600
1,194,1353474000
13,701,1353474000
1346,30,1353474000
172,7,1353474000
172,701,1353474000
2250,26,1353474000
30,1346,1353474000
3067,748,1353474000
427,70,1353474000
46,2278,1353474000
684,88,1353474000
699,89,1353474000
701,13,1353474000
701,172,1353474000
701,8,1353474000
3674,112,1353474000
8,701,1353474000
88,684,1353474000
882,95,1353474000
1048,1811,1353560400
112,2276,1353560400
112,3674,1353560400
124,228,1353560400
124,25,1353560400
13,1812,1353560400
1811,1048,1353560400
1812,1,1353560400
1812,13,1353560400
22,14,1353560400
220,1733,1353560400
220,699,1353560400
2258,46,1353560400
2276,112,1353560400
2279,46,1353560400
25,124,1353560400
266,30,1353560400
373,395,1353560400
395,373,1353560400
46,2258,1353560400
46,2279,1353560400
596,177,1353560400
68,124,1353560400
1,3064,1353646800
1053,177,1353646800
106,396,1353646800
123,1811,1353646800
13,1210,1353646800
13,21,1353646800
13,70,1353646800
1347,177,1353646800
177,1053,1353646800
179,748,1353646800
1811,1252,1353646800
1811,177,1353646800
1811,3674,1353646800
194,1,1353646800
21,13,1353646800
222,1,1353646800
222,373,1353646800
3064,1,1353646800
396,106,1353646800
46,1812,1353646800
596,62,1353646800
62,596,1353646800
62,73,1353646800
694,812,1353646800
70,13,1353646800
748,3067,1353646800
3674,1811,1353646800
813,95,1353646800
95,813,1353646800
1252,1811,1353733200
1274,46,1353733200
1348,882,1353733200
142,280,1353733200
177,404,1353733200
177,697,1353733200
177,879,1353733200
177,882,1353733200
228,318,1353733200
25,62,1353733200
280,142,1353733200
46,1274,1353733200
53,25,1353733200
62,25,1353733200
697,177,1353733200
879,177,1353733200
882,1348,1353733200
882,177,1353733200
1,2282,1353819600
1054,4,1353819600
13,3468,1353819600
140,25,1353819600
17,287,1353819600
177,1048,1353819600
177,1159,1353819600
177,123,1353819600
177,228,1353819600
177,371,1353819600
177,595,1353819600
18,74,1353819600
2173,694,1353819600
22,145,1353819600
2282,1,1353819600
25,140,1353819600
287,424,1353819600
30,53,1353819600
373,222,1353819600
373,3069,1353819600
4,1054,1353819600
53,748,1353819600
748,1811,1353819600
95,185,1353819600
1,1442,1353906000
13,1535,1353906000
13,2279,1353906000
140,70,1353906000
1535,13,1353906000
18,945,1353906000
1811,123,1353906000
1811,748,1353906000
187,26,1353906000
2275,13,1353906000
249,523,1353906000
287,177,1353906000
3,7,1353906000
38,3044,1353906000
4,411,1353906000
404,177,1353906000
411,4,1353906000
522,8,1353906000
53,179,1353906000
7,3,1353906000
70,140,1353906000
748,179,1353906000
945,18,1353906000
1,3070,1353992400
113,177,1353992400
113,188,1353992400
113,2,1353992400
113,271,1353992400
13,2270,1353992400
13,3,1353992400
13,3072,1353992400
13,3073,1353992400
13,95,1353992400
13,952,1353992400
156,3644,1353992400
177,396,1353992400
2281,1,1353992400
2281,373,1353992400
25,3071,1353992400
25,395,1353992400
287,123,1353992400
287,748,1353992400
287,85,1353992400
287,966,1353992400
3,13,1353992400
3,95,1353992400
3070,1,1353992400
3072,13,1353992400
3073,13,1353992400
373,2281,1353992400
38,954,1353992400
395,25,1353992400
396,177,1353992400
396,4,1353992400
4,396,1353992400
484,7,1353992400
694,2173,1353992400
7,484,1353992400
748,124,1353992400
748,287,1353992400
85,287,1353992400
952,13,1353992400
1,152,1354078800
1053,2285,1354078800
112,73,1354078800
112,748,1354078800
123,95,1354078800
13,178,1354078800
1348,95,1354078800
152,1,1354078800
152,38,1354078800
178,13,1354078800
179,10,1354078800
179,1691,1354078800
179,582,1354078800
228,29,1354078800
2285,1053,1354078800
26,330,1354078800
285,954,1354078800
29,228,1354078800
330,26,1354078800
38,152,1354078800
38,530,1354078800
40,92,1354078800
530,38,1354078800
68,46,1354078800
7,877,1354078800
73,112,1354078800
73,62,1354078800
748,228,1354078800
748,564,1354078800
877,7,1354078800
9,20,1354078800
92,40,1354078800
95,123,1354078800
95,1348,1354078800
95,966,1354078800
13,1807,1354165200
13,1810,1354165200
13,2278,1354165200
13,3045,1354165200
13,3076,1354165200
1527,170,1354165200
170,1527,1354165200
170,51,1354165200
1807,13,1354165200
1814,61,1354165200
2278,13,1354165200
3,877,1354165200
3045,13,1354165200
3076,13,1354165200
3077,61,1354165200
33,1349,1354165200
38,1,1354165200
38,18,1354165200
548,1349,1354165200
61,1814,1354165200
7,809,1354165200
877,3,1354165200
95,318,1354165200
142,955,1354251600
24,185,1354251600
24,9,1354251600
25,396,1354251600
287,17,1354251600
331,26,1354251600
396,124,1354251600
396,25,1354251600
44,6,1354251600
46,1801,1354251600
519,6,1354251600
6,44,1354251600
6,519,1354251600
768,1349,1354251600
95,3,1354251600
955,142,1354251600
1,1796,1354338000
1,2281,1354338000
1051,68,1354338000
1053,92,1354338000
13,1813,1354338000
13,3075,1354338000
1348,7,1354338000
1816,3,1354338000
190,32,1354338000
2152,178,1354338000
3,1816,1354338000
3,29,1354338000
3,36,1354338000
3,62,1354338000
3075,13,1354338000
32,190,1354338000
3471,7,1354338000
62,3,1354338000
656,373,1354338000
68,1051,1354338000
7,1348,1354338000
85,62,1354338000
92,1053,1354338000
11,3,1354424400
124,3674,1354424400
165,43,1354424400
165,7,1354424400
177,73,1354424400
1811,199,1354424400
199,517,1354424400
21,329,1354424400
287,29,1354424400
29,287,1354424400
3,11,1354424400
3,656,1354424400
329,21,1354424400
596,1,1354424400
656,3,1354424400
748,26,1354424400
112,30,1354510800
1172,13,1354510800
124,748,1354510800
13,1172,1354510800
199,26,1354510800
199,3,1354510800
199,358,1354510800
2,561,1354510800
2290,3,1354510800
26,199,1354510800
3,199,1354510800
3,2290,1354510800
30,112,1354510800
358,199,1354510800
373,26,1354510800
373,656,1354510800
500,8,1354510800
3464,394,1354510800
561,2,1354510800
61,3077,1354510800
8,500,1354510800
95,882,1354510800
103,40,1354597200
112,3679,1354597200
112,8,1354597200
117,6,1354597200
17,748,1354597200
178,2152,1354597200
228,509,1354597200
3,8,1354597200
40,103,1354597200
455,3464,1354597200
509,228,1354597200
6,117,1354597200
7,750,1354597200
750,7,1354597200
8,3,1354597200
967,690,1354597200
1,3078,1354683600
1,596,1354683600
124,53,1354683600
1349,187,1354683600
142,7,1354683600
1442,1,1354683600
1536,32,1354683600
1536,371,1354683600
22,64,1354683600
2285,3,1354683600
3,1339,1354683600
3,2285,1354683600
3,883,1354683600
30,3080,1354683600
3043,3,1354683600
3080,30,1354683600
395,89,1354683600
42,85,1354683600
85,42,1354683600
883,3,1354683600
89,395,1354683600
1,3042,1354770000
1170,18,1354770000
1323,92,1354770000
1339,203,1354770000
1348,1349,1354770000
1349,1348,1354770000
1349,2292,1354770000
15,967,1354770000
1522,53,1354770000
154,8,1354770000
203,1339,1354770000
2292,962,1354770000
3042,1,1354770000
331,396,1354770000
332,73,1354770000
396,331,1354770000
53,1522,1354770000
68,814,1354770000
697,13,1354770000
73,92,1354770000
8,154,1354770000
92,1323,1354770000
92,73,1354770000
962,8,1354770000
966,95,1354770000
1,1339,1354856400
1,3068,1354856400
1051,124,1354856400
1051,73,1354856400
112,124,1354856400
1171,95,1354856400
123,73,1354856400
124,1051,1354856400
124,112,1354856400
124,162,1354856400
124,319,1354856400
18,1170,1354856400
1813,13,1354856400
1813,178,1354856400
187,41,1354856400
187,423,1354856400
199,73,1354856400
199,879,1354856400
199,92,1354856400
24,95,1354856400
25,3082,1354856400
25,36,1354856400
26,70,1354856400
29,124,1354856400
3068,1,1354856400
3082,25,1354856400
36,25,1354856400
457,46,1354856400
457,71,1354856400
46,457,1354856400
690,967,1354856400
70,26,1354856400
73,123,1354856400
73,199,1354856400
3674,3079,1354856400
879,199,1354856400
92,199,1354856400
95,1171,1354856400
95,221,1354856400
95,24,1354856400
110,92,1354942800
113,29,1354942800
113,6,1354942800
124,298,1354942800
124,332,1354942800
2292,1349,1354942800
2292,6,1354942800
29,113,1354942800
298,124,1354942800
3,394,1354942800
3079,3674,1354942800
319,124,1354942800
319,53,1354942800
394,3,1354942800
53,319,1354942800
6,113,1354942800
6,2292,1354942800
73,1051,1354942800
770,3505,1354942800
92,110,1354942800
967,15,1354942800
124,1820,1355029200
124,62,1355029200
124,7,1355029200
124,73,1355029200
124,750,1355029200
1349,373,1355029200
149,2294,1355029200
149,6,1355029200
1820,124,1355029200
184,3034,1355029200
2295,3,1355029200
3,2295,1355029200
3,75,1355029200
3,92,1355029200
373,333,1355029200
373,89,1355029200
6,149,1355029200
62,124,1355029200
7,124,1355029200
71,1,1355029200
71,457,1355029200
73,331,1355029200
73,332,1355029200
75,3,1355029200
750,124,1355029200
752,373,1355029200
83,177,1355029200
89,373,1355029200
1,333,1355115600
123,1671,1355115600
123,1821,1355115600
1348,3,1355115600
147,100,1355115600
147,358,1355115600
147,421,1355115600
147,963,1355115600
177,25,1355115600
178,1813,1355115600
178,1821,1355115600
1780,214,1355115600
1821,178,1355115600
2291,3,1355115600
25,332,1355115600
3,1348,1355115600
3,2291,1355115600
3,752,1355115600
3034,184,1355115600
331,73,1355115600
331,92,1355115600
332,25,1355115600
358,147,1355115600
36,83,1355115600
545,6,1355115600
545,77,1355115600
6,545,1355115600
3505,770,1355115600
752,3,1355115600
83,36,1355115600
92,1821,1355115600
92,331,1355115600
95,941,1355115600
963,147,1355115600
1339,3,1355202000
147,223,1355202000
178,1814,1355202000
1814,178,1355202000
199,259,1355202000
2,318,1355202000
203,6,1355202000
2268,61,1355202000
227,3,1355202000
227,4,1355202000
25,97,1355202000
259,199,1355202000
3,227,1355202000
32,142,1355202000
373,752,1355202000
4,227,1355202000
421,147,1355202000
6,203,1355202000
61,2268,1355202000
97,25,1355202000
1274,3,1355288400
1346,6,1355288400
15,518,1355288400
199,1811,1355288400
199,267,1355288400
199,369,1355288400
2297,68,1355288400
3,1274,1355288400
3,228,1355288400
32,214,1355288400
6,1346,1355288400
68,2297,1355288400
7,946,1355288400
946,7,1355288400
394,83,1355374800
6,24,1355374800
6,92,1355374800
750,6,1355374800
83,394,1355374800
113,317,1355461200
1323,3674,1355461200
177,487,1355461200
2297,457,1355461200
26,51,1355461200
332,3086,1355461200
394,4,1355461200
457,2297,1355461200
46,881,1355461200
487,177,1355461200
51,26,1355461200
3674,3074,1355461200
881,46,1355461200
1,3084,1355547600
106,453,1355547600
13,3465,1355547600
13,8,1355547600
147,690,1355547600
1536,3,1355547600
1801,46,1355547600
2298,3,1355547600
3,1536,1355547600
3,2298,1355547600
3,3087,1355547600
3087,3,1355547600
35,15,1355547600
453,106,1355547600
3465,13,1355547600
3465,178,1355547600
61,3085,1355547600
690,147,1355547600
8,13,1355547600
8,227,1355547600
112,1,1355634000
112,301,1355634000
13,1819,1355634000
13,697,1355634000
1649,2298,1355634000
1819,13,1355634000
199,143,1355634000
199,55,1355634000
2298,1649,1355634000
2300,3,1355634000
25,492,1355634000
3,2300,1355634000
329,9,1355634000
492,25,1355634000
62,92,1355634000
9,329,1355634000
92,62,1355634000
110,7,1355720400
124,32,1355720400
13,1537,1355720400
13,3089,1355720400
1339,1,1355720400
1537,13,1355720400
16,6,1355720400
178,3465,1355720400
179,7,1355720400
199,440,1355720400
199,801,1355720400
24,6,1355720400
301,112,1355720400
3085,61,1355720400
3089,13,1355720400
3090,553,1355720400
36,3,1355720400
553,3090,1355720400
6,16,1355720400
7,110,1355720400
7,179,1355720400
748,8,1355720400
8,748,1355720400
1,395,1355806800
124,2299,1355806800
13,2275,1355806800
146,199,1355806800
177,1753,1355806800
177,42,1355806800
177,703,1355806800
199,146,1355806800
228,3,1355806800
2299,124,1355806800
395,1,1355806800
42,177,1355806800
591,70,1355806800
6,3635,1355806800
1,2249,1355893200
1,3088,1355893200
1008,3679,1355893200
112,524,1355893200
13,1351,1355893200
1351,13,1355893200
1351,15,1355893200
1351,381,1355893200
1351,64,1355893200
1351,99,1355893200
143,55,1355893200
15,1351,1355893200
177,3,1355893200
1812,46,1355893200
22,13,1355893200
2299,177,1355893200
24,1351,1355893200
295,937,1355893200
3088,1,1355893200
3088,2794,1355893200
3092,6,1355893200
31,22,1355893200
395,90,1355893200
6,3092,1355893200
75,95,1355893200
752,95,1355893200
90,395,1355893200
937,295,1355893200
95,75,1355893200
95,752,1355893200
100,3,1355979600
1052,13,1355979600
1054,177,1355979600
13,1052,1355979600
1351,24,1355979600
1538,493,1355979600
177,1054,1355979600
178,2301,1355979600
179,53,1355979600
188,6,1355979600
266,21,1355979600
29,684,1355979600
3,100,1355979600
3,53,1355979600
32,90,1355979600
490,265,1355979600
493,1538,1355979600
493,752,1355979600
53,138,1355979600
53,3,1355979600
53,6,1355979600
3465,3561,1355979600
591,83,1355979600
6,53,1355979600
640,7,1355979600
684,29,1355979600
696,2299,1355979600
7,2301,1355979600
7,51,1355979600
7,640,1355979600
3561,3465,1355979600
3604,703,1355979600
752,493,1355979600
752,937,1355979600
83,591,1355979600
90,32,1355979600
937,752,1355979600
1,3083,1356066000
1,753,1356066000
1051,177,1356066000
1342,937,1356066000
143,3094,1356066000
1538,177,1356066000
177,1051,1356066000
177,1538,1356066000
2272,68,1356066000
2301,178,1356066000
2301,7,1356066000
3094,143,1356066000
46,68,1356066000
506,7,1356066000
53,29,1356066000
3464,53,1356066000
68,2272,1356066000
7,506,1356066000
937,1342,1356066000
147,1539,1356152400
1539,147,1356152400
1539,56,1356152400
177,227,1356152400
199,1820,1356152400
227,177,1356152400
2302,7,1356152400
27,492,1356152400
3,63,1356152400
3,937,1356152400
30,748,1356152400
3093,61,1356152400
42,3540,1356152400
492,27,1356152400
56,1539,1356152400
56,421,1356152400
61,3093,1356152400
63,3,1356152400
7,2302,1356152400
703,3604,1356152400
748,30,1356152400
937,3,1356152400
145,2251,1356238800
1523,3,1356238800
3,1523,1356238800
3,754,1356238800
67,752,1356238800
7,752,1356238800
752,67,1356238800
752,7,1356238800
3635,3095,1356238800
814,68,1356238800
1053,1815,1356325200
108,145,1356325200
108,188,1356325200
108,22,1356325200
108,483,1356325200
145,108,1356325200
145,165,1356325200
145,188,1356325200
145,200,1356325200
145,22,1356325200
145,234,1356325200
145,318,1356325200
145,469,1356325200
145,483,1356325200
1533,13,1356325200
188,145,1356325200
188,165,1356325200
188,200,1356325200
188,234,1356325200
188,469,1356325200
188,483,1356325200
188,54,1356325200
188,99,1356325200
25,31,1356325200
25,523,1356325200
29,6,1356325200
29,95,1356325200
3002,7,1356325200
3097,915,1356325200
31,146,1356325200
523,25,1356325200
696,7,1356325200
7,3002,1356325200
7,956,1356325200
915,3097,1356325200
146,31,1356411600
225,493,1356411600
25,3635,1356411600
53,332,1356411600
3635,25,1356411600
941,95,1356411600
1056,73,1356498000
179,95,1356498000
1823,754,1356498000
225,260,1356498000
260,225,1356498000
3066,6,1356498000
421,126,1356498000
530,225,1356498000
6,3066,1356498000
62,85,1356498000
73,1056,1356498000
748,3,1356498000
748,885,1356498000
754,1823,1356498000
88,815,1356498000
885,748,1356498000
95,179,1356498000
1054,73,1356584400
107,693,1356584400
171,73,1356584400
177,112,1356584400
2280,25,1356584400
2303,46,1356584400
25,2280,1356584400
46,2303,1356584400
693,107,1356584400
70,35,1356584400
73,1054,1356584400
73,171,1356584400
754,755,1356584400
815,885,1356584400
101,66,1356670800
107,883,1356670800
112,177,1356670800
13,884,1356670800
136,73,1356670800
177,522,1356670800
177,524,1356670800
1825,885,1356670800
24,73,1356670800
24,885,1356670800
24,941,1356670800
25,329,1356670800
3096,101,1356670800
3096,15,1356670800
3096,6,1356670800
3098,61,1356670800
329,25,1356670800
522,177,1356670800
53,56,1356670800
3465,61,1356670800
6,3096,1356670800
61,3098,1356670800
61,3465,1356670800
66,101,1356670800
73,136,1356670800
73,24,1356670800
73,883,1356670800
883,107,1356670800
883,73,1356670800
884,13,1356670800
885,1825,1356670800
885,24,1356670800
941,24,1356670800
1054,3,1356757200
1056,29,1356757200
113,154,1356757200
113,3,1356757200
124,885,1356757200
154,113,1356757200
1540,803,1356757200
177,113,1356757200
1815,1053,1356757200
196,15,1356757200
199,33,1356757200
22,196,1356757200
22,31,1356757200
227,8,1356757200
29,1056,1356757200
29,885,1356757200
30,3100,1356757200
30,32,1356757200
3100,30,1356757200
315,883,1356757200
32,124,1356757200
33,199,1356757200
43,138,1356757200
524,112,1356757200
6,43,1356757200
621,7,1356757200
7,621,1356757200
3551,111,1356757200
3635,3562,1356757200
803,1540,1356757200
883,315,1356757200
885,29,1356757200
124,179,1356843600
177,748,1356843600
177,951,1356843600
179,124,1356843600
3102,127,1356843600
3102,46,1356843600
46,127,1356843600
46,3102,1356843600
755,754,1356843600
881,127,1356843600
951,177,1356843600
1056,6,1356930000
134,743,1356930000
1649,7,1356930000
177,331,1356930000
35,2289,1356930000
6,1056,1356930000
7,1649,1356930000
70,22,1356930000
703,177,1356930000
703,196,1356930000
754,522,1356930000
885,124,1356930000
937,27,1356930000
1820,199,1357016400
190,70,1357016400
31,345,1357016400
331,177,1357016400
345,11,1357016400
345,31,1357016400
345,92,1357016400
345,95,1357016400
345,97,1357016400
456,127,1357016400
492,3,1357016400
7,190,1357016400
95,345,1357016400
1,3101,1357102800
124,456,1357102800
179,752,1357102800
1826,456,1357102800
1826,885,1357102800
22,108,1357102800
22,185,1357102800
22,302,1357102800
22,38,1357102800
22,44,1357102800
22,70,1357102800
22,90,1357102800
2304,95,1357102800
3,885,1357102800
456,1826,1357102800
56,53,1357102800
6,124,1357102800
62,885,1357102800
7,801,1357102800
703,3511,1357102800
3511,703,1357102800
752,179,1357102800
801,7,1357102800
885,1826,1357102800
885,3,1357102800
885,62,1357102800
885,8,1357102800
885,886,1357102800
95,2304,1357102800
13,1534,1357189200
1534,13,1357189200
177,2286,1357189200
177,750,1357189200
2286,177,1357189200
2306,3,1357189200
3,2306,1357189200
3,492,1357189200
3,3471,1357189200
30,3471,1357189200
457,68,1357189200
3471,3,1357189200
68,457,1357189200
750,177,1357189200
1029,24,1357275600
1029,331,1357275600
1029,40,1357275600
1029,937,1357275600
124,56,1357275600
13,2284,1357275600
194,2978,1357275600
227,36,1357275600
2284,13,1357275600
24,1029,1357275600
258,46,1357275600
2978,194,1357275600
3,755,1357275600
30,703,1357275600
3104,61,1357275600
331,1029,1357275600
331,492,1357275600
333,1,1357275600
333,373,1357275600
36,227,1357275600
40,1029,1357275600
492,331,1357275600
56,124,1357275600
61,3104,1357275600
703,30,1357275600
71,968,1357275600
755,3,1357275600
937,1029,1357275600
968,71,1357275600
1,1822,1357362000
1,1826,1357362000
1,3103,1357362000
1129,937,1357362000
1540,30,1357362000
2305,40,1357362000
3,955,1357362000
30,1540,1357362000
40,2305,1357362000
522,883,1357362000
3464,2280,1357362000
6,394,1357362000
61,3081,1357362000
3562,3622,1357362000
3622,3562,1357362000
883,522,1357362000
937,1129,1357362000
124,3,1357448400
124,6,1357448400
3,124,1357448400
3,1824,1357448400
3,331,1357448400
3099,68,1357448400
331,3,1357448400
456,124,1357448400
68,3099,1357448400
879,883,1357448400
883,879,1357448400
1,529,1357534800
106,22,1357534800
177,40,1357534800
177,492,1357534800
177,56,1357534800
177,816,1357534800
179,22,1357534800
22,106,1357534800
22,179,1357534800
228,816,1357534800
2299,696,1357534800
2308,25,1357534800
2308,3,1357534800
25,2308,1357534800
259,333,1357534800
3,2308,1357534800
30,188,1357534800
30,345,1357534800
30,95,1357534800
40,177,1357534800
492,177,1357534800
56,177,1357534800
6,85,1357534800
67,95,1357534800
696,179,1357534800
7,31,1357534800
85,6,1357534800
95,67,1357534800
1147,3,1357621200
13,2277,1357621200
1540,395,1357621200
2277,13,1357621200
2310,395,1357621200
3,1147,1357621200
301,3106,1357621200
3106,301,1357621200
331,6,1357621200
360,53,1357621200
395,1540,1357621200
395,2310,1357621200
492,6,1357621200
53,360,1357621200
6,331,1357621200
6,492,1357621200
62,95,1357621200
95,31,1357621200
95,331,1357621200
103,30,1357707600
1129,3,1357707600
172,30,1357707600
199,134,1357707600
3,1129,1357707600
3,40,1357707600
3,90,1357707600
30,103,1357707600
30,172,1357707600
3107,56,1357707600
36,124,1357707600
40,3,1357707600
56,3107,1357707600
7,2307,1357707600
90,3,1357707600
10,967,1357794000
1033,124,1357794000
124,1033,1357794000
124,30,1357794000
13,1808,1357794000
149,70,1357794000
1790,3,1357794000
1808,13,1357794000
1827,127,1357794000
1827,46,1357794000
199,101,1357794000
199,752,1357794000
24,3464,1357794000
331,3471,1357794000
331,95,1357794000
46,1827,1357794000
530,1798,1357794000
743,134,1357794000
752,199,1357794000
1352,937,1357880400
177,32,1357880400
1798,530,1357880400
3,320,1357880400
30,320,1357880400
30,56,1357880400
320,3,1357880400
320,30,1357880400
333,259,1357880400
56,30,1357880400
3635,3673,1357880400
883,90,1357880400
90,883,1357880400
937,1352,1357880400
124,227,1357966800
1346,7,1357966800
26,17,1357966800
36,7,1357966800
68,13,1357966800
7,1346,1357966800
124,29,1358053200
124,684,1358053200
1354,178,1358053200
143,696,1358053200
172,493,1358053200
172,73,1358053200
178,1354,1358053200
493,172,1358053200
684,124,1358053200
73,172,1358053200
8,1343,1358053200
1,1538,1358139600
1,3013,1358139600
100,66,1358139600
1162,124,1358139600
1178,7,1358139600
1178,8,1358139600
124,643,1358139600
124,68,1358139600
124,83,1358139600
13,1532,1358139600
1343,8,1358139600
1532,13,1358139600
177,333,1358139600
1828,68,1358139600
287,8,1358139600
333,177,1358139600
56,147,1358139600
643,124,1358139600
68,1828,1358139600
753,1,1358139600
8,1178,1358139600
83,92,1358139600
92,83,1358139600
1,3111,1358226000
124,24,1358226000
124,815,1358226000
177,2304,1358226000
177,969,1358226000
2284,46,1358226000
2304,177,1358226000
24,124,1358226000
493,225,1358226000
6,3112,1358226000
643,3110,1358226000
3622,3660,1358226000
8,333,1358226000
815,124,1358226000
881,68,1358226000
969,177,1358226000
13,2243,1358312400
143,643,1358312400
177,395,1358312400
205,643,1358312400
2243,13,1358312400
2270,13,1358312400
250,31,1358312400
31,250,1358312400
3110,643,1358312400
3112,138,1358312400
3112,6,1358312400
333,8,1358312400
38,3108,1358312400
394,6,1358312400
395,177,1358312400
40,95,1358312400
64,698,1358312400
643,143,1358312400
643,205,1358312400
3660,177,1358312400
95,40,1358312400
24,643,1358398800
288,358,1358398800
3108,38,1358398800
3111,1,1358398800
333,643,1358398800
358,288,1358398800
643,24,1358398800
643,333,1358398800
83,967,1358398800
199,937,1358485200
2311,3,1358485200
279,13,1358485200
279,83,1358485200
3,2311,1358485200
530,194,1358485200
643,3464,1358485200
643,95,1358485200
937,199,1358485200
95,643,1358485200
967,83,1358485200
1354,884,1358571600
1691,185,1358571600
172,95,1358571600
177,2311,1358571600
178,127,1358571600
2311,177,1358571600
288,1691,1358571600
288,185,1358571600
3,3105,1358571600
30,597,1358571600
3105,3,1358571600
46,178,1358571600
3464,30,1358571600
698,15,1358571600
698,64,1358571600
884,1354,1358571600
95,172,1358571600
1,3113,1358658000
110,2309,1358658000
121,89,1358658000
147,3115,1358658000
177,95,1358658000
196,122,1358658000
196,22,1358658000
196,3114,1358658000
196,703,1358658000
196,747,1358658000
2309,110,1358658000
31,95,1358658000
3114,196,1358658000
3115,147,1358658000
6,1057,1358658000
8,10,1358658000
1057,6,1358744400
13,597,1358744400
1538,1,1358744400
1543,553,1358744400
168,3505,1358744400
178,29,1358744400
2278,127,1358744400
2278,46,1358744400
244,26,1358744400
244,6,1358744400
244,703,1358744400
26,244,1358744400
3035,456,1358744400
3035,46,1358744400
3035,61,1358744400
3081,61,1358744400
3116,8,1358744400
36,56,1358744400
553,1543,1358744400
56,36,1358744400
597,13,1358744400
6,244,1358744400
6,7,1358744400
7,6,1358744400
7,3644,1358744400
703,244,1358744400
3644,7,1358744400
8,3116,1358744400
179,1604,1358830800
26,295,1358830800
295,26,1358830800
30,643,1358830800
457,61,1358830800
3464,643,1358830800
61,457,1358830800
696,143,1358830800
95,62,1358830800
954,285,1358830800
954,38,1358830800
1050,61,1358917200
143,244,1358917200
177,26,1358917200
179,3548,1358917200
18,243,1358917200
1808,127,1358917200
1832,3,1358917200
244,143,1358917200
3,1832,1358917200
3,3541,1358917200
3541,3,1358917200
3622,3663,1358917200
3660,3663,1358917200
3674,1323,1358917200
8,287,1358917200
1048,9,1359003600
110,362,1359003600
1355,1798,1359003600
143,24,1359003600
1830,362,1359003600
198,6,1359003600
24,143,1359003600
362,110,1359003600
362,8,1359003600
6,198,1359003600
8,362,1359003600
9,1048,1359003600
11,90,1359090000
1456,177,1359090000
1456,3,1359090000
177,1456,1359090000
1798,1355,1359090000
199,244,1359090000
199,63,1359090000
22,358,1359090000
26,2280,1359090000
278,29,1359090000
278,6,1359090000
29,278,1359090000
3,1456,1359090000
3464,815,1359090000
6,278,1359090000
6,524,1359090000
71,243,1359090000
815,3464,1359090000
90,11,1359090000
1459,8,1359176400
177,3117,1359176400
1833,227,1359176400
22,2310,1359176400
227,1833,1359176400
227,30,1359176400
2310,22,1359176400
24,13,1359176400
3,703,1359176400
3117,177,1359176400
70,698,1359176400
703,3,1359176400
8,1459,1359176400
110,24,1359262800
1459,16,1359262800
15,1134,1359262800
15,698,1359262800
1535,258,1359262800
1545,3,1359262800
16,1459,1359262800
1833,33,1359262800
24,110,1359262800
258,1535,1359262800
26,268,1359262800
29,83,1359262800
33,1833,1359262800
54,334,1359262800
71,13,1359262800
83,3636,1359262800
1,1542,1359349200
1041,106,1359349200
106,1041,1359349200
107,56,1359349200
123,40,1359349200
13,3119,1359349200
13,320,1359349200
154,177,1359349200
1691,179,1359349200
1691,53,1359349200
1691,3464,1359349200
177,154,1359349200
177,8,1359349200
179,3464,1359349200
18,1526,1359349200
221,3109,1359349200
3109,221,1359349200
3119,13,1359349200
315,95,1359349200
320,13,1359349200
33,703,1359349200
371,199,1359349200
38,2313,1359349200
40,123,1359349200
56,107,1359349200
68,881,1359349200
703,33,1359349200
1,3118,1359435600
136,1459,1359435600
1459,136,1359435600
1542,1,1359435600
1546,138,1359435600
491,389,1359435600
491,520,1359435600
491,55,1359435600
491,64,1359435600
491,3636,1359435600
491,3659,1359435600
6,75,1359435600
75,6,1359435600
1050,13,1359522000
1056,3,1359522000
1152,6,1359522000
13,1050,1359522000
13,127,1359522000
13,46,1359522000
166,32,1359522000
177,1180,1359522000
196,1277,1359522000
2991,80,1359522000
3,1056,1359522000
32,166,1359522000
6,1152,1359522000
68,884,1359522000
80,2991,1359522000
884,68,1359522000
10,40,1359608400
13,1828,1359608400
13,71,1359608400
134,244,1359608400
1344,221,1359608400
177,295,1359608400
1828,13,1359608400
22,29,1359608400
221,1344,1359608400
243,18,1359608400
243,699,1359608400
243,71,1359608400
243,959,1359608400
29,33,1359608400
3,886,1359608400
3033,40,1359608400
3121,68,1359608400
33,29,1359608400
33,71,1359608400
40,10,1359608400
40,3033,1359608400
524,6,1359608400
68,3121,1359608400
71,33,1359608400
1,1180,1359694800
107,1542,1359694800
112,6,1359694800
1180,177,1359694800
1346,27,1359694800
1542,107,1359694800
203,296,1359694800
237,296,1359694800
237,62,1359694800
266,3,1359694800
296,203,1359694800
296,237,1359694800
3,266,1359694800
491,268,1359694800
523,1341,1359694800
62,237,1359694800
700,21,1359694800
97,177,1359694800
1,296,1359781200
156,198,1359781200
198,156,1359781200
296,1,1359781200
10,296,1359867600
10,3122,1359867600
1157,3674,1359867600
177,1835,1359867600
1835,1,1359867600
1835,177,1359867600
296,10,1359867600
296,3,1359867600
296,30,1359867600
296,71,1359867600
3,296,1359867600
3122,10,1359867600
3674,1157,1359867600
884,61,1359867600
92,3,1359867600
969,2214,1359867600
1,2296,1359954000
103,92,1359954000
107,3,1359954000
15,3120,1359954000
177,3125,1359954000
24,47,1359954000
287,6,1359954000
3,107,1359954000
3125,177,1359954000
522,6,1359954000
6,522,1359954000
71,296,1359954000
92,103,1359954000
1,1835,1360040400
107,6,1360040400
116,6,1360040400
1537,68,1360040400
1836,3,1360040400
2314,62,1360040400
3,1836,1360040400
3,969,1360040400
371,523,1360040400
484,8,1360040400
6,107,1360040400
6,116,1360040400
62,2314,1360040400
68,1537,1360040400
8,484,1360040400
969,3,1360040400
10,73,1360126800
1815,3,1360126800
1834,3,1360126800
25,47,1360126800
3,1815,1360126800
3,1834,1360126800
3,3127,1360126800
3127,3,1360126800
47,25,1360126800
7,1178,1360126800
8,95,1360126800
95,8,1360126800
1,1356,1360213200
1,3124,1360213200
1,523,1360213200
10,3,1360213200
1356,1,1360213200
177,266,1360213200
177,349,1360213200
196,64,1360213200
3,10,1360213200
3,3564,1360213200
427,112,1360213200
70,64,1360213200
3564,3,1360213200
1058,107,1360299600
1058,121,1360299600
121,1058,1360299600
123,29,1360299600
177,10,1360299600
1813,61,1360299600
1828,61,1360299600
214,73,1360299600
29,123,1360299600
3,125,1360299600
3,173,1360299600
3,815,1360299600
56,90,1360299600
61,1813,1360299600
61,1828,1360299600
73,214,1360299600
90,56,1360299600
1,2315,1360386000
1162,15,1360386000
1346,56,1360386000
135,3,1360386000
15,1162,1360386000
173,1837,1360386000
1835,3,1360386000
1837,173,1360386000
22,61,1360386000
2249,1,1360386000
3,135,1360386000
3,1835,1360386000
3,1837,1360386000
3120,15,1360386000
43,135,1360386000
530,15,1360386000
56,1346,1360386000
61,22,1360386000
10,320,1360472400
110,174,1360472400
123,3,1360472400
135,64,1360472400
174,110,1360472400
22,15,1360472400
2718,46,1360472400
3,27,1360472400
320,10,1360472400
40,47,1360472400
46,2718,1360472400
64,135,1360472400
64,70,1360472400
3674,886,1360472400
3674,969,1360472400
886,3674,1360472400
969,3674,1360472400
10,56,1360558800
1548,3,1360558800
177,1352,1360558800
1836,8,1360558800
220,491,1360558800
220,967,1360558800
24,374,1360558800
243,872,1360558800
27,7,1360558800
3,1548,1360558800
3130,61,1360558800
3131,8,1360558800
374,24,1360558800
56,10,1360558800
61,3130,1360558800
7,27,1360558800
7,748,1360558800
8,1836,1360558800
8,3131,1360558800
872,18,1360558800
872,243,1360558800
967,220,1360558800
1179,56,1360645200
1352,177,1360645200
1357,143,1360645200
143,1357,1360645200
197,30,1360645200
2315,1,1360645200
2315,3,1360645200
259,10,1360645200
288,3674,1360645200
3,1545,1360645200
3,2315,1360645200
3,259,1360645200
30,197,1360645200
427,15,1360645200
56,1179,1360645200
3674,288,1360645200
809,7,1360645200
1,174,1360731600
13,2290,1360731600
177,621,1360731600
227,244,1360731600
244,227,1360731600
26,333,1360731600
26,3674,1360731600
3,879,1360731600
333,26,1360731600
40,2314,1360731600
6,112,1360731600
3674,26,1360731600
879,3,1360731600
10,242,1360818000
10,3135,1360818000
106,6,1360818000
107,1058,1360818000
1177,220,1360818000
1350,6,1360818000
1459,3,1360818000
3,1459,1360818000
6,106,1360818000
95,3634,1360818000
177,2225,1360904400
179,595,1360904400
22,2317,1360904400
22,703,1360904400
2225,177,1360904400
227,124,1360904400
2317,22,1360904400
2319,3674,1360904400
242,10,1360904400
242,196,1360904400
43,88,1360904400
549,7,1360904400
7,156,1360904400
703,22,1360904400
3674,2319,1360904400
3674,3136,1360904400
107,116,1360990800
111,125,1360990800
111,29,1360990800
116,107,1360990800
116,3137,1360990800
116,3674,1360990800
177,36,1360990800
29,111,1360990800
3123,61,1360990800
3137,116,1360990800
36,177,1360990800
6,100,1360990800
61,3123,1360990800
3674,116,1360990800
1,3134,1361077200
110,390,1361077200
116,3471,1361077200
13,2320,1361077200
162,177,1361077200
173,174,1361077200
174,173,1361077200
177,162,1361077200
177,3674,1361077200
2321,3,1361077200
3,2321,1361077200
3,621,1361077200
493,525,1361077200
525,493,1361077200
3471,116,1361077200
621,3,1361077200
3564,95,1361077200
95,3564,1361077200
1,1355,1361163600
103,56,1361163600
120,244,1361163600
135,1732,1361163600
145,2,1361163600
1541,3674,1361163600
1732,30,1361163600
1792,25,1361163600
1830,138,1361163600
1830,6,1361163600
244,120,1361163600
25,1792,1361163600
30,1732,1361163600
305,6,1361163600
3138,3674,1361163600
351,3,1361163600
371,7,1361163600
553,111,1361163600
56,103,1361163600
6,138,1361163600
6,1830,1361163600
6,305,1361163600
696,25,1361163600
7,371,1361163600
3638,1035,1361163600
3638,1830,1361163600
3638,6,1361163600
3674,1541,1361163600
3674,30,1361163600
3674,3138,1361163600
3674,430,1361163600
92,6,1361163600
1036,3,1361250000
1356,3,1361250000
2,18,1361250000
2322,3674,1361250000
24,345,1361250000
288,641,1361250000
3,1036,1361250000
3,1356,1361250000
3,3563,1361250000
33,95,1361250000
345,24,1361250000
46,3133,1361250000
641,288,1361250000
641,8,1361250000
3563,3,1361250000
3674,2322,1361250000
971,33,1361250000
10,156,1361336400
1041,244,1361336400
1055,430,1361336400
156,10,1361336400
172,214,1361336400
172,641,1361336400
174,1,1361336400
21,205,1361336400
214,172,1361336400
24,3604,1361336400
244,1041,1361336400
244,333,1361336400
333,244,1361336400
333,3674,1361336400
430,1055,1361336400
641,1224,1361336400
641,172,1361336400
3674,174,1361336400
3674,333,1361336400
3674,83,1361336400
90,266,1361336400
1055,6,1361422800
1181,362,1361422800
156,7,1361422800
16,509,1361422800
244,295,1361422800
295,244,1361422800
3,509,1361422800
430,3674,1361422800
509,16,1361422800
509,3,1361422800
6,1055,1361422800
3604,24,1361422800
90,6,1361422800
1045,3674,1361509200
1171,7,1361509200
1179,177,1361509200
1614,1176,1361509200
174,315,1361509200
177,1179,1361509200
244,3674,1361509200
266,90,1361509200
295,9,1361509200
315,174,1361509200
451,275,1361509200
47,83,1361509200
3471,3674,1361509200
7,1171,1361509200
3674,1045,1361509200
3674,244,1361509200
3674,3471,1361509200
9,295,1361509200
1061,1,1361595600
123,8,1361595600
296,7,1361595600
493,95,1361595600
529,1,1361595600
7,1153,1361595600
7,296,1361595600
8,123,1361595600
95,493,1361595600
1179,40,1361682000
1830,244,1361682000
1954,3133,1361682000
3133,127,1361682000
3133,1954,1361682000
40,1179,1361682000
1,1060,1361768400
1,3563,1361768400
123,9,1361768400
2,381,1361768400
242,95,1361768400
296,88,1361768400
3,3519,1361768400
381,2,1361768400
62,886,1361768400
3519,3,1361768400
88,296,1361768400
9,123,1361768400
1062,206,1361854800
1360,56,1361854800
1360,7,1361854800
1528,3133,1361854800
174,3,1361854800
177,6,1361854800
206,1062,1361854800
22,641,1361854800
3,174,1361854800
3133,1528,1361854800
56,1360,1361854800
641,22,1361854800
7,1360,1361854800
756,1543,1361854800
1048,83,1361941200
1059,30,1361941200
1168,13,1361941200
13,1168,1361941200
13,1533,1361941200
1360,3,1361941200
1526,18,1361941200
188,241,1361941200
205,3,1361941200
216,756,1361941200
241,95,1361941200
3,1360,1361941200
3,205,1361941200
3,6,1361941200
30,1059,1361941200
621,177,1361941200
641,67,1361941200
67,641,1361941200
756,216,1361941200
83,1048,1361941200
95,241,1361941200
1,1177,1362027600
103,177,1362027600
107,2,1362027600
107,83,1362027600
1159,21,1362027600
1177,243,1362027600
13,2288,1362027600
152,1691,1362027600
1691,152,1362027600
2,107,1362027600
2326,6,1362027600
24,107,1362027600
279,15,1362027600
3,493,1362027600
3,632,1362027600
3,971,1362027600
3058,673,1362027600
318,145,1362027600
451,199,1362027600
493,3,1362027600
523,371,1362027600
6,2326,1362027600
632,3,1362027600
673,134,1362027600
673,3058,1362027600
673,55,1362027600
3674,2327,1362027600
83,107,1362027600
1060,1,1362114000
125,1837,1362114000
1361,6,1362114000
1837,125,1362114000
1837,3,1362114000
199,451,1362114000
22,3134,1362114000
243,1177,1362114000
27,641,1362114000
278,431,1362114000
29,373,1362114000
3126,61,1362114000
3134,22,1362114000
3134,27,1362114000
3134,617,1362114000
373,29,1362114000
431,278,1362114000
493,1,1362114000
53,1959,1362114000
3471,95,1362114000
6,1361,1362114000
6,701,1362114000
61,3126,1362114000
641,27,1362114000
95,3471,1362114000
971,3,1362114000
1059,1153,1362200400
1153,1059,1362200400
15,126,1362200400
15,35,1362200400
177,269,1362200400
1818,3,1362200400
244,373,1362200400
269,80,1362200400
3,1818,1362200400
373,244,1362200400
3638,27,1362200400
1159,29,1362286800
13,3144,1362286800
1307,95,1362286800
1548,177,1362286800
177,1548,1362286800
177,3638,1362286800
244,1356,1362286800
244,2329,1362286800
27,519,1362286800
3144,13,1362286800
3145,7,1362286800
519,27,1362286800
7,3145,1362286800
3638,177,1362286800
3674,53,1362286800
80,269,1362286800
95,1307,1362286800
958,641,1362286800
1060,244,1362373200
1060,373,1362373200
1181,244,1362373200
125,666,1362373200
1361,8,1362373200
156,431,1362373200
174,8,1362373200
178,2323,1362373200
18,1800,1362373200
1800,18,1362373200
190,197,1362373200
197,190,1362373200
197,244,1362373200
199,2324,1362373200
2323,178,1362373200
2324,199,1362373200
2329,244,1362373200
244,1060,1362373200
244,1181,1362373200
244,197,1362373200
244,33,1362373200
27,177,1362373200
280,47,1362373200
280,6,1362373200
30,431,1362373200
3145,27,1362373200
33,244,1362373200
373,1060,1362373200
431,156,1362373200
431,30,1362373200
431,56,1362373200
47,280,1362373200
530,35,1362373200
56,431,1362373200
6,1178,1362373200
6,280,1362373200
6,3,1362373200
666,125,1362373200
7,1151,1362373200
3563,27,1362373200
3674,107,1362373200
95,362,1362373200
1,3142,1362459600
107,3674,1362459600
1179,6,1362459600
134,598,1362459600
177,27,1362459600
177,815,1362459600
2330,27,1362459600
2330,8,1362459600
244,2,1362459600
27,6,1362459600
3142,1,1362459600
33,641,1362459600
33,971,1362459600
362,95,1362459600
56,3674,1362459600
598,3464,1362459600
598,673,1362459600
6,1179,1362459600
6,162,1362459600
6,27,1362459600
641,33,1362459600
641,958,1362459600
3563,1,1362459600
3563,125,1362459600
3674,56,1362459600
8,2330,1362459600
815,177,1362459600
1,112,1362546000
142,27,1362546000
2330,95,1362546000
24,632,1362546000
26,1035,1362546000
3,42,1362546000
3146,373,1362546000
373,3146,1362546000
617,493,1362546000
632,24,1362546000
8,1361,1362546000
88,145,1362546000
941,145,1362546000
95,2330,1362546000
125,564,1362632400
1336,25,1362632400
1361,3,1362632400
1415,8,1362632400
1547,3,1362632400
1553,177,1362632400
174,391,1362632400
177,1553,1362632400
2280,3,1362632400
2317,134,1362632400
2331,3,1362632400
244,43,1362632400
25,1336,1362632400
286,3,1362632400
3,1361,1362632400
3,1547,1362632400
3,2280,1362632400
3,2331,1362632400
3,286,1362632400
3151,632,1362632400
391,174,1362632400
564,125,1362632400
564,244,1362632400
632,3151,1362632400
8,1415,1362632400
1,1839,1362718800
1,3143,1362718800
1,3148,1362718800
1060,3,1362718800
1182,61,1362718800
1183,756,1362718800
1359,42,1362718800
15,2289,1362718800
1550,3,1362718800
1552,431,1362718800
196,80,1362718800
2289,15,1362718800
2289,35,1362718800
2324,1,1362718800
3,1054,1362718800
3,1060,1362718800
3,1550,1362718800
3143,1,1362718800
33,431,1362718800
391,95,1362718800
42,1359,1362718800
431,1552,1362718800
431,33,1362718800
61,1182,1362718800
756,1183,1362718800
95,242,1362718800
95,391,1362718800
1,1521,1362805200
1,2324,1362805200
1,3141,1362805200
1,3149,1362805200
1342,25,1362805200
145,3152,1362805200
1549,431,1362805200
1797,29,1362805200
21,3,1362805200
25,1342,1362805200
3,21,1362805200
3133,1176,1362805200
3150,61,1362805200
61,3150,1362805200
7,36,1362805200
1351,551,1362891600
1552,30,1362891600
30,1552,1362891600
6,287,1362891600
73,155,1362891600
3674,8,1362891600
95,1829,1362891600
1,1840,1362974400
1059,26,1362974400
1059,484,1362974400
1179,27,1362974400
125,3,1362974400
13,599,1362974400
13,812,1362974400
1555,6,1362974400
1839,1,1362974400
1840,1,1362974400
198,138,1362974400
2152,35,1362974400
2328,27,1362974400
2328,3,1362974400
26,1059,1362974400
27,1179,1362974400
3,2328,1362974400
33,6,1362974400
484,1059,1362974400
491,196,1362974400
599,13,1362974400
6,1555,1362974400
6,809,1362974400
701,6,1362974400
74,18,1362974400
8,3528,1362974400
812,13,1362974400
10,42,1363060800
1152,7,1363060800
187,56,1363060800
24,3147,1363060800
24,703,1363060800
25,8,1363060800
3,3674,1363060800
42,10,1363060800
431,6,1363060800
458,8,1363060800
491,80,1363060800
56,187,1363060800
6,431,1363060800
7,1152,1363060800
703,24,1363060800
3674,3,1363060800
8,25,1363060800
8,458,1363060800
8,7,1363060800
95,174,1363060800
166,177,1363147200
177,174,1363147200
1830,25,1363147200
25,1830,1363147200
27,1362,1363147200
27,88,1363147200
295,839,1363147200
3,162,1363147200
3,3154,1363147200
3,641,1363147200
3,691,1363147200
3147,24,1363147200
3154,3,1363147200
3156,27,1363147200
411,38,1363147200
3472,1341,1363147200
3472,24,1363147200
3472,407,1363147200
3472,7,1363147200
3472,8,1363147200
641,3,1363147200
673,598,1363147200
691,3,1363147200
7,810,1363147200
70,114,1363147200
839,295,1363147200
88,27,1363147200
955,3,1363147200
1,817,1363233600
1059,244,1363233600
108,645,1363233600
1362,27,1363233600
1362,3,1363233600
17,42,1363233600
2320,13,1363233600
242,3,1363233600
244,56,1363233600
3,1362,1363233600
3,197,1363233600
3,242,1363233600
38,411,1363233600
42,17,1363233600
431,610,1363233600
54,40,1363233600
56,244,1363233600
6,3158,1363233600
610,431,1363233600
645,108,1363233600
817,1,1363233600
1,1267,1363320000
10,935,1363320000
1041,3157,1363320000
1059,3,1363320000
1184,30,1363320000
125,1840,1363320000
1267,1,1363320000
1840,125,1363320000
2332,3,1363320000
2334,3,1363320000
266,451,1363320000
3,1059,1363320000
3,2332,1363320000
3,2334,1363320000
30,1184,1363320000
3141,1,1363320000
315,645,1363320000
3157,1041,1363320000
451,266,1363320000
599,61,1363320000
599,68,1363320000
6,1254,1363320000
61,599,1363320000
645,315,1363320000
68,599,1363320000
935,10,1363320000
965,61,1363320000
1060,645,1363406400
1254,6,1363406400
165,15,1363406400
3,1790,1363406400
3160,645,1363406400
6,3528,1363406400
645,1060,1363406400
645,3160,1363406400
67,10,1363406400
1146,123,1363492800
123,1146,1363492800
142,645,1363492800
27,26,1363492800
958,155,1363492800
13,1529,1363579200
1529,13,1363579200
177,43,1363579200
1840,30,1363579200
190,3,1363579200
260,3528,1363579200
3,190,1363579200
30,1840,1363579200
3156,1,1363579200
325,134,1363579200
6,818,1363579200
958,1,1363579200
1,493,1363665600
122,20,1363665600
13,2283,1363665600
203,7,1363665600
2283,13,1363665600
2337,56,1363665600
24,621,1363665600
244,3,1363665600
3,244,1363665600
3,3132,1363665600
3,774,1363665600
3132,3,1363665600
3158,6,1363665600
431,1549,1363665600
3464,754,1363665600
3464,8,1363665600
56,2337,1363665600
6,728,1363665600
610,641,1363665600
621,24,1363665600
641,610,1363665600
7,203,1363665600
754,3464,1363665600
774,3,1363665600
809,317,1363665600
809,6,1363665600
818,6,1363665600
107,24,1363752000
107,32,1363752000
113,134,1363752000
113,170,1363752000
113,358,1363752000
113,801,1363752000
1182,13,1363752000
13,1182,1363752000
13,1831,1363752000
134,325,1363752000
155,645,1363752000
155,73,1363752000
1831,13,1363752000
22,369,1363752000
2332,754,1363752000
24,1691,1363752000
244,280,1363752000
25,244,1363752000
26,286,1363752000
27,754,1363752000
280,244,1363752000
3,358,1363752000
3155,6,1363752000
3161,61,1363752000
32,107,1363752000
358,113,1363752000
358,3,1363752000
369,199,1363752000
369,22,1363752000
3464,451,1363752000
6,3155,1363752000
6,8,1363752000
61,3161,1363752000
645,155,1363752000
728,6,1363752000
754,2332,1363752000
754,8,1363752000
95,104,1363752000
1,3156,1363838400
100,645,1363838400
1059,7,1363838400
1278,95,1363838400
15,165,1363838400
172,142,1363838400
2,93,1363838400
2338,49,1363838400
2339,817,1363838400
244,641,1363838400
25,641,1363838400
3,2336,1363838400
3162,958,1363838400
333,83,1363838400
49,2338,1363838400
598,134,1363838400
598,35,1363838400
6,810,1363838400
641,25,1363838400
645,100,1363838400
7,1059,1363838400
70,966,1363838400
8,6,1363838400
810,6,1363838400
817,160,1363838400
83,333,1363838400
93,2,1363838400
95,1278,1363838400
958,3162,1363838400
966,70,1363838400
1,1519,1363924800
1,2334,1363924800
1055,27,1363924800
121,598,1363924800
1519,1,1363924800
1794,40,1363924800
1839,3,1363924800
194,530,1363924800
207,30,1363924800
2334,1,1363924800
24,134,1363924800
27,1055,1363924800
3,1839,1363924800
3,973,1363924800
30,207,1363924800
30,3164,1363924800
3164,30,1363924800
40,1794,1363924800
53,65,1363924800
598,121,1363924800
65,53,1363924800
3528,6,1363924800
973,3,1363924800
98,70,1363924800
1058,555,1364011200
106,280,1364011200
110,523,1364011200
16,2340,1364011200
190,15,1364011200
2340,16,1364011200
244,134,1364011200
27,2336,1364011200
280,106,1364011200
529,2316,1364011200
53,110,1364011200
599,244,1364011200
641,2341,1364011200
65,244,1364011200
7,70,1364011200
70,7,1364011200
3528,8,1364011200
1,1842,1364097600
1,2338,1364097600
1175,3168,1364097600
160,817,1364097600
214,555,1364097600
2328,85,1364097600
2341,641,1364097600
3168,1175,1364097600
451,555,1364097600
555,1035,1364097600
555,451,1364097600
555,80,1364097600
6,815,1364097600
70,196,1364097600
3507,3683,1364097600
3552,859,1364097600
80,555,1364097600
815,6,1364097600
85,2328,1364097600
859,3552,1364097600
1,459,1364184000
1154,194,1364184000
1182,1537,1364184000
1537,1182,1364184000
156,1842,1364184000
1842,1,1364184000
1842,156,1364184000
194,1154,1364184000
244,80,1364184000
3165,645,1364184000
390,110,1364184000
645,3165,1364184000
3683,3507,1364184000
3683,74,1364184000
1045,95,1364270400
1151,7,1364270400
1541,177,1364270400
168,56,1364270400
1691,165,1364270400
197,56,1364270400
242,451,1364270400
242,56,1364270400
244,30,1364270400
3149,1,1364270400
32,941,1364270400
43,2078,1364270400
451,242,1364270400
451,695,1364270400
49,3512,1364270400
56,197,1364270400
56,242,1364270400
641,973,1364270400
695,451,1364270400
3512,49,1364270400
3677,3507,1364270400
3677,3678,1364270400
3677,3679,1364270400
3677,3683,1364270400
3678,3507,1364270400
3678,3677,1364270400
3678,3679,1364270400
3680,3507,1364270400
3680,3677,1364270400
3680,3678,1364270400
3680,3679,1364270400
3680,3683,1364270400
3681,3507,1364270400
3681,3677,1364270400
3681,3678,1364270400
3681,3679,1364270400
3681,3680,1364270400
3681,3683,1364270400
3683,101,1364270400
3683,147,1364270400
3683,157,1364270400
3683,166,1364270400
3683,187,1364270400
3683,190,1364270400
3683,3677,1364270400
3683,3678,1364270400
3683,3679,1364270400
3683,3680,1364270400
3683,3681,1364270400
3683,8,1364270400
3683,99,1364270400
95,1045,1364270400
95,332,1364270400
973,641,1364270400
1,3167,1364356800
125,817,1364356800
155,156,1364356800
155,3169,1364356800
156,155,1364356800
156,73,1364356800
168,591,1364356800
172,555,1364356800
27,973,1364356800
30,244,1364356800
3159,8,1364356800
3166,56,1364356800
3169,155,1364356800
3171,93,1364356800
49,73,1364356800
3464,7,1364356800
555,172,1364356800
56,3166,1364356800
591,168,1364356800
646,88,1364356800
73,10,1364356800
73,156,1364356800
3552,646,1364356800
8,3159,1364356800
817,125,1364356800
817,2339,1364356800
818,24,1364356800
88,646,1364356800
93,3171,1364356800
953,15,1364356800
973,27,1364356800
98,7,1364356800
108,130,1364443200
108,1363,1364443200
1186,1,1364443200
1186,245,1364443200
130,108,1364443200
1363,108,1364443200
155,958,1364443200
1556,8,1364443200
177,49,1364443200
1844,646,1364443200
2001,3,1364443200
244,245,1364443200
244,95,1364443200
245,244,1364443200
27,645,1364443200
3,646,1364443200
30,114,1364443200
3166,27,1364443200
3167,1,1364443200
56,168,1364443200
645,142,1364443200
645,27,1364443200
645,7,1364443200
646,1844,1364443200
646,3,1364443200
673,1512,1364443200
7,645,1364443200
73,49,1364443200
3552,83,1364443200
3677,53,1364443200
3678,53,1364443200
3680,53,1364443200
3681,53,1364443200
3683,53,1364443200
8,1556,1364443200
95,244,1364443200
1,1186,1364529600
1,3139,1364529600
1,3163,1364529600
1,3512,1364529600
111,3,1364529600
1175,3,1364529600
177,244,1364529600
177,278,1364529600
1843,3,1364529600
2343,645,1364529600
266,177,1364529600
3,111,1364529600
3,1175,1364529600
3,1843,1364529600
3,49,1364529600
3,757,1364529600
3139,1,1364529600
49,757,1364529600
645,2343,1364529600
3512,1,1364529600
757,113,1364529600
757,49,1364529600
142,3,1364616000
155,203,1364616000
203,155,1364616000
2263,3,1364616000
227,278,1364616000
2342,1,1364616000
262,3,1364616000
278,227,1364616000
288,3,1364616000
3,142,1364616000
3,2263,1364616000
3,3601,1364616000
594,18,1364616000
73,97,1364616000
3528,260,1364616000
3601,3,1364616000
97,73,1364616000
1,1843,1364702400
102,3601,1364702400
1186,817,1364702400
197,198,1364702400
198,197,1364702400
199,315,1364702400
3,288,1364702400
315,199,1364702400
391,7,1364702400
7,391,1364702400
3601,102,1364702400
757,3601,1364702400
817,1186,1364702400
83,207,1364702400
95,315,1364702400
1843,1,1364788800
1843,67,1364788800
190,49,1364788800
198,185,1364788800
199,16,1364788800
25,3601,1364788800
27,333,1364788800
27,67,1364788800
3179,95,1364788800
46,3178,1364788800
49,190,1364788800
67,1843,1364788800
67,27,1364788800
3552,177,1364788800
3601,25,1364788800
3674,458,1364788800
95,3179,1364788800
1,3173,1364875200
125,262,1364875200
147,56,1364875200
203,62,1364875200
2316,529,1364875200
2345,509,1364875200
262,125,1364875200
278,95,1364875200
3,123,1364875200
43,63,1364875200
509,2345,1364875200
553,95,1364875200
599,127,1364875200
599,1537,1364875200
6,190,1364875200
6,754,1364875200
62,203,1364875200
63,43,1364875200
632,6,1364875200
636,1,1364875200
754,27,1364875200
3674,548,1364875200
3674,7,1364875200
83,29,1364875200
95,553,1364875200
125,458,1364961600
13,1332,1364961600
130,2266,1364961600
130,3182,1364961600
197,3,1364961600
197,591,1364961600
2346,3,1364961600
27,591,1364961600
3,2346,1364961600
3,3181,1364961600
3181,3,1364961600
3182,130,1364961600
458,125,1364961600
458,974,1364961600
591,27,1364961600
637,1,1364961600
754,3,1364961600
974,458,1364961600
1051,1,1365048000
13,3180,1365048000
130,1363,1365048000
130,67,1365048000
1363,130,1365048000
1363,3,1365048000
1363,67,1365048000
1537,599,1365048000
178,1812,1365048000
1812,178,1365048000
221,276,1365048000
221,556,1365048000
27,47,1365048000
276,221,1365048000
276,556,1365048000
3,1359,1365048000
3,1363,1365048000
3180,13,1365048000
356,8,1365048000
47,27,1365048000
556,221,1365048000
556,276,1365048000
67,1363,1365048000
699,243,1365048000
7,330,1365048000
754,6,1365048000
8,356,1365048000
81,971,1365048000
812,754,1365048000
861,431,1365048000
9,977,1365048000
95,278,1365048000
95,32,1365048000
971,81,1365048000
1135,3184,1365134400
130,39,1365134400
130,976,1365134400
1364,68,1365134400
1845,160,1365134400
190,889,1365134400
2320,599,1365134400
238,570,1365134400
27,92,1365134400
3,81,1365134400
3120,3548,1365134400
39,130,1365134400
46,3174,1365134400
570,238,1365134400
599,2320,1365134400
68,1364,1365134400
81,3,1365134400
92,27,1365134400
976,130,1365134400
1332,13,1365220800
1364,1557,1365220800
1557,1364,1365220800
1557,178,1365220800
1557,206,1365220800
160,1845,1365220800
1614,61,1365220800
178,1557,1365220800
199,27,1365220800
2053,3,1365220800
206,1557,1365220800
206,3175,1365220800
245,1186,1365220800
27,199,1365220800
3,2053,1365220800
3175,206,1365220800
525,96,1365220800
3475,2078,1365220800
73,83,1365220800
96,525,1365220800
1188,29,1365307200
1188,599,1365307200
149,974,1365307200
279,698,1365307200
279,98,1365307200
29,1188,1365307200
298,887,1365307200
3,31,1365307200
3,433,1365307200
3,702,1365307200
3173,1,1365307200
327,3512,1365307200
433,3,1365307200
525,819,1365307200
599,1188,1365307200
61,1052,1365307200
63,29,1365307200
7,3177,1365307200
702,3,1365307200
3512,327,1365307200
819,525,1365307200
83,73,1365307200
974,149,1365307200
1,1051,1365393600
115,81,1365393600
1181,738,1365393600
1542,6,1365393600
1558,3,1365393600
1559,127,1365393600
1559,206,1365393600
190,24,1365393600
206,1559,1365393600
2347,288,1365393600
24,3,1365393600
262,975,1365393600
27,371,1365393600
27,886,1365393600
27,96,1365393600
280,704,1365393600
288,2347,1365393600
3,1558,1365393600
3,24,1365393600
3,347,1365393600
3133,46,1365393600
326,172,1365393600
347,3,1365393600
371,27,1365393600
6,1542,1365393600
61,3186,1365393600
3474,27,1365393600
704,280,1365393600
738,1181,1365393600
81,115,1365393600
886,27,1365393600
887,298,1365393600
96,27,1365393600
975,262,1365393600
1186,262,1365480000
125,253,1365480000
1367,3,1365480000
16,199,1365480000
190,599,1365480000
190,6,1365480000
199,45,1365480000
229,599,1365480000
253,125,1365480000
262,1186,1365480000
262,431,1365480000
289,1425,1365480000
29,3674,1365480000
3,1367,1365480000
30,3191,1365480000
307,3190,1365480000
307,348,1365480000
307,557,1365480000
3190,307,1365480000
3191,30,1365480000
348,307,1365480000
348,557,1365480000
431,262,1365480000
45,199,1365480000
554,600,1365480000
557,307,1365480000
557,348,1365480000
599,190,1365480000
599,229,1365480000
6,11,1365480000
600,554,1365480000
600,8,1365480000
663,820,1365480000
757,1187,1365480000
3674,1171,1365480000
3674,207,1365480000
3674,29,1365480000
3674,3551,1365480000
8,554,1365480000
8,600,1365480000
967,312,1365480000
98,15,1365480000
1,142,1365566400
102,29,1365566400
11,96,1365566400
1186,142,1365566400
1187,1367,1365566400
1187,88,1365566400
123,585,1365566400
1367,1187,1365566400
142,1,1365566400
142,1186,1365566400
178,434,1365566400
1792,3674,1365566400
1794,197,1365566400
1844,3,1365566400
1844,757,1365566400
188,334,1365566400
197,1794,1365566400
2234,2350,1365566400
2350,2234,1365566400
2350,34,1365566400
29,102,1365566400
3,1849,1365566400
3,32,1365566400
33,88,1365566400
333,27,1365566400
34,2350,1365566400
430,817,1365566400
461,88,1365566400
585,123,1365566400
589,3,1365566400
647,96,1365566400
754,812,1365566400
757,1844,1365566400
757,3,1365566400
3674,1792,1365566400
817,430,1365566400
88,461,1365566400
92,238,1365566400
96,648,1365566400
1,888,1365652800
10,102,1365652800
102,10,1365652800
1063,2225,1365652800
1078,1521,1365652800
1187,3199,1365652800
123,334,1365652800
145,2348,1365652800
1521,1078,1365652800
1553,96,1365652800
1849,3,1365652800
2225,1063,1365652800
2340,431,1365652800
2348,145,1365652800
287,937,1365652800
3,30,1365652800
3,3200,1365652800
3,3203,1365652800
307,32,1365652800
3199,1187,1365652800
32,3,1365652800
32,307,1365652800
3200,3,1365652800
3201,431,1365652800
3203,3,1365652800
334,123,1365652800
334,188,1365652800
431,2340,1365652800
431,3201,1365652800
431,45,1365652800
431,861,1365652800
45,431,1365652800
475,3541,1365652800
648,3170,1365652800
648,58,1365652800
648,821,1365652800
648,96,1365652800
3532,1358,1365652800
3532,3,1365652800
3541,475,1365652800
3552,461,1365652800
3630,1187,1365652800
821,334,1365652800
821,648,1365652800
888,1,1365652800
937,287,1365652800
96,1553,1365652800
1061,3,1365739200
1063,3,1365739200
1182,705,1365739200
1351,37,1365739200
136,3,1365739200
1367,305,1365739200
1367,691,1365739200
1556,701,1365739200
1559,460,1365739200
1620,92,1365739200
178,705,1365739200
1847,58,1365739200
227,56,1365739200
25,701,1365739200
3,1061,1365739200
3,1063,1365739200
3,136,1365739200
3,289,1365739200
3,3198,1365739200
3,454,1365739200
3,56,1365739200
3,890,1365739200
3,976,1365739200
3198,3,1365739200
334,821,1365739200
454,3,1365739200
460,1559,1365739200
56,227,1365739200
56,3,1365739200
691,1367,1365739200
701,1556,1365739200
701,403,1365739200
701,890,1365739200
705,1182,1365739200
705,1559,1365739200
890,701,1365739200
92,1620,1365739200
976,3,1365739200
1016,705,1365825600
1053,1063,1365825600
1063,1053,1365825600
1555,3,1365825600
16,134,1365825600
172,2342,1365825600
172,3,1365825600
1847,1,1365825600
1851,705,1365825600
203,3,1365825600
2342,172,1365825600
289,3,1365825600
3,1555,1365825600
3,203,1365825600
3,525,1365825600
3,3512,1365825600
305,1367,1365825600
3170,648,1365825600
3204,705,1365825600
3205,342,1365825600
3207,644,1365825600
342,3205,1365825600
458,525,1365825600
460,705,1365825600
488,705,1365825600
525,3,1365825600
525,458,1365825600
525,644,1365825600
545,3,1365825600
644,3207,1365825600
644,525,1365825600
705,1016,1365825600
705,1851,1365825600
705,3204,1365825600
705,460,1365825600
705,488,1365825600
3512,3,1365825600
812,705,1365825600
88,43,1365825600
1,1063,1365912000
1,2352,1365912000
1016,1366,1365912000
106,131,1365912000
1063,1,1365912000
131,106,1365912000
1366,1016,1365912000
1366,3133,1365912000
1366,460,1365912000
1367,2349,1365912000
170,113,1365912000
170,2,1365912000
1733,220,1365912000
2349,1367,1365912000
2352,1,1365912000
3,460,1365912000
3133,1366,1365912000
460,1366,1365912000
460,3,1365912000
596,645,1365912000
645,596,1365912000
988,3,1365912000
1,2351,1365998400
1,3202,1365998400
1129,2351,1365998400
1129,460,1365998400
1186,3617,1365998400
123,27,1365998400
123,663,1365998400
1358,3,1365998400
1560,3,1365998400
1560,92,1365998400
1833,92,1365998400
1841,177,1365998400
1841,3674,1365998400
229,333,1365998400
229,93,1365998400
2351,1129,1365998400
249,185,1365998400
25,663,1365998400
27,123,1365998400
3,1358,1365998400
3,1560,1365998400
3118,1,1365998400
3176,6,1365998400
434,460,1365998400
460,1129,1365998400
460,434,1365998400
460,73,1365998400
58,1847,1365998400
6,3176,1365998400
648,92,1365998400
663,123,1365998400
663,25,1365998400
73,460,1365998400
3617,1186,1365998400
3674,1841,1365998400
821,92,1365998400
92,132,1365998400
92,1425,1365998400
92,1560,1365998400
92,1833,1365998400
92,3208,1365998400
92,648,1365998400
92,821,1365998400
1,1847,1366084800
1,3193,1366084800
10,1550,1366084800
1174,3,1366084800
1365,301,1366084800
140,134,1366084800
140,2318,1366084800
1550,10,1366084800
1838,645,1366084800
190,196,1366084800
238,92,1366084800
3,1174,1366084800
301,1365,1366084800
3193,1,1366084800
460,47,1366084800
645,1838,1366084800
645,81,1366084800
693,26,1366084800
3606,178,1366084800
81,645,1366084800
1,3189,1366171200
1174,16,1366171200
135,110,1366171200
1365,218,1366171200
146,1852,1366171200
1532,127,1366171200
1532,599,1366171200
16,1174,1366171200
16,3194,1366171200
1847,92,1366171200
1852,146,1366171200
2318,140,1366171200
296,92,1366171200
3,818,1366171200
3189,1,1366171200
3194,16,1366171200
474,3532,1366171200
488,597,1366171200
597,488,1366171200
3532,474,1366171200
3606,13,1366171200
81,890,1366171200
890,81,1366171200
92,1847,1366171200
92,296,1366171200
1062,1176,1366257600
131,3212,1366257600
1359,3,1366257600
3,638,1366257600
3212,131,1366257600
454,754,1366257600
645,754,1366257600
754,454,1366257600
754,645,1366257600
754,81,1366257600
81,754,1366257600
1159,349,1366344000
1159,8,1366344000
1187,27,1366344000
13,1817,1366344000
178,774,1366344000
1817,13,1366344000
1838,3209,1366344000
253,27,1366344000
27,1187,1366344000
27,125,1366344000
27,253,1366344000
27,557,1366344000
3209,1838,1366344000
349,1159,1366344000
557,27,1366344000
61,705,1366344000
774,178,1366344000
1,3210,1366430400
1064,3,1366430400
11,1562,1366430400
11,45,1366430400
125,433,1366430400
1549,1556,1366430400
1556,1549,1366430400
27,29,1366430400
27,585,1366430400
29,27,1366430400
3153,553,1366430400
3210,1,1366430400
433,125,1366430400
45,11,1366430400
553,3153,1366430400
585,27,1366430400
3476,1176,1366430400
3477,26,1366430400
1,3211,1366516800
1064,32,1366516800
11,2356,1366516800
1190,58,1366516800
174,62,1366516800
178,2355,1366516800
196,70,1366516800
2355,178,1366516800
2356,11,1366516800
288,45,1366516800
288,969,1366516800
45,288,1366516800
58,1190,1366516800
62,174,1366516800
3478,27,1366516800
95,188,1366516800
969,288,1366516800
13,965,1366603200
2333,8,1366603200
3,2353,1366603200
3133,774,1366603200
3178,46,1366603200
3186,3217,1366603200
412,11,1366603200
3630,433,1366603200
774,3133,1366603200
8,2333,1366603200
965,13,1366603200
10,3636,1366689600
134,1850,1366689600
170,286,1366689600
172,27,1366689600
27,172,1366689600
3074,27,1366689600
32,1064,1366689600
3218,58,1366689600
334,54,1366689600
412,2,1366689600
58,3218,1366689600
6,1064,1366689600
6,1541,1366689600
6,3192,1366689600
1,1365,1366776000
134,2993,1366776000
1564,58,1366776000
1850,134,1366776000
1853,203,1366776000
1853,412,1366776000
203,1853,1366776000
206,61,1366776000
2358,95,1366776000
2993,134,1366776000
412,1853,1366776000
483,49,1366776000
49,483,1366776000
58,1564,1366776000
95,2358,1366776000
1,483,1366862400
1032,890,1366862400
1052,1062,1366862400
116,172,1366862400
1184,3,1366862400
1565,178,1366862400
1565,488,1366862400
172,116,1366862400
178,46,1366862400
178,61,1366862400
1854,457,1366862400
206,457,1366862400
2356,2358,1366862400
2358,2356,1366862400
288,280,1366862400
3,1184,1366862400
3,3221,1366862400
3133,457,1366862400
3221,3,1366862400
412,81,1366862400
457,1854,1366862400
457,206,1366862400
457,3133,1366862400
483,1,1366862400
488,1565,1366862400
491,3548,1366862400
491,9,1366862400
3606,61,1366862400
81,412,1366862400
890,1032,1366862400
890,3,1366862400
11,47,1366948800
1190,172,1366948800
1274,61,1366948800
1365,1,1366948800
1544,58,1366948800
172,1190,1366948800
1855,460,1366948800
201,29,1366948800
24,168,1366948800
253,391,1366948800
280,288,1366948800
289,627,1366948800
29,201,1366948800
391,253,1366948800
460,1855,1366948800
58,1544,1366948800
6,3222,1366948800
61,1274,1366948800
627,289,1366948800
3479,27,1366948800
1064,6,1367035200
1175,26,1367035200
1175,45,1367035200
125,289,1367035200
197,58,1367035200
22,253,1367035200
253,22,1367035200
253,289,1367035200
26,1175,1367035200
289,125,1367035200
289,253,1367035200
433,751,1367035200
45,1175,1367035200
491,11,1367035200
491,22,1367035200
53,58,1367035200
58,197,1367035200
644,3512,1367035200
3512,644,1367035200
751,433,1367035200
1063,433,1367121600
110,131,1367121600
131,110,1367121600
206,3133,1367121600
2357,81,1367121600
253,7,1367121600
29,509,1367121600
30,7,1367121600
3133,206,1367121600
433,1063,1367121600
433,890,1367121600
451,598,1367121600
509,29,1367121600
598,451,1367121600
7,253,1367121600
81,2357,1367121600
890,433,1367121600
10,975,1367208000
110,27,1367208000
112,26,1367208000
112,427,1367208000
115,6,1367208000
115,7,1367208000
1560,49,1367208000
1564,18,1367208000
168,6,1367208000
18,1564,1367208000
1831,3140,1367208000
203,5,1367208000
242,3606,1367208000
26,27,1367208000
27,110,1367208000
27,56,1367208000
289,49,1367208000
49,1560,1367208000
5,289,1367208000
56,1567,1367208000
56,27,1367208000
56,969,1367208000
6,115,1367208000
6,168,1367208000
3473,199,1367208000
7,115,1367208000
3606,242,1367208000
969,56,1367208000
975,10,1367208000
1062,3606,1367294400
1063,30,1367294400
11,3224,1367294400
11,3566,1367294400
123,3674,1367294400
15,958,1367294400
1853,3,1367294400
26,3606,1367294400
266,7,1367294400
280,97,1367294400
3,1853,1367294400
30,1063,1367294400
3133,3606,1367294400
3140,1831,1367294400
3178,1176,1367294400
3178,972,1367294400
395,5,1367294400
412,42,1367294400
412,3464,1367294400
42,412,1367294400
5,203,1367294400
5,395,1367294400
598,2318,1367294400
3566,58,1367294400
3606,1062,1367294400
757,30,1367294400
3674,123,1367294400
3674,882,1367294400
958,15,1367294400
97,280,1367294400
10,25,1367380800
100,969,1367380800
11,1159,1367380800
115,1,1367380800
115,280,1367380800
115,320,1367380800
1159,11,1367380800
117,35,1367380800
1544,1856,1367380800
1546,6,1367380800
1560,138,1367380800
1568,26,1367380800
1856,1544,1367380800
197,162,1367380800
2335,5,1367380800
242,3464,1367380800
246,307,1367380800
246,43,1367380800
246,95,1367380800
25,10,1367380800
25,32,1367380800
26,10,1367380800
26,1568,1367380800
280,115,1367380800
295,3464,1367380800
32,25,1367380800
320,115,1367380800
3222,6,1367380800
3226,58,1367380800
43,246,1367380800
46,979,1367380800
47,22,1367380800
47,460,1367380800
5,2335,1367380800
58,3226,1367380800
6,1560,1367380800
801,113,1367380800
882,30,1367380800
95,246,1367380800
969,100,1367380800
10,1536,1367467200
10,1562,1367467200
1059,2357,1367467200
115,1544,1367467200
115,197,1367467200
12,3,1367467200
1491,1544,1367467200
1491,5,1367467200
1536,10,1367467200
1536,1856,1367467200
1544,115,1367467200
1544,1491,1367467200
1562,10,1367467200
1562,11,1367467200
174,29,1367467200
1856,1,1367467200
1856,1536,1367467200
1856,24,1367467200
197,115,1367467200
2,219,1367467200
2335,663,1367467200
2357,1059,1367467200
24,1856,1367467200
242,58,1367467200
29,174,1367467200
5,1491,1367467200
5,433,1367467200
58,242,1367467200
663,2335,1367467200
1,3215,1367553600
10,174,1367553600
11,123,1367553600
115,123,1367553600
115,3528,1367553600
123,11,1367553600
1302,3225,1367553600
1544,1355,1367553600
174,10,1367553600
3,12,1367553600
3,3528,1367553600
3,753,1367553600
3211,1,1367553600
3225,1302,1367553600
374,3528,1367553600
596,49,1367553600
597,1851,1367553600
61,979,1367553600
3528,115,1367553600
3528,3,1367553600
3528,374,1367553600
753,3,1367553600
979,61,1367553600
10,1673,1367640000
1544,460,1367640000
1568,484,1367640000
1673,10,1367640000
1851,597,1367640000
208,484,1367640000
305,110,1367640000
3197,3528,1367640000
484,1568,1367640000
484,208,1367640000
5,156,1367640000
5,706,1367640000
61,953,1367640000
706,5,1367640000
3528,3197,1367640000
953,127,1367640000
953,61,1367640000
1,115,1367726400
1,1856,1367726400
115,3213,1367726400
115,3566,1367726400
170,1961,1367726400
197,459,1367726400
27,877,1367726400
3,208,1367726400
3213,115,1367726400
597,1848,1367726400
3566,115,1367726400
877,27,1367726400
1567,56,1367812800
1569,31,1367812800
171,1738,1367812800
1848,597,1367812800
229,751,1367812800
31,1569,1367812800
312,967,1367812800
557,81,1367812800
6,1185,1367812800
6,1350,1367812800
751,229,1367812800
3644,11,1367812800
3644,41,1367812800
81,557,1367812800
839,3021,1367812800
10,49,1367899200
103,413,1367899200
1067,247,1367899200
11,30,1367899200
12,247,1367899200
125,413,1367899200
174,280,1367899200
190,35,1367899200
24,3644,1367899200
246,101,1367899200
247,1067,1367899200
247,12,1367899200
247,81,1367899200
280,174,1367899200
30,266,1367899200
413,103,1367899200
413,125,1367899200
49,10,1367899200
597,965,1367899200
684,83,1367899200
3575,3227,1367899200
81,247,1367899200
83,24,1367899200
965,597,1367899200
1036,877,1367985600
125,197,1367985600
172,413,1367985600
174,580,1367985600
18,454,1367985600
196,208,1367985600
197,125,1367985600
206,2657,1367985600
208,196,1367985600
2320,5,1367985600
2353,3,1367985600
413,172,1367985600
413,572,1367985600
454,18,1367985600
5,979,1367985600
572,413,1367985600
572,58,1367985600
58,572,1367985600
3674,27,1367985600
877,1036,1367985600
95,413,1367985600
979,1954,1367985600
11,216,1368072000
115,1569,1368072000
125,247,1368072000
1569,115,1368072000
216,11,1368072000
247,125,1368072000
247,3230,1368072000
247,413,1368072000
26,3481,1368072000
302,3223,1368072000
31,174,1368072000
3223,302,1368072000
3229,138,1368072000
3230,247,1368072000
413,247,1368072000
58,585,1368072000
585,58,1368072000
596,197,1368072000
6,3229,1368072000
3481,26,1368072000
3481,7,1368072000
7,3481,1368072000
979,127,1368072000
10,413,1368158400
106,596,1368158400
229,81,1368158400
2318,598,1368158400
413,10,1368158400
413,81,1368158400
413,890,1368158400
413,95,1368158400
557,6,1368158400
596,106,1368158400
6,557,1368158400
6,95,1368158400
8,877,1368158400
81,229,1368158400
81,413,1368158400
877,8,1368158400
890,413,1368158400
95,6,1368158400
1855,206,1368244800
206,1855,1368244800
1572,3481,1368331200
18,194,1368331200
18,91,1368331200
194,18,1368331200
206,823,1368331200
3481,1572,1368331200
823,206,1368331200
10,1573,1368417600
1573,10,1368417600
1573,81,1368417600
206,2363,1368417600
229,62,1368417600
2363,206,1368417600
30,572,1368417600
308,11,1368417600
3231,5,1368417600
413,1155,1368417600
5,3231,1368417600
572,30,1368417600
62,229,1368417600
81,1573,1368417600
91,18,1368417600
93,229,1368417600
115,3220,1368504000
12,3617,1368504000
1563,975,1368504000
1566,6,1368504000
1857,413,1368504000
216,219,1368504000
219,216,1368504000
229,702,1368504000
26,975,1368504000
307,246,1368504000
3220,115,1368504000
33,208,1368504000
413,1857,1368504000
6,1566,1368504000
702,229,1368504000
3617,12,1368504000
975,1563,1368504000
115,1574,1368590400
115,2364,1368590400
12,229,1368590400
12,3232,1368590400
1372,1575,1368590400
1372,413,1368590400
1574,115,1368590400
1575,1372,1368590400
22,24,1368590400
2364,115,1368590400
289,92,1368590400
3232,12,1368590400
413,1372,1368590400
3575,92,1368590400
92,289,1368590400
92,3575,1368590400
979,1176,1368590400
1,783,1368676800
11,21,1368676800
115,3471,1368676800
123,115,1368676800
134,1373,1368676800
1373,134,1368676800
1373,5,1368676800
156,5,1368676800
1566,27,1368676800
157,334,1368676800
187,334,1368676800
206,46,1368676800
208,3,1368676800
2363,5,1368676800
24,126,1368676800
24,494,1368676800
334,157,1368676800
334,187,1368676800
46,206,1368676800
494,24,1368676800
5,1373,1368676800
5,2363,1368676800
3471,115,1368676800
783,1,1368676800
821,1,1368676800
891,1,1368676800
156,49,1368763200
36,8,1368763200
49,156,1368763200
5,988,1368763200
63,24,1368763200
753,286,1368763200
988,5,1368763200
1,891,1368849600
10,492,1368849600
10,8,1368849600
115,492,1368849600
31,42,1368849600
3235,88,1368849600
42,31,1368849600
435,127,1368849600
492,10,1368849600
492,115,1368849600
492,7,1368849600
5,3512,1368849600
61,46,1368849600
7,492,1368849600
3512,5,1368849600
88,3235,1368849600
891,893,1368849600
891,93,1368849600
893,891,1368849600
93,891,1368849600
1,3233,1368936000
10,1044,1368936000
1191,815,1368936000
157,435,1368936000
3233,1,1368936000
435,157,1368936000
494,26,1368936000
505,61,1368936000
815,1191,1368936000
1,1570,1369022400
1187,12,1369022400
12,1187,1369022400
12,172,1369022400
12,893,1369022400
136,31,1369022400
154,31,1369022400
1571,138,1369022400
172,12,1369022400
1789,219,1369022400
208,33,1369022400
219,1789,1369022400
24,83,1369022400
31,136,1369022400
31,154,1369022400
435,3,1369022400
7,174,1369022400
815,3,1369022400
893,12,1369022400
1,821,1369108800
3,2903,1369108800
3,3604,1369108800
3236,5,1369108800
435,1825,1369108800
5,3236,1369108800
551,381,1369108800
599,191,1369108800
6,1571,1369108800
6,56,1369108800
3604,3,1369108800
3607,8,1369108800
8,1566,1369108800
92,976,1369108800
966,15,1369108800
976,92,1369108800
11,42,1369195200
115,2302,1369195200
1189,55,1369195200
12,3234,1369195200
123,136,1369195200
136,123,1369195200
1691,55,1369195200
2302,115,1369195200
3234,12,1369195200
3238,815,1369195200
33,459,1369195200
42,11,1369195200
459,33,1369195200
694,8,1369195200
815,3238,1369195200
1,290,1369281600
102,289,1369281600
1189,144,1369281600
184,3239,1369281600
229,289,1369281600
2366,61,1369281600
24,229,1369281600
24,269,1369281600
289,102,1369281600
289,229,1369281600
289,413,1369281600
289,5,1369281600
289,7,1369281600
3239,184,1369281600
413,289,1369281600
435,434,1369281600
61,2366,1369281600
61,505,1369281600
61,884,1369281600
7,289,1369281600
8,694,1369281600
11,280,1369368000
115,72,1369368000
1210,13,1369368000
13,3241,1369368000
174,93,1369368000
1857,3242,1369368000
280,11,1369368000
290,1,1369368000
3242,1857,1369368000
5,890,1369368000
56,753,1369368000
72,115,1369368000
753,56,1369368000
890,5,1369368000
93,174,1369368000
10,334,1369454400
115,1343,1369454400
12,975,1369454400
1343,115,1369454400
145,113,1369454400
1832,5,1369454400
206,3565,1369454400
26,112,1369454400
30,8,1369454400
302,157,1369454400
302,187,1369454400
302,334,1369454400
3243,553,1369454400
334,10,1369454400
334,302,1369454400
5,1359,1369454400
5,1832,1369454400
553,113,1369454400
553,3243,1369454400
3565,206,1369454400
975,12,1369454400
1,1574,1369540800
115,3,1369540800
1561,553,1369540800
290,81,1369540800
3,115,1369540800
396,8,1369540800
553,1561,1369540800
553,2,1369540800
8,3657,1369540800
1,3245,1369627200
111,433,1369627200
203,42,1369627200
2359,979,1369627200
258,61,1369627200
308,8,1369627200
3244,81,1369627200
42,203,1369627200
56,112,1369627200
61,206,1369627200
61,435,1369627200
61,3565,1369627200
3565,61,1369627200
81,1859,1369627200
81,3244,1369627200
979,2359,1369627200
11,3606,1369713600
111,26,1369713600
115,208,1369713600
115,219,1369713600
115,97,1369713600
12,26,1369713600
208,115,1369713600
219,115,1369713600
24,249,1369713600
26,111,1369713600
26,12,1369713600
288,8,1369713600
3134,1,1369713600
3246,95,1369713600
391,81,1369713600
598,80,1369713600
627,81,1369713600
8,396,1369713600
80,598,1369713600
81,391,1369713600
81,627,1369713600
95,3246,1369713600
97,115,1369713600
10,145,1369800000
13,1523,1369800000
136,891,1369800000
1523,13,1369800000
156,289,1369800000
156,692,1369800000
1859,5,1369800000
1859,81,1369800000
219,72,1369800000
219,81,1369800000
2225,692,1369800000
289,156,1369800000
3241,13,1369800000
5,1859,1369800000
55,1763,1369800000
692,156,1369800000
1,151,1369886400
112,56,1369886400
1190,435,1369886400
1859,585,1369886400
435,1190,1369886400
435,627,1369886400
585,1859,1369886400
627,435,1369886400
1065,42,1369972800
115,435,1369972800
136,95,1369972800
1566,8,1369972800
3245,1,1369972800
42,1065,1369972800
435,115,1369972800
435,2368,1369972800
5,81,1369972800
692,2225,1369972800
81,290,1369972800
81,5,1369972800
88,73,1369972800
95,136,1369972800
120,3604,1370059200
219,163,1370059200
25,6,1370059200
3604,120,1370059200
115,216,1370145600
1570,81,1370145600
171,3248,1370145600
216,115,1370145600
3249,553,1370145600
494,73,1370145600
5,8,1370145600
553,3249,1370145600
73,494,1370145600
81,1570,1370145600
93,10,1370145600
1190,3604,1370232000
1191,36,1370232000
136,893,1370232000
1855,435,1370232000
288,570,1370232000
290,36,1370232000
3248,171,1370232000
36,1191,1370232000
36,290,1370232000
381,551,1370232000
42,3,1370232000
7,596,1370232000
3604,1190,1370232000
893,136,1370232000
1,2368,1370318400
1,3247,1370318400
11,122,1370318400
115,163,1370318400
115,335,1370318400
1185,12,1370318400
12,1185,1370318400
12,1350,1370318400
121,1,1370318400
1371,6,1370318400
16,72,1370318400
259,262,1370318400
262,259,1370318400
262,93,1370318400
3,262,1370318400
335,115,1370318400
36,42,1370318400
372,892,1370318400
570,288,1370318400
6,3575,1370318400
3481,72,1370318400
72,16,1370318400
72,219,1370318400
72,3481,1370318400
3575,3129,1370318400
3575,6,1370318400
892,20,1370318400
892,372,1370318400
1860,494,1370404800
20,892,1370404800
227,3522,1370404800
3,3522,1370404800
3250,81,1370404800
49,3,1370404800
494,1860,1370404800
5,3575,1370404800
3522,227,1370404800
3575,5,1370404800
81,3250,1370404800
892,8,1370404800
103,3,1370491200
115,2369,1370491200
1570,824,1370491200
174,262,1370491200
174,42,1370491200
26,262,1370491200
3,103,1370491200
345,30,1370491200
42,174,1370491200
49,174,1370491200
49,519,1370491200
5,692,1370491200
519,49,1370491200
692,5,1370491200
824,1570,1370491200
93,262,1370491200
93,95,1370491200
1,1860,1370577600
1016,2370,1370577600
1192,5,1370577600
1576,3,1370577600
2369,115,1370577600
2370,1016,1370577600
3,1576,1370577600
3,43,1370577600
3,891,1370577600
3252,553,1370577600
43,3,1370577600
553,3252,1370577600
115,372,1370664000
115,49,1370664000
191,553,1370664000
2370,433,1370664000
26,760,1370664000
262,72,1370664000
372,115,1370664000
433,2370,1370664000
49,115,1370664000
553,191,1370664000
72,262,1370664000
760,978,1370664000
978,760,1370664000
1193,144,1370750400
144,1193,1370750400
172,262,1370750400
227,73,1370750400
249,242,1370750400
262,172,1370750400
262,892,1370750400
73,227,1370750400
892,262,1370750400
1,594,1370836800
1571,8,1370836800
229,26,1370836800
259,3,1370836800
26,229,1370836800
594,1,1370836800
594,37,1370836800
7,370,1370836800
8,1571,1370836800
1016,335,1370923200
172,5,1370923200
174,266,1370923200
288,93,1370923200
3021,839,1370923200
335,1016,1370923200
335,5,1370923200
372,5,1370923200
5,1192,1370923200
614,201,1370923200
614,7,1370923200
3482,35,1370923200
7,757,1370923200
93,288,1370923200
115,259,1371009600
1177,1,1371009600
1691,30,1371009600
172,26,1371009600
206,979,1371009600
259,115,1371009600
259,93,1371009600
26,172,1371009600
30,1691,1371009600
5,262,1371009600
88,33,1371009600
93,259,1371009600
979,206,1371009600
115,155,1371096000
115,3251,1371096000
145,24,1371096000
155,115,1371096000
24,145,1371096000
24,25,1371096000
24,36,1371096000
25,24,1371096000
26,24,1371096000
262,73,1371096000
3251,115,1371096000
36,24,1371096000
5,557,1371096000
73,262,1371096000
824,220,1371096000
115,5,1371182400
115,93,1371182400
116,12,1371182400
12,116,1371182400
12,1834,1371182400
12,1861,1371182400
12,825,1371182400
1834,12,1371182400
1860,1,1371182400
1861,12,1371182400
1861,34,1371182400
2371,372,1371182400
24,15,1371182400
308,93,1371182400
330,1496,1371182400
36,372,1371182400
372,2371,1371182400
372,36,1371182400
5,103,1371182400
5,115,1371182400
557,5,1371182400
3481,93,1371182400
825,12,1371182400
93,115,1371182400
93,308,1371182400
93,3481,1371182400
16,34,1371268800
266,174,1371268800
3257,372,1371268800
34,16,1371268800
372,3257,1371268800
1036,7,1371355200
1193,89,1371355200
12,35,1371355200
1574,7,1371355200
266,296,1371355200
287,3,1371355200
296,266,1371355200
3,287,1371355200
422,67,1371355200
598,3219,1371355200
598,3258,1371355200
67,422,1371355200
7,1036,1371355200
7,1574,1371355200
1,3253,1371441600
11,242,1371441600
123,1376,1371441600
1376,123,1371441600
1376,372,1371441600
1376,5,1371441600
2253,229,1371441600
229,12,1371441600
229,2253,1371441600
24,29,1371441600
3,333,1371441600
3,97,1371441600
31,25,1371441600
3253,24,1371441600
3258,598,1371441600
333,3,1371441600
36,1067,1371441600
372,1376,1371441600
38,151,1371441600
5,1376,1371441600
5,801,1371441600
5,893,1371441600
73,728,1371441600
80,55,1371441600
801,5,1371441600
893,5,1371441600
954,220,1371441600
97,3,1371441600
1065,12,1371528000
111,59,1371528000
115,25,1371528000
1185,6,1371528000
1192,248,1371528000
12,1065,1371528000
12,627,1371528000
12,3575,1371528000
1571,6,1371528000
1574,19,1371528000
19,1574,1371528000
19,92,1371528000
191,26,1371528000
248,1192,1371528000
25,115,1371528000
26,391,1371528000
391,26,1371528000
59,825,1371528000
627,12,1371528000
3575,12,1371528000
825,59,1371528000
92,19,1371528000
95,111,1371528000
1068,454,1371614400
12,1376,1371614400
12,395,1371614400
1376,12,1371614400
165,2,1371614400
1854,5,1371614400
227,145,1371614400
2372,49,1371614400
374,154,1371614400
395,12,1371614400
454,1068,1371614400
49,2372,1371614400
5,1854,1371614400
3522,3,1371614400
891,3,1371614400
1,2367,1371700800
1068,67,1371700800
1375,305,1371700800
305,1375,1371700800
67,1068,1371700800
1068,5,1371787200
5,1068,1371787200
59,130,1371787200
1375,3,1371873600
248,26,1371873600
3,1375,1371873600
59,1376,1371873600
59,490,1371873600
1064,93,1371960000
12,174,1371960000
1375,5,1371960000
1376,59,1371960000
174,12,1371960000
216,5,1371960000
2364,59,1371960000
248,980,1371960000
26,248,1371960000
26,2650,1371960000
2650,26,1371960000
3,3260,1371960000
3254,433,1371960000
3254,5,1371960000
3254,641,1371960000
3260,3,1371960000
433,3254,1371960000
5,1375,1371960000
5,216,1371960000
59,2364,1371960000
596,191,1371960000
93,1064,1371960000
93,295,1371960000
980,248,1371960000
1,11,1372046400
191,24,1372046400
191,596,1372046400
1184,19,1372132800
126,171,1372132800
16,171,1372132800
19,1184,1372132800
19,262,1372132800
19,3185,1372132800
191,145,1372132800
262,19,1372132800
3185,19,1372132800
36,557,1372132800
557,36,1372132800
1,1061,1372219200
1061,12,1372219200
1061,229,1372219200
12,1061,1372219200
1377,758,1372219200
1862,597,1372219200
197,93,1372219200
229,1061,1372219200
24,191,1372219200
248,494,1372219200
3,557,1372219200
3,93,1372219200
336,980,1372219200
494,248,1372219200
494,59,1372219200
557,3,1372219200
56,95,1372219200
59,494,1372219200
597,1862,1372219200
93,197,1372219200
93,3,1372219200
95,56,1372219200
980,336,1372219200
1031,12,1372305600
1031,19,1372305600
1066,3263,1372305600
1189,3255,1372305600
12,1031,1372305600
154,3,1372305600
16,981,1372305600
19,1031,1372305600
26,8,1372305600
295,93,1372305600
3263,1066,1372305600
335,59,1372305600
336,36,1372305600
36,336,1372305600
59,335,1372305600
92,93,1372305600
93,92,1372305600
981,16,1372305600
1,1066,1372392000
1,3254,1372392000
1066,1,1372392000
12,1846,1372392000
1336,59,1372392000
1846,1,1372392000
1846,12,1372392000
19,3254,1372392000
19,3541,1372392000
2369,433,1372392000
24,14,1372392000
287,95,1372392000
295,3,1372392000
3,295,1372392000
3254,19,1372392000
433,2369,1372392000
59,1336,1372392000
59,3522,1372392000
3541,19,1372392000
81,173,1372392000
130,1646,1372478400
130,1691,1372478400
162,208,1372478400
1864,3265,1372478400
208,162,1372478400
3265,1864,1372478400
1,3259,1372564800
158,248,1372564800
158,93,1372564800
3585,93,1372564800
93,158,1372564800
12,156,1372651200
156,12,1372651200
163,115,1372651200
2362,59,1372651200
3237,887,1372651200
59,2362,1372651200
887,221,1372651200
887,276,1372651200
887,3237,1372651200
93,335,1372651200
1,1358,1372737600
12,33,1372737600
1358,1,1372737600
29,3264,1372737600
295,85,1372737600
3264,29,1372737600
33,12,1372737600
33,3512,1372737600
36,3512,1372737600
36,815,1372737600
459,197,1372737600
3512,33,1372737600
3512,36,1372737600
815,36,1372737600
85,295,1372737600
887,369,1372737600
1,1846,1372824000
10,26,1372824000
1533,597,1372824000
1549,3266,1372824000
24,308,1372824000
26,308,1372824000
287,32,1372824000
288,318,1372824000
30,308,1372824000
308,26,1372824000
308,30,1372824000
308,59,1372824000
308,88,1372824000
32,287,1372824000
3266,1549,1372824000
42,81,1372824000
597,1533,1372824000
81,42,1372824000
1577,336,1372910400
1866,2360,1372910400
2360,1866,1372910400
318,288,1372910400
3254,432,1372910400
3268,825,1372910400
336,1577,1372910400
336,5,1372910400
36,118,1372910400
432,3254,1372910400
459,1,1372910400
5,336,1372910400
825,3268,1372910400
1194,972,1372996800
1336,3,1372996800
1866,68,1372996800
19,197,1372996800
197,19,1372996800
227,3481,1372996800
3,1336,1372996800
3,345,1372996800
3,5,1372996800
336,3,1372996800
345,3,1372996800
5,684,1372996800
6,208,1372996800
3481,227,1372996800
68,1866,1372996800
972,1194,1372996800
1068,197,1373083200
1194,1869,1373083200
1869,1194,1373083200
197,1068,1373083200
8,981,1373083200
981,8,1373083200
1578,19,1373169600
173,81,1373169600
19,1578,1373169600
208,336,1373169600
248,93,1373169600
336,208,1373169600
93,248,1373169600
1,247,1373256000
100,12,1373256000
12,100,1373256000
1865,93,1373256000
1868,5,1373256000
208,320,1373256000
208,6,1373256000
225,530,1373256000
247,1,1373256000
308,1357,1373256000
320,208,1373256000
336,8,1373256000
43,8,1373256000
5,1868,1373256000
5,68,1373256000
526,6,1373256000
6,526,1373256000
8,336,1373256000
85,967,1373256000
93,1865,1373256000
1068,93,1373342400
120,59,1373342400
1864,247,1373342400
1864,3512,1373342400
19,36,1373342400
221,887,1373342400
247,1864,1373342400
247,26,1373342400
26,247,1373342400
3254,1,1373342400
3254,36,1373342400
36,19,1373342400
36,3254,1373342400
36,572,1373342400
572,36,1373342400
59,120,1373342400
3512,1864,1373342400
88,308,1373342400
9,4,1373342400
93,1068,1373342400
95,29,1373342400
1067,36,1373428800
1192,1691,1373428800
197,2369,1373428800
197,759,1373428800
2369,197,1373428800
248,81,1373428800
289,391,1373428800
318,8,1373428800
391,289,1373428800
49,759,1373428800
59,759,1373428800
61,68,1373428800
68,61,1373428800
759,197,1373428800
759,49,1373428800
759,59,1373428800
81,248,1373428800
1,3256,1373515200
1578,6,1373515200
36,120,1373515200
463,585,1373515200
5,93,1373515200
585,463,1373515200
684,5,1373515200
92,1576,1373515200
93,5,1373515200
103,36,1373601600
110,305,1373601600
135,3267,1373601600
136,36,1373601600
34,197,1373601600
36,103,1373601600
36,136,1373601600
3522,59,1373601600
100,6,1373688000
135,136,1373688000
135,197,1373688000
136,135,1373688000
1570,1,1373688000
174,5,1373688000
1868,1869,1373688000
1869,1868,1373688000
191,3254,1373688000
197,135,1373688000
208,34,1373688000
248,3273,1373688000
3,3254,1373688000
3254,191,1373688000
3254,3,1373688000
3267,135,1373688000
3267,1826,1373688000
3273,248,1373688000
34,208,1373688000
1,158,1373774400
1,2375,1373774400
1,292,1373774400
1,454,1373774400
1189,427,1373774400
345,463,1373774400
427,1189,1373774400
5,97,1373774400
97,5,1373774400
116,1343,1373860800
116,247,1373860800
116,336,1373860800
116,3617,1373860800
12,886,1373860800
1343,116,1373860800
19,818,1373860800
247,116,1373860800
247,36,1373860800
287,208,1373860800
3,3617,1373860800
336,116,1373860800
34,3,1373860800
36,247,1373860800
3617,116,1373860800
81,1553,1373860800
81,1562,1373860800
88,92,1373860800
886,12,1373860800
116,34,1373947200
1372,5,1373947200
1575,247,1373947200
165,26,1373947200
229,247,1373947200
229,3617,1373947200
24,93,1373947200
247,1575,1373947200
247,229,1373947200
247,336,1373947200
247,34,1373947200
291,3,1373947200
3,247,1373947200
3,291,1373947200
320,34,1373947200
336,247,1373947200
336,59,1373947200
336,3617,1373947200
34,116,1373947200
34,247,1373947200
34,320,1373947200
49,289,1373947200
59,336,1373947200
6,706,1373947200
706,6,1373947200
3522,30,1373947200
3617,229,1373947200
3617,336,1373947200
12,191,1374033600
1577,826,1374033600
1846,3617,1374033600
191,12,1374033600
197,34,1374033600
2374,826,1374033600
306,138,1374033600
306,6,1374033600
31,59,1374033600
34,3617,1374033600
37,1,1374033600
391,8,1374033600
59,31,1374033600
3617,1846,1374033600
3617,34,1374033600
3617,49,1374033600
3617,826,1374033600
8,391,1374033600
826,1577,1374033600
826,2374,1374033600
93,125,1374033600
1162,12,1374120000
12,1162,1374120000
1357,308,1374120000
136,97,1374120000
191,463,1374120000
208,29,1374120000
248,309,1374120000
3,3275,1374120000
309,1372,1374120000
309,248,1374120000
3275,3,1374120000
38,55,1374120000
463,191,1374120000
59,308,1374120000
826,3617,1374120000
97,136,1374120000
11,19,1374206400
115,1185,1374206400
1185,115,1374206400
12,315,1374206400
126,1,1374206400
188,108,1374206400
188,489,1374206400
229,825,1374206400
31,188,1374206400
315,12,1374206400
3270,59,1374206400
59,3270,1374206400
3677,1691,1374206400
825,229,1374206400
85,13,1374206400
85,188,1374206400
85,2,1374206400
1068,11,1374292800
11,1068,1374292800
135,5,1374292800
136,5,1374292800
1378,34,1374292800
1378,36,1374292800
1378,5,1374292800
26,279,1374292800
290,34,1374292800
34,1378,1374292800
34,290,1374292800
36,1378,1374292800
5,135,1374292800
5,136,1374292800
5,1378,1374292800
11,3269,1374379200
1147,3254,1374379200
116,706,1374379200
242,29,1374379200
29,242,1374379200
309,3254,1374379200
3254,1147,1374379200
3254,309,1374379200
3269,11,1374379200
36,801,1374379200
463,580,1374379200
706,116,1374379200
706,93,1374379200
801,36,1374379200
93,706,1374379200
1184,36,1374465600
122,759,1374465600
156,2377,1374465600
2374,36,1374465600
2377,156,1374465600
36,1184,1374465600
36,2374,1374465600
463,666,1374465600
5,1372,1374465600
5,335,1374465600
59,981,1374465600
666,463,1374465600
759,122,1374465600
1160,759,1374552000
12,1577,1374552000
1577,12,1374552000
1579,1,1374552000
1579,549,1374552000
19,8,1374552000
309,92,1374552000
34,59,1374552000
36,759,1374552000
59,208,1374552000
759,1160,1374552000
759,36,1374552000
92,309,1374552000
11,1379,1374638400
19,59,1374638400
2377,36,1374638400
34,335,1374638400
36,2377,1374638400
59,19,1374638400
19,7,1374724800
208,59,1374724800
490,59,1374724800
6,25,1374724800
7,19,1374724800
3657,100,1374724800
3657,8,1374724800
967,85,1374724800
1191,248,1374811200
1379,11,1374811200
158,1,1374811200
248,1191,1374811200
815,12,1374811200
818,3,1374811200
1,1579,1374897600
1,2342,1374897600
1,291,1374897600
1065,759,1374897600
118,36,1374897600
1490,3278,1374897600
174,822,1374897600
1870,3271,1374897600
248,34,1374897600
291,1,1374897600
3271,1870,1374897600
3278,1490,1374897600
34,248,1374897600
36,81,1374897600
491,20,1374897600
491,269,1374897600
759,1065,1374897600
81,36,1374897600
822,174,1374897600
10,185,1374984000
11,1,1374984000
11,185,1374984000
11,7,1374984000
5,1872,1374984000
645,8,1374984000
757,7,1374984000
8,645,1374984000
1,2378,1375070400
11,248,1375070400
12,3281,1375070400
1872,5,1375070400
197,822,1375070400
248,11,1375070400
248,3280,1375070400
292,309,1375070400
292,36,1375070400
292,5,1375070400
3280,248,1375070400
3281,12,1375070400
36,1579,1375070400
36,292,1375070400
36,822,1375070400
6,638,1375070400
818,19,1375070400
822,197,1375070400
10,118,1375156800
115,128,1375156800
118,10,1375156800
128,115,1375156800
2379,36,1375156800
3187,36,1375156800
351,36,1375156800
36,12,1375156800
36,2379,1375156800
36,3187,1375156800
36,351,1375156800
395,87,1375156800
5,818,1375156800
818,5,1375156800
87,395,1375156800
1,10,1375243200
1,3279,1375243200
10,1,1375243200
100,827,1375243200
115,1875,1375243200
118,706,1375243200
12,822,1375243200
1526,292,1375243200
1580,822,1375243200
1875,115,1375243200
292,1526,1375243200
309,42,1375243200
412,975,1375243200
42,309,1375243200
42,822,1375243200
706,118,1375243200
822,12,1375243200
822,1580,1375243200
822,42,1375243200
827,100,1375243200
95,1874,1375243200
1043,116,1375329600
1065,5,1375329600
116,1043,1375329600
116,1815,1375329600
118,1580,1375329600
1378,145,1375329600
1568,43,1375329600
1579,36,1375329600
1580,118,1375329600
172,36,1375329600
172,96,1375329600
1815,116,1375329600
197,36,1375329600
2376,116,1375329600
2376,6,1375329600
25,95,1375329600
309,3172,1375329600
309,3274,1375329600
3172,309,1375329600
36,172,1375329600
36,197,1375329600
43,1568,1375329600
491,43,1375329600
5,1065,1375329600
3553,59,1375329600
3676,34,1375329600
95,25,1375329600
96,172,1375329600
118,214,1375416000
118,34,1375416000
118,43,1375416000
118,822,1375416000
1230,134,1375416000
174,43,1375416000
1875,1,1375416000
214,118,1375416000
2371,6,1375416000
34,118,1375416000
43,118,1375416000
43,174,1375416000
43,49,1375416000
451,17,1375416000
451,38,1375416000
49,43,1375416000
6,2371,1375416000
6,3553,1375416000
822,118,1375416000
116,1871,1375502400
116,2376,1375502400
116,3285,1375502400
1868,3272,1375502400
1871,116,1375502400
1871,759,1375502400
206,2354,1375502400
2354,206,1375502400
3274,1,1375502400
3274,309,1375502400
3285,116,1375502400
36,1580,1375502400
506,82,1375502400
759,1871,1375502400
82,506,1375502400
93,3284,1375502400
1050,1868,1375588800
158,345,1375588800
1868,1050,1375588800
2286,3287,1375588800
242,5,1375588800
3287,2286,1375588800
345,158,1375588800
5,825,1375588800
3676,118,1375588800
3676,759,1375588800
825,5,1375588800
1,1875,1375675200
1,3283,1375675200
11,1871,1375675200
116,822,1375675200
128,2381,1375675200
128,3282,1375675200
17,26,1375675200
17,451,1375675200
2381,128,1375675200
288,759,1375675200
29,208,1375675200
30,11,1375675200
3269,111,1375675200
3279,1,1375675200
3282,128,1375675200
38,451,1375675200
463,111,1375675200
6,214,1375675200
637,759,1375675200
759,288,1375675200
759,637,1375675200
822,116,1375675200
100,5,1375761600
100,8,1375761600
116,29,1375761600
1580,36,1375761600
2,7,1375761600
29,116,1375761600
5,100,1375761600
759,103,1375761600
759,894,1375761600
822,36,1375761600
894,759,1375761600
128,2375,1375848000
197,5,1375848000
198,235,1375848000
208,287,1375848000
235,198,1375848000
2375,128,1375848000
2382,3522,1375848000
309,759,1375848000
412,759,1375848000
3522,2382,1375848000
3522,8,1375848000
759,309,1375848000
759,412,1375848000
3676,128,1375848000
3676,1568,1375848000
1194,5,1375934400
2333,5,1375934400
309,292,1375934400
5,1194,1375934400
5,2333,1375934400
290,467,1376020800
467,290,1376020800
597,812,1376020800
3676,1,1376020800
8,3522,1376020800
812,597,1376020800
11,174,1376107200
1185,7,1376107200
1490,82,1376107200
1868,3195,1376107200
19,49,1376107200
7,1185,1376107200
3676,11,1376107200
82,1490,1376107200
116,123,1376193600
116,174,1376193600
123,116,1376193600
125,34,1376193600
174,116,1376193600
174,31,1376193600
174,7,1376193600
291,36,1376193600
34,125,1376193600
36,291,1376193600
36,585,1376193600
36,702,1376193600
36,3645,1376193600
36,3664,1376193600
585,36,1376193600
702,36,1376193600
3664,36,1376193600
3676,36,1376193600
116,26,1376280000
128,1043,1376280000
225,494,1376280000
3,34,1376280000
351,759,1376280000
3480,3228,1376280000
700,151,1376280000
3553,6,1376280000
759,351,1376280000
1043,128,1376366400
11,290,1376366400
11,36,1376366400
151,1,1376366400
151,1867,1376366400
151,218,1376366400
151,261,1376366400
151,285,1376366400
151,2971,1376366400
151,3277,1376366400
151,38,1376366400
151,700,1376366400
151,808,1376366400
174,95,1376366400
2,8,1376366400
26,2372,1376366400
290,11,1376366400
336,49,1376366400
36,11,1376366400
49,336,1376366400
494,11,1376366400
759,801,1376366400
801,759,1376366400
116,59,1376452800
12,1184,1376452800
12,335,1376452800
120,36,1376452800
1578,8,1376452800
19,5,1376452800
2372,26,1376452800
26,49,1376452800
26,666,1376452800
36,1562,1376452800
49,596,1376452800
59,116,1376452800
666,494,1376452800
122,36,1376539200
155,36,1376539200
174,82,1376539200
1876,26,1376539200
191,125,1376539200
24,2,1376539200
24,31,1376539200
26,1876,1376539200
29,981,1376539200
36,122,1376539200
36,155,1376539200
430,1,1376539200
49,31,1376539200
3634,3636,1376539200
82,174,1376539200
981,29,1376539200
981,59,1376539200
11,155,1376625600
12,287,1376625600
155,11,1376625600
1875,287,1376625600
196,3286,1376625600
2,13,1376625600
2,139,1376625600
2,206,1376625600
2,24,1376625600
2,3,1376625600
2,85,1376625600
2,95,1376625600
2354,5,1376625600
2385,29,1376625600
24,412,1376625600
241,290,1376625600
287,12,1376625600
287,1875,1376625600
29,2385,1376625600
290,241,1376625600
3286,196,1376625600
335,19,1376625600
49,145,1376625600
5,2354,1376625600
8,34,1376625600
93,19,1376625600
29,43,1376712000
3289,49,1376712000
43,29,1376712000
49,3289,1376712000
895,980,1376712000
980,895,1376712000
11,26,1376798400
128,706,1376798400
1551,63,1376798400
2,14,1376798400
2,16,1376798400
2,412,1376798400
2,3464,1376798400
70,279,1376798400
706,128,1376798400
8,306,1376798400
116,19,1376884800
1355,1,1376884800
19,116,1376884800
19,93,1376884800
2309,171,1376884800
29,983,1376884800
484,5,1376884800
49,666,1376884800
5,2360,1376884800
5,597,1376884800
597,5,1376884800
666,49,1376884800
8,2384,1376884800
983,29,1376884800
116,1191,1376971200
116,2362,1376971200
116,290,1376971200
1191,116,1376971200
128,1343,1376971200
128,983,1376971200
13,2386,1376971200
1343,128,1376971200
158,29,1376971200
2362,116,1376971200
2386,13,1376971200
248,158,1376971200
29,158,1376971200
290,116,1376971200
3291,982,1376971200
36,209,1376971200
49,19,1376971200
549,1579,1376971200
8,983,1376971200
982,3291,1376971200
983,128,1376971200
128,155,1377057600
155,128,1377057600
2386,5,1377057600
26,67,1377057600
3277,151,1377057600
43,491,1377057600
5,2386,1377057600
67,26,1377057600
1,1195,1377144000
1,2383,1377144000
11,5,1377144000
116,2387,1377144000
1191,290,1377144000
128,1876,1377144000
155,29,1377144000
1876,128,1377144000
19,2388,1377144000
2383,151,1377144000
2387,116,1377144000
2388,19,1377144000
29,155,1377144000
290,1191,1377144000
7,429,1377144000
103,128,1377230400
116,36,1377230400
12,391,1377230400
128,103,1377230400
128,19,1377230400
128,26,1377230400
19,128,1377230400
24,250,1377230400
26,128,1377230400
27,36,1377230400
36,116,1377230400
36,49,1377230400
391,12,1377230400
494,557,1377230400
5,982,1377230400
557,494,1377230400
3483,103,1377230400
759,11,1377230400
759,310,1377230400
92,462,1377230400
1,3290,1377316800
116,310,1377316800
155,424,1377316800
26,191,1377316800
310,116,1377316800
310,759,1377316800
424,155,1377316800
459,80,1377316800
80,459,1377316800
116,62,1377403200
13,7,1377403200
62,116,1377403200
12,1322,1377489600
1322,12,1377489600
1378,26,1377489600
1378,49,1377489600
2388,290,1377489600
290,2388,1377489600
49,1378,1377489600
5,13,1377489600
5,46,1377489600
666,208,1377489600
1,3292,1377576000
12,128,1377576000
12,1553,1377576000
12,3293,1377576000
128,12,1377576000
128,3294,1377576000
1553,12,1377576000
320,156,1377576000
3290,1,1377576000
3292,1,1377576000
3293,12,1377576000
3294,128,1377576000
8,59,1377576000
128,290,1377662400
290,128,1377662400
49,545,1377662400
545,49,1377662400
7,980,1377662400
8,32,1377662400
980,7,1377662400
116,3554,1377748800
12,3297,1377748800
3297,12,1377748800
36,31,1377748800
36,47,1377748800
47,36,1377748800
49,1874,1377748800
3554,116,1377748800
982,5,1377748800
1065,128,1377835200
1065,290,1377835200
116,585,1377835200
116,73,1377835200
1194,3623,1377835200
128,1065,1377835200
128,292,1377835200
194,151,1377835200
26,494,1377835200
290,1065,1377835200
292,128,1377835200
585,116,1377835200
73,116,1377835200
3623,1194,1377835200
3623,127,1377835200
1,432,1377921600
241,895,1377921600
26,116,1377921600
26,2389,1377921600
432,1,1377921600
67,34,1377921600
895,241,1377921600
95,3464,1377921600
116,292,1378008000
26,266,1378008000
292,116,1378008000
292,432,1378008000
432,292,1378008000
3664,7,1378008000
1,462,1378094400
11,309,1378094400
1130,27,1378094400
12,49,1378094400
248,5,1378094400
26,73,1378094400
3,309,1378094400
309,3,1378094400
309,894,1378094400
325,414,1378094400
325,828,1378094400
494,225,1378094400
5,248,1378094400
3484,27,1378094400
73,26,1378094400
828,325,1378094400
828,388,1378094400
828,414,1378094400
894,309,1378094400
1066,459,1378180800
12,459,1378180800
165,145,1378180800
165,188,1378180800
165,22,1378180800
165,38,1378180800
165,489,1378180800
165,85,1378180800
165,9,1378180800
174,1160,1378180800
188,185,1378180800
288,5,1378180800
3298,1,1378180800
34,67,1378180800
459,1066,1378180800
459,12,1378180800
5,174,1378180800
73,2,1378180800
105,241,1378267200
118,163,1378267200
1180,1,1378267200
163,118,1378267200
163,1774,1378267200
1774,163,1378267200
2378,34,1378267200
241,105,1378267200
34,2378,1378267200
1,309,1378353600
1421,494,1378353600
146,5,1378353600
1877,1,1378353600
26,47,1378353600
266,26,1378353600
309,1,1378353600
462,1,1378353600
463,73,1378353600
494,1421,1378353600
5,146,1378353600
666,95,1378353600
73,463,1378353600
8,2389,1378353600
95,666,1378353600
1379,462,1378440000
1878,462,1378440000
2384,6,1378440000
432,896,1378440000
462,1878,1378440000
59,6,1378440000
826,5,1378440000
896,432,1378440000
100,7,1378526400
30,82,1378526400
7,100,1378526400
95,93,1378526400
979,1528,1378526400
1043,12,1378612800
12,1043,1378612800
128,158,1378612800
128,40,1378612800
128,895,1378612800
158,128,1378612800
2378,1,1378612800
40,128,1378612800
895,128,1378612800
11,647,1378699200
1192,1878,1378699200
12,118,1378699200
1878,1192,1378699200
2390,3299,1378699200
3188,825,1378699200
3299,2390,1378699200
825,3188,1378699200
1370,2390,1378785600
2390,1370,1378785600
309,1180,1378785600
3299,3296,1378785600
49,12,1378785600
59,3553,1378785600
1,1877,1378872000
1,3298,1378872000
1,896,1378872000
12,40,1378872000
1379,424,1378872000
19,3,1378872000
26,373,1378872000
40,12,1378872000
462,601,1378872000
6,2384,1378872000
601,462,1378872000
3522,5,1378872000
1180,309,1378958400
155,462,1378958400
2389,32,1378958400
12,1374,1379044800
1322,19,1379044800
173,2373,1379044800
19,1322,1379044800
19,551,1379044800
2373,173,1379044800
6,59,1379044800
1,2391,1379131200
1380,138,1379131200
1581,894,1379131200
19,332,1379131200
19,666,1379131200
2391,1,1379131200
332,95,1379131200
34,894,1379131200
462,155,1379131200
6,1380,1379131200
61,1851,1379131200
666,19,1379131200
894,1581,1379131200
894,34,1379131200
93,484,1379131200
122,5,1379217600
1878,1880,1379217600
1880,1878,1379217600
462,92,1379217600
5,122,1379217600
1380,690,1379304000
155,64,1379304000
1558,49,1379304000
19,42,1379304000
27,142,1379304000
27,3,1379304000
462,5,1379304000
484,93,1379304000
49,1558,1379304000
49,93,1379304000
5,462,1379304000
93,49,1379304000
6,266,1379390400
6,549,1379390400
3664,49,1379390400
19,26,1379476800
26,19,1379476800
309,702,1379476800
31,429,1379476800
702,309,1379476800
73,95,1379476800
95,73,1379476800
1184,12,1379563200
178,982,1379563200
245,308,1379563200
308,245,1379563200
31,36,1379563200
332,428,1379563200
982,178,1379563200
1,1522,1379649600
1196,2391,1379649600
1380,185,1379649600
1822,432,1379649600
19,783,1379649600
2391,1196,1379649600
242,26,1379649600
372,462,1379649600
432,1822,1379649600
462,372,1379649600
549,6,1379649600
783,19,1379649600
8,237,1379649600
1370,95,1379736000
3009,5,1379736000
3301,432,1379736000
432,3301,1379736000
433,572,1379736000
5,3009,1379736000
572,433,1379736000
572,87,1379736000
592,87,1379736000
8,1578,1379736000
87,572,1379736000
87,592,1379736000
95,1370,1379736000
1196,397,1379822400
1352,34,1379822400
158,19,1379822400
1581,19,1379822400
19,158,1379822400
19,1581,1379822400
19,894,1379822400
34,1352,1379822400
34,33,1379822400
462,427,1379822400
894,19,1379822400
1,3295,1379908800
1,3300,1379908800
12,290,1379908800
1518,88,1379908800
1522,1,1379908800
1522,594,1379908800
2381,7,1379908800
27,336,1379908800
290,12,1379908800
336,27,1379908800
397,1196,1379908800
594,1522,1379908800
61,178,1379908800
61,5,1379908800
7,2381,1379908800
12,1360,1379995200
1360,12,1379995200
145,1550,1379995200
1550,145,1379995200
173,2392,1379995200
2392,173,1379995200
332,242,1380081600
332,46,1380081600
332,49,1380081600
34,32,1380081600
462,55,1380081600
49,242,1380081600
666,88,1380081600
88,1518,1380081600
88,666,1380081600
1057,7,1380168000
1374,12,1380168000
1381,36,1380168000
1381,87,1380168000
2387,27,1380168000
32,49,1380168000
33,34,1380168000
34,26,1380168000
36,1381,1380168000
36,424,1380168000
424,36,1380168000
49,32,1380168000
7,1057,1380168000
87,1381,1380168000
1582,594,1380254400
219,32,1380254400
2354,597,1380254400
3300,1,1380254400
34,219,1380254400
594,1582,1380254400
597,2354,1380254400
144,55,1380340800
158,87,1380340800
214,6,1380340800
87,158,1380340800
219,82,1380427200
290,397,1380427200
397,290,1380427200
5,67,1380427200
67,5,1380427200
8,335,1380427200
82,219,1380427200
1060,397,1380513600
11,93,1380513600
12,1516,1380513600
12,3664,1380513600
1516,12,1380513600
34,585,1380513600
36,32,1380513600
397,1060,1380513600
585,34,1380513600
3664,12,1380513600
151,18,1380600000
163,6,1380600000
18,151,1380600000
185,10,1380600000
185,11,1380600000
185,170,1380600000
185,188,1380600000
185,198,1380600000
185,24,1380600000
185,249,1380600000
185,264,1380600000
185,288,1380600000
185,31,1380600000
185,32,1380600000
185,349,1380600000
185,423,1380600000
185,47,1380600000
185,53,1380600000
185,6,1380600000
185,813,1380600000
185,83,1380600000
185,95,1380600000
185,98,1380600000
2155,42,1380600000
42,2155,1380600000
42,36,1380600000
6,163,1380600000
1,87,1380686400
12,241,1380686400
205,21,1380686400
205,85,1380686400
21,85,1380686400
2371,138,1380686400
241,12,1380686400
250,49,1380686400
434,5,1380686400
49,250,1380686400
5,434,1380686400
68,5,1380686400
3664,27,1380686400
85,205,1380686400
85,21,1380686400
1195,707,1380772800
292,34,1380772800
32,219,1380772800
34,292,1380772800
36,27,1380772800
707,1195,1380772800
707,82,1380772800
82,707,1380772800
95,3302,1380772800
1381,34,1380859200
158,397,1380859200
1877,397,1380859200
219,3,1380859200
34,1381,1380859200
397,158,1380859200
397,1877,1380859200
61,965,1380859200
614,707,1380859200
707,614,1380859200
1,1583,1380945600
115,241,1380945600
151,213,1380945600
1583,1,1380945600
1880,241,1380945600
19,291,1380945600
208,291,1380945600
213,151,1380945600
241,115,1380945600
241,1880,1380945600
241,397,1380945600
241,707,1380945600
241,87,1380945600
26,5,1380945600
291,19,1380945600
291,208,1380945600
30,111,1380945600
30,2,1380945600
30,20,1380945600
30,31,1380945600
397,241,1380945600
46,3303,1380945600
5,26,1380945600
694,11,1380945600
707,241,1380945600
87,241,1380945600
1045,707,1381032000
144,412,1381032000
397,707,1381032000
412,144,1381032000
53,185,1381032000
707,1045,1381032000
707,397,1381032000
95,42,1381032000
1822,241,1381118400
19,707,1381118400
241,1822,1381118400
241,751,1381118400
707,19,1381118400
751,241,1381118400
1377,495,1381204800
144,1377,1381204800
22,123,1381204800
33,3536,1381204800
397,702,1381204800
495,1377,1381204800
5,61,1381204800
6,1371,1381204800
702,397,1381204800
3536,33,1381204800
12,397,1381291200
1768,7,1381291200
397,12,1381291200
7,1768,1381291200
12,34,1381377600
1369,260,1381377600
178,330,1381377600
330,1,1381377600
330,178,1381377600
330,2,1381377600
34,12,1381377600
34,397,1381377600
397,34,1381377600
1377,144,1381464000
163,397,1381464000
163,462,1381464000
22,342,1381464000
386,462,1381464000
397,163,1381464000
462,163,1381464000
462,386,1381464000
286,26,1381550400
19,3529,1381636800
310,3529,1381636800
3529,12,1381636800
3529,19,1381636800
3529,310,1381636800
27,12,1381723200
288,87,1381723200
87,288,1381723200
1066,2393,1381809600
2080,87,1381809600
2393,1066,1381809600
6,3305,1381809600
82,95,1381809600
87,1,1381809600
95,82,1381809600
1156,2,1381896000
1156,397,1381896000
1156,87,1381896000
16,164,1381896000
164,761,1381896000
2,1156,1381896000
245,397,1381896000
397,1156,1381896000
397,245,1381896000
495,758,1381896000
68,178,1381896000
758,495,1381896000
761,164,1381896000
87,1156,1381896000
1380,6,1381982400
151,194,1381982400
151,2393,1381982400
164,15,1381982400
26,3304,1381982400
27,290,1381982400
290,27,1381982400
320,435,1381982400
330,6,1381982400
3304,26,1381982400
372,144,1381982400
6,330,1381982400
1066,1881,1382068800
1772,27,1382068800
1881,1066,1382068800
19,24,1382068800
24,5,1382068800
29,32,1382068800
310,707,1382068800
33,376,1382068800
376,33,1382068800
397,666,1382068800
5,24,1382068800
666,397,1382068800
702,707,1382068800
707,310,1382068800
707,702,1382068800
976,12,1382068800
12,32,1382155200
1848,812,1382155200
27,702,1382155200
32,12,1382155200
42,87,1382155200
46,3308,1382155200
6,2352,1382155200
3485,27,1382155200
702,27,1382155200
812,1848,1382155200
87,42,1382155200
154,19,1382241600
19,154,1382241600
292,462,1382241600
33,5,1382241600
433,5,1382241600
462,292,1382241600
5,33,1382241600
6,32,1382241600
85,93,1382241600
93,85,1382241600
12,1331,1382328000
1331,12,1382328000
2393,151,1382328000
5,6,1382328000
87,2080,1382328000
12,59,1382414400
1880,87,1382414400
19,87,1382414400
241,2,1382414400
38,3310,1382414400
59,12,1382414400
87,1880,1382414400
87,19,1382414400
12,614,1382500800
1863,87,1382500800
1882,614,1382500800
1909,5,1382500800
237,32,1382500800
24,63,1382500800
27,5,1382500800
32,237,1382500800
33,87,1382500800
330,185,1382500800
3306,87,1382500800
373,46,1382500800
386,495,1382500800
397,87,1382500800
5,1909,1382500800
5,27,1382500800
5,42,1382500800
602,87,1382500800
614,12,1382500800
614,1882,1382500800
63,336,1382500800
87,1863,1382500800
87,33,1382500800
87,3306,1382500800
87,397,1382500800
87,602,1382500800
95,373,1382500800
102,67,1382587200
154,87,1382587200
32,366,1382587200
3305,6,1382587200
424,87,1382587200
454,87,1382587200
495,386,1382587200
551,19,1382587200
67,102,1382587200
707,87,1382587200
87,154,1382587200
87,424,1382587200
87,454,1382587200
87,707,1382587200
12,976,1382673600
123,6,1382673600
144,462,1382673600
2352,6,1382673600
42,5,1382673600
6,123,1382673600
1194,3311,1382760000
29,207,1382760000
67,87,1382760000
87,67,1382760000
207,26,1382846400
32,3312,1382846400
3311,1194,1382846400
3312,32,1382846400
125,309,1382932800
1380,244,1382932800
27,87,1382932800
309,125,1382932800
309,87,1382932800
34,980,1382932800
3545,87,1382932800
8,1865,1382932800
87,27,1382932800
87,309,1382932800
87,3545,1382932800
980,19,1382932800
980,34,1382932800
12,1873,1383019200
12,280,1383019200
1873,12,1383019200
2394,934,1383019200
309,11,1383019200
3314,3545,1383019200
3545,3314,1383019200
812,127,1383019200
934,2394,1383019200
1,3313,1383105600
1,617,1383105600
12,6,1383105600
123,128,1383105600
128,123,1383105600
280,5,1383105600
309,5,1383105600
5,280,1383105600
5,309,1383105600
6,1069,1383105600
6,12,1383105600
1069,138,1383192000
1156,5,1383192000
227,6,1383192000
309,637,1383192000
395,3545,1383192000
5,1156,1383192000
5,695,1383192000
5,774,1383192000
6,227,1383192000
617,85,1383192000
637,309,1383192000
695,5,1383192000
73,3545,1383192000
3545,395,1383192000
3545,73,1383192000
774,5,1383192000
8,5,1383192000
85,617,1383192000
1421,30,1383278400
237,59,1383278400
26,93,1383278400
30,1421,1383278400
59,237,1383278400
64,196,1383278400
761,269,1383278400
163,87,1383364800
207,85,1383364800
242,85,1383364800
26,207,1383364800
27,617,1383364800
310,36,1383364800
310,5,1383364800
5,310,1383364800
617,27,1383364800
85,207,1383364800
85,242,1383364800
87,163,1383364800
894,11,1383364800
19,125,1383451200
2155,87,1383451200
2394,125,1383451200
87,2155,1383451200
125,2394,1383541200
1738,171,1383541200
280,34,1383541200
280,87,1383541200
336,63,1383541200
34,280,1383541200
435,13,1383541200
435,1855,1383541200
435,320,1383541200
435,46,1383541200
61,982,1383541200
87,280,1383541200
982,61,1383541200
154,290,1383627600
19,259,1383627600
19,31,1383627600
259,19,1383627600
290,154,1383627600
30,3608,1383627600
43,5,1383627600
5,3,1383627600
5,43,1383627600
3608,30,1383627600
110,1883,1383714000
13,2355,1383714000
1860,259,1383714000
1883,110,1383714000
1883,227,1383714000
20,31,1383714000
207,3608,1383714000
227,1883,1383714000
259,1860,1383714000
259,87,1383714000
3,1379,1383714000
3309,5,1383714000
5,3309,1383714000
6,5,1383714000
61,972,1383714000
702,87,1383714000
85,164,1383714000
87,259,1383714000
87,702,1383714000
11,1883,1383800400
1379,3,1383800400
1379,549,1383800400
1883,11,1383800400
26,3608,1383800400
27,81,1383800400
3608,207,1383800400
758,144,1383800400
81,27,1383800400
118,5,1383886800
128,617,1383886800
2833,320,1383886800
320,2833,1383886800
459,35,1383886800
5,118,1383886800
617,1,1383886800
617,128,1383886800
8,29,1383886800
123,30,1383973200
1380,3567,1383973200
1819,5,1383973200
1869,3315,1383973200
30,123,1383973200
3315,1194,1383973200
3315,1869,1383973200
391,5,1383973200
435,5,1383973200
5,1819,1383973200
5,391,1383973200
5,435,1383973200
3567,1380,1383973200
11,310,1384059600
1190,128,1384059600
128,1190,1384059600
144,283,1384059600
26,29,1384059600
310,11,1384059600
310,120,1384059600
310,3567,1384059600
3196,61,1384059600
43,145,1384059600
488,61,1384059600
488,972,1384059600
61,3196,1384059600
3567,310,1384059600
896,1,1384059600
896,259,1384059600
11,125,1384146000
19,95,1384146000
283,144,1384146000
617,459,1384146000
3664,19,1384146000
103,11,1384232400
11,103,1384232400
179,322,1384232400
64,1070,1384232400
95,2953,1384232400
105,3576,1384318800
11,34,1384318800
1190,11,1384318800
12,1535,1384318800
1535,12,1384318800
24,241,1384318800
241,24,1384318800
5,163,1384318800
3576,105,1384318800
3576,125,1384318800
115,33,1384405200
1191,33,1384405200
144,198,1384405200
151,1884,1384405200
154,32,1384405200
19,33,1384405200
198,144,1384405200
32,154,1384405200
33,115,1384405200
33,1191,1384405200
527,3487,1384405200
3486,199,1384405200
3487,527,1384405200
11,326,1384491600
120,5,1384491600
1584,527,1384491600
1883,3599,1384491600
1884,151,1384491600
262,11,1384491600
322,179,1384491600
326,11,1384491600
348,11,1384491600
5,120,1384491600
527,1584,1384491600
649,1,1384491600
3599,1883,1384491600
93,26,1384491600
12,11,1384578000
12,120,1384578000
120,12,1384578000
95,1,1384578000
1353,241,1384664400
163,650,1384664400
173,3,1384664400
19,241,1384664400
241,1353,1384664400
241,19,1384664400
241,3599,1384664400
30,3,1384664400
326,39,1384664400
39,326,1384664400
650,163,1384664400
3599,241,1384664400
3599,650,1384664400
105,720,1384750800
163,39,1384750800
1882,33,1384750800
1884,459,1384750800
19,757,1384750800
227,330,1384750800
245,5,1384750800
290,33,1384750800
3206,127,1384750800
326,33,1384750800
33,1882,1384750800
33,290,1384750800
33,326,1384750800
39,163,1384750800
415,3641,1384750800
415,829,1384750800
459,1884,1384750800
490,650,1384750800
496,105,1384750800
5,245,1384750800
5,3206,1384750800
650,490,1384750800
720,105,1384750800
3641,415,1384750800
3641,650,1384750800
757,19,1384750800
829,415,1384750800
87,1884,1384750800
1,154,1384837200
1032,173,1384837200
1043,30,1384837200
128,3321,1384837200
128,545,1384837200
154,1,1384837200
173,1032,1384837200
173,11,1384837200
191,599,1384837200
30,1043,1384837200
30,5,1384837200
33,649,1384837200
3321,128,1384837200
415,545,1384837200
5,599,1384837200
545,128,1384837200
545,415,1384837200
599,5,1384837200
602,702,1384837200
702,602,1384837200
3641,496,1384837200
1,1886,1384923600
1,3316,1384923600
1,649,1384923600
105,496,1384923600
125,496,1384923600
125,93,1384923600
163,3,1384923600
173,19,1384923600
173,496,1384923600
173,93,1384923600
1884,87,1384923600
1886,1,1384923600
286,31,1384923600
3,163,1384923600
31,286,1384923600
33,3322,1384923600
3318,87,1384923600
3323,824,1384923600
496,173,1384923600
590,614,1384923600
614,590,1384923600
824,3323,1384923600
85,7,1384923600
87,3318,1384923600
12,2396,1385010000
125,2395,1385010000
125,27,1385010000
128,163,1385010000
131,290,1385010000
131,34,1385010000
173,42,1385010000
173,602,1385010000
2395,125,1385010000
2396,12,1385010000
290,131,1385010000
3206,5,1385010000
3324,415,1385010000
34,131,1385010000
415,3324,1385010000
42,173,1385010000
5,31,1385010000
602,173,1385010000
105,33,1385096400
11,128,1385096400
12,649,1385096400
1353,309,1385096400
154,896,1385096400
22,2651,1385096400
22,561,1385096400
29,496,1385096400
3,720,1385096400
305,12,1385096400
309,1353,1385096400
310,649,1385096400
33,105,1385096400
3326,462,1385096400
462,3326,1385096400
49,81,1385096400
496,29,1385096400
649,1197,1385096400
649,12,1385096400
649,310,1385096400
720,3,1385096400
1197,1,1385182800
1197,30,1385182800
1197,649,1385182800
123,649,1385182800
125,131,1385182800
128,2397,1385182800
131,125,1385182800
131,22,1385182800
2397,3327,1385182800
3,158,1385182800
3,3328,1385182800
30,1197,1385182800
3316,1,1385182800
332,3325,1385182800
3325,332,1385182800
3327,2397,1385182800
3328,3,1385182800
649,123,1385182800
7,25,1385182800
104,64,1385269200
158,3,1385269200
22,5,1385269200
34,205,1385269200
429,7,1385269200
6,1865,1385269200
7,3464,1385269200
105,2397,1385355600
1380,412,1385355600
1886,888,1385355600
2,111,1385355600
2397,105,1385355600
241,602,1385355600
279,35,1385355600
309,1885,1385355600
31,19,1385355600
412,1380,1385355600
6,207,1385355600
602,241,1385355600
8,1691,1385355600
888,1886,1385355600
11,3577,1385442000
12,82,1385442000
128,580,1385442000
15,1873,1385442000
2261,127,1385442000
2261,435,1385442000
25,7,1385442000
3,590,1385442000
3,88,1385442000
32,88,1385442000
37,601,1385442000
5,19,1385442000
82,12,1385442000
88,3,1385442000
88,32,1385442000
1,1862,1385528400
105,1197,1385528400
105,484,1385528400
105,49,1385528400
1197,105,1385528400
12,93,1385528400
150,6,1385528400
1585,868,1385528400
2,1691,1385528400
222,896,1385528400
2395,5,1385528400
2398,127,1385528400
2398,982,1385528400
24,484,1385528400
241,2400,1385528400
3,351,1385528400
3,748,1385528400
3320,496,1385528400
38,241,1385528400
38,3530,1385528400
467,81,1385528400
484,105,1385528400
49,105,1385528400
496,3320,1385528400
5,2395,1385528400
5,88,1385528400
6,150,1385528400
650,3,1385528400
7,650,1385528400
7,882,1385528400
81,467,1385528400
868,1585,1385528400
896,222,1385528400
93,12,1385528400
982,2398,1385528400
123,49,1385614800
128,974,1385614800
2398,61,1385614800
247,459,1385614800
292,894,1385614800
459,247,1385614800
5,641,1385614800
61,2398,1385614800
64,81,1385614800
641,5,1385614800
81,64,1385614800
894,292,1385614800
95,33,1385614800
974,128,1385614800
1,1197,1385701200
1,1867,1385701200
1,1885,1385701200
1,3319,1385701200
1,3330,1385701200
105,163,1385701200
12,81,1385701200
125,649,1385701200
128,11,1385701200
128,81,1385701200
1374,59,1385701200
151,2399,1385701200
163,105,1385701200
1867,151,1385701200
1886,459,1385701200
2399,151,1385701200
2399,38,1385701200
3,650,1385701200
33,125,1385701200
33,81,1385701200
3330,1,1385701200
38,2399,1385701200
459,1886,1385701200
59,1374,1385701200
63,1551,1385701200
649,125,1385701200
649,33,1385701200
649,650,1385701200
650,649,1385701200
81,12,1385701200
81,128,1385701200
81,33,1385701200
118,649,1385787600
128,193,1385787600
128,590,1385787600
15,86,1385787600
1885,1,1385787600
1885,309,1385787600
19,580,1385787600
199,1587,1385787600
26,3,1385787600
26,88,1385787600
3,974,1385787600
32,6,1385787600
49,88,1385787600
590,128,1385787600
649,118,1385787600
81,3331,1385787600
81,49,1385787600
88,49,1385787600
974,3,1385787600
154,5,1385874000
1873,15,1385874000
1873,3214,1385874000
1873,35,1385874000
1885,649,1385874000
205,34,1385874000
3214,1873,1385874000
33,974,1385874000
3331,219,1385874000
3331,81,1385874000
5,154,1385874000
602,3654,1385874000
649,1885,1385874000
650,105,1385874000
3654,602,1385874000
824,269,1385874000
974,33,1385874000
12,31,1385960400
136,33,1385960400
29,5,1385960400
31,12,1385960400
310,49,1385960400
33,136,1385960400
36,983,1385960400
412,496,1385960400
459,617,1385960400
496,412,1385960400
5,29,1385960400
5,826,1385960400
826,199,1385960400
88,5,1385960400
983,36,1385960400
12,21,1386046800
12,602,1386046800
12,3654,1386046800
125,704,1386046800
207,666,1386046800
21,12,1386046800
2395,457,1386046800
34,81,1386046800
351,105,1386046800
457,2395,1386046800
5,3307,1386046800
590,3,1386046800
602,12,1386046800
704,125,1386046800
3654,12,1386046800
81,34,1386046800
105,26,1386133200
105,490,1386133200
105,649,1386133200
1192,649,1386133200
12,305,1386133200
144,372,1386133200
144,3548,1386133200
1541,490,1386133200
309,3334,1386133200
32,59,1386133200
3334,309,1386133200
34,490,1386133200
47,163,1386133200
47,5,1386133200
490,105,1386133200
490,1541,1386133200
490,34,1386133200
649,105,1386133200
649,1192,1386133200
85,59,1386133200
1,3332,1386219600
118,173,1386219600
178,3333,1386219600
2090,15,1386219600
26,242,1386219600
3332,1,1386219600
3333,178,1386219600
34,649,1386219600
590,3488,1386219600
649,34,1386219600
3488,590,1386219600
1,3317,1386306000
1,3329,1386306000
412,31,1386306000
429,31,1386306000
49,650,1386306000
5,242,1386306000
650,49,1386306000
1,222,1386392400
30,318,1386392400
95,26,1386392400
1,3335,1386478800
120,310,1386478800
120,49,1386478800
3307,5,1386478800
5,602,1386478800
602,5,1386478800
92,31,1386478800
105,1915,1386565200
11,1887,1386565200
164,174,1386565200
174,164,1386565200
1887,11,1386565200
19,207,1386565200
1915,105,1386565200
207,19,1386565200
24,49,1386565200
31,105,1386565200
349,185,1386565200
49,24,1386565200
105,97,1386651600
24,122,1386651600
31,92,1386651600
32,5,1386651600
49,5,1386651600
5,49,1386651600
88,26,1386651600
97,105,1386651600
1,1382,1386738000
1,2401,1386738000
13,650,1386738000
173,29,1386738000
233,15,1386738000
26,173,1386738000
5,32,1386738000
602,105,1386738000
650,13,1386738000
12,2401,1386824400
165,407,1386824400
207,6,1386824400
21,47,1386824400
2401,12,1386824400
289,830,1386824400
430,59,1386824400
430,831,1386824400
47,21,1386824400
6,1546,1386824400
65,165,1386824400
666,207,1386824400
3488,11,1386824400
3536,87,1386824400
830,289,1386824400
831,430,1386824400
105,602,1386910800
1456,147,1386910800
1456,421,1386910800
1879,104,1386910800
245,3536,1386910800
26,245,1386910800
49,830,1386910800
830,49,1386910800
12,289,1386997200
206,13,1386997200
206,188,1386997200
206,2,1386997200
24,85,1386997200
289,12,1386997200
2968,33,1386997200
33,2968,1386997200
49,3568,1386997200
85,24,1386997200
85,87,1386997200
87,206,1386997200
87,526,1386997200
87,85,1386997200
15,164,1387083600
530,650,1387083600
650,530,1387083600
87,2,1387083600
12,5,1387170000
1887,432,1387170000
2,5,1387170000
2,87,1387170000
432,1793,1387170000
432,1887,1387170000
5,12,1387170000
5,2,1387170000
103,5,1387256400
12,158,1387256400
12,36,1387256400
154,24,1387256400
158,12,1387256400
1588,3568,1387256400
3319,1,1387256400
3336,5,1387256400
454,1,1387256400
5,3336,1387256400
3568,1588,1387256400
105,199,1387342800
1588,288,1387342800
199,105,1387342800
288,1588,1387342800
144,349,1387429200
154,222,1387429200
1838,72,1387429200
1888,289,1387429200
222,154,1387429200
289,1888,1387429200
349,144,1387429200
46,1313,1387429200
72,1838,1387429200
72,830,1387429200
830,72,1387429200
95,154,1387429200
32,29,1387515600
5,53,1387515600
1519,191,1387602000
178,5,1387602000
191,1519,1387602000
245,26,1387602000
5,178,1387602000
173,3337,1387688400
32,40,1387688400
3337,173,1387688400
40,32,1387688400
13,659,1387774800
19,295,1387774800
249,220,1387774800
222,2402,1387861200
2402,222,1387861200
158,72,1388034000
19,335,1388034000
3340,496,1388034000
496,3340,1388034000
72,158,1388034000
2100,762,1388120400
292,72,1388120400
666,173,1388120400
666,7,1388120400
72,292,1388120400
762,2100,1388120400
8,128,1388120400
12,47,1388206800
158,49,1388206800
19,191,1388206800
19,650,1388206800
191,19,1388206800
207,83,1388206800
47,12,1388206800
49,123,1388206800
49,158,1388206800
650,19,1388206800
11,12,1388293200
191,5,1388293200
280,72,1388293200
308,376,1388293200
3337,412,1388293200
376,308,1388293200
412,173,1388293200
49,280,1388293200
650,72,1388293200
72,280,1388293200
72,650,1388293200
1,2402,1388379600
1,3339,1388379600
1,370,1388379600
19,72,1388379600
416,309,1388379600
72,19,1388379600
72,896,1388379600
896,72,1388379600
11,24,1388466000
12,376,1388466000
205,308,1388466000
308,205,1388466000
376,12,1388466000
416,48,1388466000
48,416,1388466000
58,93,1388466000
666,704,1388466000
704,666,1388466000
9,30,1388466000
93,58,1388466000
11,198,1388552400
1374,19,1388552400
158,650,1388552400
19,1374,1388552400
198,11,1388552400
292,11,1388552400
650,158,1388552400
105,830,1388638800
1863,34,1388638800
188,139,1388638800
235,897,1388638800
34,1863,1388638800
53,5,1388638800
830,105,1388638800
897,235,1388638800
151,2383,1388725200
151,3338,1388725200
151,839,1388725200
59,34,1388725200
6,306,1388725200
3337,245,1388811600
1,3341,1388898000
1032,280,1388898000
105,12,1388898000
105,704,1388898000
12,105,1388898000
144,1888,1388898000
238,5,1388898000
5,238,1388898000
704,105,1388898000
839,151,1388898000
95,1889,1388898000
105,154,1388984400
105,27,1388984400
154,105,1388984400
27,105,1388984400
280,1032,1388984400
309,416,1388984400
3341,1,1388984400
11,6,1389070800
12,216,1389070800
12,530,1389070800
12,882,1389070800
1374,6,1389070800
1541,6,1389070800
216,12,1389070800
33,362,1389070800
530,12,1389070800
73,3342,1389070800
8,51,1389070800
95,105,1389070800
95,205,1389070800
12,19,1389157200
1889,95,1389157200
19,12,1389157200
460,5,1389157200
5,460,1389157200
6,1374,1389157200
1,1589,1389243600
105,3,1389243600
213,888,1389243600
3,105,1389243600
526,87,1389243600
888,213,1389243600
888,261,1389243600
1889,2387,1389330000
1889,245,1389330000
205,24,1389330000
2387,1889,1389330000
245,1889,1389330000
308,34,1389330000
34,308,1389330000
3338,151,1389416400
105,63,1389502800
154,219,1389502800
219,154,1389502800
266,6,1389502800
5,92,1389502800
63,105,1389502800
92,5,1389502800
105,125,1389589200
105,292,1389589200
105,92,1389589200
1071,896,1389589200
123,391,1389589200
125,105,1389589200
173,51,1389589200
218,261,1389589200
292,105,1389589200
32,73,1389589200
391,123,1389589200
5,82,1389589200
51,173,1389589200
73,32,1389589200
896,1071,1389589200
92,105,1389589200
144,3262,1389675600
213,763,1389675600
30,757,1389675600
3343,82,1389675600
763,213,1389675600
82,3343,1389675600
1,1198,1389762000
105,289,1389762000
289,105,1389762000
3262,144,1389762000
102,103,1389848400
103,102,1389848400
1071,416,1389848400
416,1071,1389848400
432,637,1389848400
637,432,1389848400
87,157,1389848400
93,764,1389848400
173,362,1389934800
19,29,1389934800
290,490,1389934800
3329,1,1389934800
416,490,1389934800
490,290,1389934800
490,416,1389934800
826,12,1389934800
1071,1195,1390107600
1071,120,1390107600
1195,30,1390107600
120,1071,1390107600
128,34,1390107600
154,72,1390107600
3,72,1390107600
30,1195,1390107600
34,128,1390107600
48,72,1390107600
59,81,1390107600
72,154,1390107600
72,3,1390107600
72,48,1390107600
1198,34,1390194000
1589,30,1390194000
1589,58,1390194000
24,72,1390194000
30,1589,1390194000
34,1198,1390194000
34,24,1390194000
72,24,1390194000
72,935,1390194000
935,72,1390194000
105,11,1390280400
11,105,1390280400
1195,49,1390280400
144,1189,1390280400
164,199,1390280400
3347,72,1390280400
49,1195,1390280400
56,6,1390280400
72,3347,1390280400
3344,58,1390366800
88,3536,1390366800
1198,1,1390453200
1,146,1390539600
102,36,1390539600
19,32,1390539600
36,102,1390539600
3644,185,1390539600
87,1070,1390539600
87,64,1390539600
102,288,1390626000
105,362,1390626000
11,3345,1390626000
1198,49,1390626000
15,1891,1390626000
15,352,1390626000
206,87,1390626000
207,53,1390626000
2401,1,1390626000
29,19,1390626000
3345,11,1390626000
49,1198,1390626000
86,104,1390626000
86,15,1390626000
86,1891,1390626000
105,31,1390712400
105,315,1390712400
105,81,1390712400
250,362,1390712400
315,105,1390712400
3348,58,1390712400
5,288,1390712400
58,3348,1390712400
81,105,1390712400
207,29,1390798800
24,173,1390798800
32,19,1390798800
32,24,1390798800
1195,432,1390885200
146,1,1390885200
146,763,1390885200
432,1195,1390885200
58,280,1390885200
8,11,1390885200
87,1045,1390885200
1383,954,1390971600
205,95,1390971600
416,58,1390971600
416,72,1390971600
72,416,1390971600
763,146,1390971600
954,1383,1390971600
105,118,1391058000
118,105,1391058000
58,601,1391058000
693,42,1391058000
85,601,1391058000
1009,603,1391144400
105,32,1391144400
1383,1831,1391144400
1383,58,1391144400
164,16,1391144400
173,105,1391144400
173,245,1391144400
1831,1383,1391144400
218,1365,1391144400
32,105,1391144400
32,2365,1391144400
3346,73,1391144400
351,58,1391144400
416,898,1391144400
58,1383,1391144400
58,351,1391144400
601,85,1391144400
603,1009,1391144400
73,3346,1391144400
73,88,1391144400
898,416,1391144400
1045,87,1391230800
11,87,1391230800
15,279,1391230800
15,427,1391230800
218,1892,1391230800
64,114,1391230800
64,242,1391230800
64,87,1391230800
87,15,1391230800
87,171,1391230800
87,192,1391230800
1045,105,1391317200
105,1045,1391317200
105,164,1391317200
164,105,1391317200
1892,218,1391317200
58,1382,1391317200
1032,58,1391403600
154,34,1391403600
24,32,1391403600
27,58,1391403600
27,825,1391403600
280,49,1391403600
34,154,1391403600
58,1032,1391403600
58,888,1391403600
708,362,1391403600
825,27,1391403600
288,72,1391490000
704,82,1391490000
8,24,1391490000
82,704,1391490000
1,196,1391576400
196,1,1391576400
205,219,1391576400
219,238,1391576400
2365,32,1391576400
2369,288,1391576400
238,219,1391576400
288,2369,1391576400
288,3350,1391576400
3350,288,1391576400
5,125,1391576400
1882,19,1391662800
19,1882,1391662800
32,36,1391662800
412,58,1391662800
416,432,1391662800
432,416,1391662800
47,6,1391662800
58,412,1391662800
888,58,1391662800
1192,19,1391749200
158,695,1391749200
19,1192,1391749200
24,51,1391749200
42,601,1391749200
454,603,1391749200
51,24,1391749200
601,42,1391749200
603,454,1391749200
695,158,1391749200
1,416,1391835600
1,545,1391835600
11,32,1391835600
416,1,1391835600
81,58,1391835600
11,58,1391922000
111,207,1391922000
1198,81,1391922000
188,196,1391922000
196,188,1391922000
81,1198,1391922000
1382,1,1392008400
27,82,1392008400
82,27,1392008400
163,165,1392094800
163,416,1392094800
178,3613,1392094800
196,2287,1392094800
2287,196,1392094800
269,196,1392094800
269,3129,1392094800
269,325,1392094800
269,369,1392094800
269,60,1392094800
269,824,1392094800
416,163,1392094800
72,222,1392094800
3613,178,1392094800
207,11,1392181200
637,58,1392181200
173,24,1392267600
173,32,1392267600
290,3,1392267600
3,207,1392267600
3,290,1392267600
3,87,1392267600
32,173,1392267600
87,3,1392267600
120,3,1392354000
207,111,1392354000
3,120,1392354000
33,58,1392354000
58,33,1392354000
3490,104,1392354000
762,58,1392354000
5,191,1392440400
824,241,1392440400
1024,762,1392526800
1580,1,1392526800
291,5,1392526800
5,291,1392526800
58,637,1392526800
762,1024,1392526800
762,11,1392526800
87,291,1392526800
1199,603,1392613200
19,398,1392613200
288,58,1392613200
398,19,1392613200
603,1199,1392613200
1867,58,1392699600
207,3,1392699600
222,351,1392699600
34,416,1392699600
351,222,1392699600
416,34,1392699600
58,1867,1392699600
603,3613,1392699600
3613,603,1392699600
103,695,1392786000
11,207,1392786000
11,29,1392786000
11,762,1392786000
11,82,1392786000
308,24,1392786000
34,11,1392786000
42,58,1392786000
58,42,1392786000
695,103,1392786000
7,3351,1392786000
82,11,1392786000
1199,417,1392872400
1588,762,1392872400
222,29,1392872400
29,222,1392872400
3288,762,1392872400
376,398,1392872400
398,376,1392872400
398,416,1392872400
416,398,1392872400
49,11,1392872400
526,29,1392872400
762,1588,1392872400
762,3288,1392872400
899,63,1392872400
1382,58,1392958800
1691,1384,1392958800
2405,4,1392958800
2407,348,1392958800
2407,787,1392958800
310,58,1392958800
3356,4,1392958800
348,2407,1392958800
348,787,1392958800
4,2405,1392958800
787,2407,1392958800
787,348,1392958800
1380,2,1393045200
2,1380,1393045200
2,2404,1393045200
291,87,1393045200
398,720,1393045200
4,3356,1393045200
64,155,1393045200
647,206,1393045200
720,398,1393045200
19,2,1393131600
192,824,1393131600
192,87,1393131600
2,19,1393131600
222,2,1393131600
2404,2,1393131600
2405,292,1393131600
2405,761,1393131600
245,173,1393131600
761,2405,1393131600
188,113,1393218000
2,22,1393218000
2,242,1393218000
22,2,1393218000
242,2,1393218000
58,545,1393218000
104,3353,1393304400
104,832,1393304400
2403,58,1393304400
398,3359,1393304400
3613,3636,1393304400
118,82,1393390800
173,88,1393390800
205,58,1393390800
32,245,1393390800
3359,398,1393390800
58,205,1393390800
58,2403,1393390800
647,165,1393390800
647,2,1393390800
3623,3613,1393390800
82,118,1393390800
88,318,1393390800
111,120,1393477200
120,111,1393477200
3358,762,1393477200
398,118,1393477200
5,58,1393477200
58,647,1393477200
58,81,1393477200
762,3358,1393477200
9,111,1393477200
120,762,1393563600
163,32,1393563600
245,32,1393563600
32,163,1393563600
762,120,1393563600
1561,157,1393736400
157,1561,1393736400
164,19,1393736400
3361,58,1393736400
58,3361,1393736400
603,5,1393736400
3578,762,1393736400
762,3578,1393736400
114,70,1393822800
58,111,1393822800
58,830,1393822800
830,58,1393822800
3352,58,1393909200
34,3362,1393909200
34,58,1393909200
58,3352,1393909200
104,1351,1393995600
104,15,1393995600
104,269,1393995600
58,34,1393995600
118,72,1394168400
13,435,1394168400
1496,1,1394168400
173,398,1394168400
2090,2081,1394168400
2090,3363,1394168400
245,88,1394168400
398,173,1394168400
72,118,1394168400
11,398,1394254800
58,158,1394254800
398,11,1394341200
398,706,1394341200
58,3344,1394341200
706,398,1394341200
1379,398,1394424000
2,38,1394424000
38,2,1394424000
398,1379,1394424000
398,49,1394424000
49,398,1394424000
103,398,1394510400
163,398,1394510400
207,398,1394510400
398,103,1394510400
398,163,1394510400
398,207,1394510400
88,15,1394510400
164,269,1394596800
246,418,1394596800
246,58,1394596800
269,164,1394596800
418,246,1394596800
418,307,1394596800
647,58,1394596800
160,1,1394683200
160,18,1394683200
160,57,1394683200
173,207,1394683200
6,1157,1394683200
8,105,1394683200
164,58,1394769600
58,164,1394769600
26,32,1394856000
398,899,1394856000
49,310,1394856000
19,34,1394942400
19,647,1394942400
207,173,1394942400
34,19,1394942400
34,29,1394942400
1157,6,1395028800
163,82,1395115200
307,418,1395115200
417,1199,1395115200
58,704,1395115200
704,58,1395115200
82,163,1395115200
191,32,1395201600
2373,85,1395201600
32,191,1395201600
34,398,1395201600
398,34,1395201600
417,901,1395201600
58,1893,1395201600
58,246,1395201600
85,2373,1395201600
1,1580,1395288000
1,3349,1395288000
191,59,1395288000
218,763,1395288000
59,191,1395288000
763,218,1395288000
191,58,1395374400
34,88,1395374400
496,12,1395374400
58,191,1395374400
58,416,1395374400
88,34,1395374400
58,32,1395460800
19,3364,1395547200
191,87,1395547200
191,95,1395547200
307,58,1395547200
32,58,1395547200
58,222,1395547200
58,307,1395547200
95,191,1395547200
3360,82,1395633600
708,19,1395633600
8,2408,1395633600
82,3360,1395633600
126,2331,1395720000
15,530,1395720000
120,362,1395806400
34,158,1395806400
58,73,1395806400
3481,2396,1395806400
104,87,1395892800
158,34,1395892800
158,58,1395892800
1893,58,1395892800
24,19,1395892800
24,34,1395892800
279,114,1395892800
3353,104,1395892800
3649,82,1395892800
832,104,1395892800
87,126,1395892800
104,35,1395979200
19,1199,1395979200
3,19,1395979200
900,281,1395979200
35,104,1396065600
35,114,1396065600
708,34,1396065600
1199,19,1396152000
125,299,1396152000
15,233,1396152000
299,125,1396152000
2398,3183,1396238400
15,2828,1396411200
165,647,1396411200
1867,1,1396411200
2409,376,1396411200
288,34,1396411200
34,288,1396411200
376,2409,1396411200
85,2408,1396411200
1,709,1396497600
118,58,1396497600
12,3366,1396497600
1582,417,1396497600
207,34,1396497600
3366,12,1396497600
34,207,1396497600
417,1582,1396497600
417,58,1396497600
58,118,1396497600
704,96,1396497600
709,1,1396497600
96,704,1396497600
154,43,1396584000
398,85,1396584000
824,761,1396584000
85,34,1396584000
85,398,1396584000
12,321,1396670400
19,3649,1396670400
26,7,1396670400
321,12,1396670400
43,154,1396670400
7,26,1396670400
3649,19,1396670400
761,824,1396670400
125,191,1396756800
125,43,1396756800
3,396,1396756800
34,983,1396756800
43,125,1396756800
983,34,1396756800
1,1024,1396843200
1024,1,1396843200
12,3354,1396843200
12,983,1396843200
126,2673,1396843200
1370,173,1396843200
173,1370,1396843200
983,12,1396843200
125,173,1396929600
173,125,1396929600
173,376,1396929600
2,164,1396929600
376,173,1396929600
6,3365,1396929600
103,27,1397016000
26,85,1397016000
27,103,1397016000
280,29,1397016000
3354,12,1397016000
85,3536,1397016000
12,125,1397102400
253,666,1397102400
396,3,1397102400
666,253,1397102400
824,196,1397102400
24,94,1397188800
35,94,1397188800
429,53,1397188800
53,429,1397188800
7,34,1397188800
87,96,1397188800
94,104,1397188800
94,114,1397188800
94,126,1397188800
94,15,1397188800
94,164,1397188800
94,1891,1397188800
94,192,1397188800
94,279,1397188800
94,281,1397188800
94,35,1397188800
94,352,1397188800
94,375,1397188800
94,64,1397188800
94,86,1397188800
94,900,1397188800
94,98,1397188800
96,87,1397188800
114,1385,1397275200
114,1879,1397275200
118,158,1397275200
126,41,1397275200
126,94,1397275200
15,1385,1397275200
15,94,1397275200
158,118,1397275200
35,1385,1397275200
375,94,1397275200
3491,15,1397275200
832,94,1397275200
86,35,1397275200
104,984,1397361600
114,104,1397361600
114,126,1397361600
114,15,1397361600
114,164,1397361600
114,279,1397361600
114,281,1397361600
114,30,1397361600
114,35,1397361600
114,832,1397361600
114,98,1397361600
1386,376,1397361600
375,15,1397361600
375,35,1397361600
64,1200,1397361600
900,15,1397361600
900,35,1397361600
1386,15,1397448000
154,12,1397448000
19,292,1397448000
259,1,1397448000
279,64,1397448000
279,70,1397448000
376,114,1397448000
5,96,1397448000
96,5,1397448000
15,1387,1397534400
34,43,1397534400
35,491,1397534400
43,34,1397534400
114,897,1397620800
126,1554,1397620800
1554,114,1397620800
1554,126,1397620800
2293,3,1397620800
281,900,1397620800
43,134,1397620800
498,15,1397620800
64,1554,1397620800
96,984,1397620800
984,96,1397620800
104,709,1397707200
118,292,1397707200
1387,96,1397707200
2336,157,1397707200
292,118,1397707200
709,104,1397707200
87,7,1397707200
88,95,1397707200
95,2336,1397707200
96,114,1397707200
157,2336,1397793600
2,43,1397793600
43,2,1397793600
13,3370,1397880000
1893,826,1397880000
19,402,1397880000
34,429,1397880000
34,92,1397880000
402,19,1397880000
429,34,1397880000
6,826,1397880000
826,1893,1397880000
826,6,1397880000
92,34,1397880000
96,2411,1397880000
12,154,1397966400
125,826,1397966400
2412,96,1397966400
376,824,1397966400
824,376,1397966400
826,125,1397966400
96,2412,1397966400
125,321,1398052800
15,1070,1398052800
15,269,1398052800
15,64,1398052800
2336,86,1398052800
321,125,1398052800
86,126,1398052800
103,118,1398139200
118,103,1398139200
126,1593,1398139200
126,192,1398139200
126,269,1398139200
126,35,1398139200
126,625,1398139200
126,64,1398139200
126,86,1398139200
126,91,1398139200
1593,126,1398139200
192,126,1398139200
192,269,1398139200
192,64,1398139200
192,86,1398139200
269,1070,1398139200
269,126,1398139200
269,15,1398139200
269,192,1398139200
269,35,1398139200
269,64,1398139200
269,86,1398139200
352,15,1398139200
64,126,1398139200
64,15,1398139200
64,192,1398139200
64,269,1398139200
64,35,1398139200
64,86,1398139200
832,114,1398139200
832,15,1398139200
832,269,1398139200
832,35,1398139200
832,86,1398139200
86,192,1398139200
86,64,1398139200
96,269,1398139200
125,429,1398225600
126,15,1398225600
321,708,1398225600
429,125,1398225600
708,321,1398225600
8,2,1398225600
1,3367,1398312000
104,233,1398312000
114,233,1398312000
125,345,1398312000
126,1700,1398312000
126,2,1398312000
126,233,1398312000
126,512,1398312000
126,54,1398312000
1895,96,1398312000
192,171,1398312000
192,233,1398312000
2,126,1398312000
233,126,1398312000
233,192,1398312000
233,35,1398312000
233,64,1398312000
233,86,1398312000
2336,233,1398312000
269,233,1398312000
345,125,1398312000
35,126,1398312000
35,192,1398312000
35,233,1398312000
35,64,1398312000
35,86,1398312000
8,19,1398312000
824,233,1398312000
824,374,1398312000
86,1593,1398312000
86,233,1398312000
900,233,1398312000
96,1895,1398312000
114,3372,1398398400
126,155,1398398400
126,3371,1398398400
3372,114,1398398400
3372,15,1398398400
3372,233,1398398400
376,96,1398398400
96,376,1398398400
96,499,1398398400
2336,281,1398571200
2336,98,1398571200
345,7,1398571200
7,345,1398571200
3536,321,1398571200
173,7,1398657600
2361,2412,1398657600
7,95,1398657600
3536,2408,1398657600
824,3521,1398657600
95,7,1398657600
114,1896,1398744000
120,34,1398744000
144,3369,1398744000
173,2,1398744000
173,3536,1398744000
1879,761,1398744000
321,19,1398744000
321,3536,1398744000
34,120,1398744000
8,1896,1398744000
1592,2361,1398830400
2293,3369,1398830400
2336,22,1398830400
53,73,1398830400
647,19,1398830400
73,53,1398830400
118,1592,1398916800
1594,114,1398916800
24,708,1398916800
376,64,1398916800
104,376,1399003200
15,900,1399003200
1592,454,1399003200
454,1592,1399003200
824,3376,1399003200
1278,434,1399089600
2414,34,1399089600
279,269,1399089600
34,1861,1399089600
34,2414,1399089600
434,1278,1399089600
3492,104,1399089600
3492,114,1399089600
3492,2336,1399089600
3492,2411,1399089600
3492,269,1399089600
3492,35,1399089600
3492,85,1399089600
3492,86,1399089600
3492,96,1399089600
832,96,1399089600
1,3375,1399176000
126,168,1399176000
1772,432,1399176000
2028,28,1399176000
2336,15,1399176000
2336,3,1399176000
2336,35,1399176000
2336,64,1399176000
2336,94,1399176000
3375,1,1399176000
3378,7,1399176000
432,1772,1399176000
7,3378,1399176000
7,96,1399176000
191,22,1399262400
192,98,1399262400
22,191,1399262400
22,73,1399262400
2336,2,1399262400
2336,27,1399262400
291,34,1399262400
32,26,1399262400
34,291,1399262400
64,520,1399262400
709,833,1399262400
73,22,1399262400
824,192,1399262400
833,709,1399262400
900,98,1399262400
1368,2,1399348800
269,98,1399348800
27,706,1399348800
279,824,1399348800
706,27,1399348800
88,29,1399348800
1368,13,1399435200
1594,351,1399435200
351,1594,1399435200
351,1924,1399435200
73,85,1399435200
85,73,1399435200
104,48,1399521600
1201,1586,1399521600
1586,1201,1399521600
192,352,1399521600
123,34,1399608000
136,34,1399608000
19,9,1399608000
34,123,1399608000
34,136,1399608000
104,27,1399694400
104,49,1399694400
27,104,1399694400
3379,96,1399694400
49,104,1399694400
96,3379,1399694400
53,85,1399780800
1,118,1399867200
19,88,1399867200
281,2336,1399867200
281,96,1399867200
351,96,1399867200
96,281,1399867200
96,351,1399867200
144,390,1399953600
192,2415,1399953600
2415,114,1399953600
390,144,1399953600
1,96,1400040000
144,1691,1400040000
144,235,1400040000
1691,144,1400040000
222,3380,1400040000
235,144,1400040000
235,1691,1400040000
3380,222,1400040000
1065,95,1400126400
136,158,1400126400
136,2406,1400126400
158,136,1400126400
2406,136,1400126400
7,30,1400126400
95,1065,1400126400
96,30,1400126400
120,1368,1400212800
1368,120,1400212800
1368,245,1400212800
173,26,1400212800
462,144,1400212800
499,15,1400212800
2336,7,1400385600
245,1368,1400472000
292,321,1400472000
173,30,1400558400
173,363,1400558400
30,173,1400558400
363,173,1400558400
96,126,1400558400
144,386,1400644800
321,528,1400644800
386,144,1400644800
528,321,1400644800
8,528,1400644800
118,603,1400731200
126,3381,1400731200
22,2336,1400731200
31,6,1400731200
3381,126,1400731200
6,31,1400731200
603,118,1400731200
118,222,1400817600
1382,603,1400817600
173,1841,1400817600
222,118,1400817600
222,72,1400817600
3383,114,1400817600
375,96,1400817600
603,1382,1400817600
824,3383,1400817600
96,375,1400817600
2361,7,1400904000
7,2361,1400904000
12,157,1401076800
15,1895,1401076800
157,12,1401076800
158,82,1401076800
19,3373,1401076800
250,96,1401076800
352,1895,1401076800
5,158,1401076800
824,126,1401076800
824,164,1401076800
824,171,1401076800
824,3240,1401076800
824,87,1401076800
824,96,1401076800
96,15,1401076800
96,250,1401076800
96,824,1401076800
96,94,1401076800
95,38,1401163200
1064,7,1401249600
12,1210,1401249600
120,46,1401249600
1210,12,1401249600
191,345,1401249600
363,432,1401249600
432,363,1401249600
3492,15,1401249600
104,12,1401336000
1064,12,1401336000
12,1064,1401336000
12,104,1401422400
173,191,1401422400
191,3384,1401422400
30,19,1401422400
3384,191,1401422400
376,3128,1401422400
103,73,1401508800
104,1879,1401508800
115,118,1401508800
118,115,1401508800
120,454,1401508800
19,96,1401508800
191,85,1401508800
3384,145,1401508800
454,120,1401508800
73,103,1401508800
85,191,1401508800
96,19,1401508800
144,1561,1401595200
31,96,1401595200
3384,1200,1401595200
96,31,1401595200
1561,144,1401681600
104,192,1401768000
104,86,1401768000
12,123,1401768000
123,12,1401768000
1370,19,1401768000
173,43,1401768000
19,1370,1401768000
19,73,1401768000
2336,3372,1401768000
2336,352,1401768000
526,73,1401768000
73,19,1401768000
73,526,1401768000
36,222,1401854400
528,73,1401854400
73,528,1401854400
96,95,1401854400
2,647,1401940800
647,188,1401940800
3595,321,1401940800
85,647,1401940800
120,603,1402027200
149,1072,1402027200
179,30,1402027200
222,238,1402027200
238,222,1402027200
238,250,1402027200
250,238,1402027200
603,120,1402027200
111,30,1402113600
15,2633,1402113600
363,399,1402113600
399,363,1402113600
96,111,1402113600
96,2416,1402113600
1,1072,1402200000
1,1353,1402200000
1072,1,1402200000
1072,12,1402200000
1072,149,1402200000
118,85,1402200000
12,1072,1402200000
1353,1,1402200000
1353,141,1402200000
141,1353,1402200000
173,222,1402200000
222,173,1402200000
363,377,1402200000
377,363,1402200000
377,399,1402200000
399,377,1402200000
53,245,1402200000
64,2416,1402200000
85,118,1402200000
85,399,1402200000
118,765,1402286400
173,21,1402286400
53,3464,1402286400
70,15,1402286400
706,765,1402286400
765,706,1402286400
10,222,1402372800
1147,1,1402372800
12,73,1402372800
141,173,1402372800
222,10,1402372800
222,36,1402372800
374,186,1402372800
73,12,1402372800
222,82,1402459200
82,222,1402459200
114,2413,1402545600
1147,35,1402545600
12,245,1402545600
6,47,1402545600
3595,82,1402545600
88,1201,1402545600
88,173,1402545600
1,1147,1402632000
1,377,1402632000
15,2417,1402632000
163,47,1402632000
173,141,1402632000
1890,222,1402632000
192,104,1402632000
192,2417,1402632000
222,1890,1402632000
2417,104,1402632000
2417,126,1402632000
2417,15,1402632000
2417,192,1402632000
2417,64,1402632000
2417,824,1402632000
2417,86,1402632000
2417,87,1402632000
348,2,1402632000
73,222,1402632000
761,1897,1402632000
118,27,1402718400
1897,761,1402718400
27,118,1402718400
5,47,1402718400
86,832,1402718400
96,2,1402718400
179,2,1402804800
179,348,1402804800
186,15,1402804800
186,230,1402804800
186,281,1402804800
19,250,1402804800
250,19,1402804800
348,179,1402804800
12,163,1402891200
12,757,1402891200
12,92,1402891200
15,186,1402891200
163,12,1402891200
180,15,1402891200
180,281,1402891200
374,15,1402891200
374,180,1402891200
757,12,1402891200
82,158,1402891200
92,12,1402891200
118,12,1402977600
198,5,1402977600
5,198,1402977600
104,375,1403064000
1386,375,1403064000
15,96,1403064000
2369,58,1403064000
35,375,1403064000
110,2419,1403150400
222,2418,1403150400
2418,222,1403150400
3670,82,1403150400
86,766,1403150400
192,766,1403236800
222,321,1403236800
58,120,1403236800
58,2419,1403236800
58,310,1403236800
15,558,1403323200
186,558,1403323200
19,22,1403323200
22,19,1403323200
58,53,1403323200
86,1200,1403323200
114,558,1403409600
1570,196,1403409600
279,101,1403409600
375,104,1403409600
58,634,1403409600
58,82,1403409600
766,114,1403409600
375,53,1403496000
53,375,1403496000
58,29,1403496000
58,47,1403496000
58,59,1403496000
58,95,1403496000
832,2420,1403496000
984,15,1403496000
110,959,1403582400
120,73,1403582400
141,2406,1403582400
15,192,1403582400
192,558,1403582400
2406,141,1403582400
2418,27,1403582400
250,5,1403582400
27,2418,1403582400
5,250,1403582400
551,708,1403582400
58,88,1403582400
708,551,1403582400
73,120,1403582400
959,110,1403582400
141,111,1403668800
2421,127,1403668800
376,464,1403668800
464,376,1403668800
58,31,1403668800
1,3385,1403755200
12,651,1403755200
120,222,1403755200
120,464,1403755200
222,120,1403755200
35,558,1403755200
464,120,1403755200
464,95,1403755200
58,19,1403755200
58,26,1403755200
58,3,1403755200
651,12,1403755200
163,73,1403841600
222,898,1403841600
281,180,1403841600
281,558,1403841600
281,64,1403841600
58,163,1403841600
58,286,1403841600
58,83,1403841600
64,281,1403841600
73,163,1403841600
824,104,1403841600
898,222,1403841600
12,1127,1403928000
12,97,1403928000
222,391,1403928000
391,222,1403928000
104,900,1404014400
19,15,1404014400
19,97,1404014400
375,900,1404014400
900,104,1404014400
900,375,1404014400
97,19,1404014400
1127,12,1404100800
12,288,1404100800
12,898,1404100800
1389,3388,1404100800
141,321,1404100800
1586,163,1404100800
1586,528,1404100800
19,245,1404100800
2336,164,1404100800
2380,245,1404100800
2380,95,1404100800
245,19,1404100800
245,2380,1404100800
245,95,1404100800
321,141,1404100800
374,378,1404100800
375,603,1404100800
528,1586,1404100800
528,163,1404100800
603,375,1404100800
898,12,1404100800
96,832,1404100800
104,378,1404187200
1072,2336,1404187200
120,351,1404187200
3388,1389,1404187200
351,120,1404187200
3642,111,1404187200
3642,145,1404187200
3642,351,1404187200
141,53,1404273600
163,58,1404273600
269,2,1404273600
269,900,1404273600
3387,96,1404273600
58,13,1404273600
58,96,1404273600
3642,321,1404273600
82,980,1404273600
900,269,1404273600
96,3387,1404273600
980,82,1404273600
915,1407,1404360000
15,3494,1404532800
3642,53,1404532800
495,144,1404619200
63,1784,1404619200
3642,139,1404619200
3642,165,1404619200
12,1784,1404705600
12,291,1404705600
144,495,1404705600
144,758,1404705600
158,3386,1404705600
163,59,1404705600
163,96,1404705600
1784,12,1404705600
1784,63,1404705600
19,321,1404705600
281,1386,1404705600
291,12,1404705600
321,222,1404705600
3386,158,1404705600
59,163,1404705600
8,120,1404705600
96,163,1404705600
141,288,1404792000
15,281,1404792000
1582,58,1404792000
281,15,1404792000
288,141,1404792000
464,1898,1404792000
5,85,1404792000
58,1582,1404792000
58,417,1404792000
85,5,1404792000
114,1594,1404878400
1518,830,1404878400
32,34,1404878400
34,141,1404878400
1881,1,1404964800
114,192,1405051200
120,1201,1405051200
141,34,1405051200
1519,286,1405051200
1895,3390,1405051200
286,1519,1405051200
286,170,1405051200
58,5,1405051200
58,87,1405051200
3670,27,1405051200
10,58,1405137600
58,10,1405137600
1586,222,1405224000
222,1586,1405224000
141,92,1405310400
27,280,1405310400
280,12,1405310400
280,27,1405310400
464,53,1405310400
8,118,1405310400
92,141,1405310400
15,358,1405396800
27,34,1405396800
34,27,1405396800
464,497,1405396800
497,464,1405396800
526,3670,1405396800
3670,526,1405396800
1199,459,1405483200
2380,111,1405483200
2380,53,1405483200
528,5,1405483200
3670,5,1405483200
830,2336,1405483200
1127,27,1405569600
141,3389,1405569600
19,53,1405569600
2336,104,1405569600
245,120,1405569600
27,1127,1405569600
3389,141,1405569600
8,174,1405569600
1065,1,1405656000
2380,321,1405656000
321,2380,1405656000
120,245,1405742400
2336,3391,1405742400
3391,2336,1405742400
58,762,1405742400
1535,5,1405828800
222,5,1405828800
286,706,1405828800
5,1535,1405828800
58,125,1405828800
706,286,1405828800
95,464,1405828800
27,222,1405915200
58,27,1405915200
824,180,1405915200
824,230,1405915200
104,2336,1406001600
192,832,1406001600
222,3670,1406001600
3493,5,1406001600
3670,222,1406001600
1379,96,1406088000
902,1388,1406088000
96,1379,1406088000
97,12,1406088000
103,141,1406174400
110,53,1406174400
1370,141,1406174400
141,103,1406174400
141,1370,1406174400
495,349,1406174400
53,19,1406174400
58,141,1406174400
58,3392,1406174400
141,751,1406260800
751,141,1406260800
3670,141,1406260800
3670,286,1406260800
110,19,1406347200
19,110,1406347200
222,27,1406347200
86,3393,1406433600
141,602,1406520000
141,82,1406520000
27,321,1406520000
321,27,1406520000
3392,1,1406520000
3392,141,1406520000
3392,58,1406520000
902,2336,1406520000
114,3374,1406606400
1188,984,1406606400
15,2336,1406606400
2344,291,1406606400
281,2,1406606400
291,2344,1406606400
375,2336,1406606400
43,1899,1406606400
53,417,1406606400
58,85,1406606400
8,288,1406606400
984,1188,1406606400
12,1586,1406692800
123,260,1406692800
174,3670,1406692800
260,123,1406692800
286,753,1406692800
288,95,1406692800
417,53,1406692800
417,82,1406779200
58,2336,1406779200
3670,58,1406779200
82,3595,1406779200
85,58,1406779200
19,288,1406865600
288,19,1406865600
371,24,1406865600
82,288,1406865600
158,5,1406952000
111,49,1407038400
114,1202,1407038400
49,111,1407038400
82,19,1407038400
110,417,1407124800
1180,141,1407124800
1180,85,1407124800
141,1180,1407124800
24,371,1407124800
279,352,1407124800
417,110,1407124800
104,114,1407211200
114,86,1407211200
141,2325,1407211200
141,85,1407211200
192,15,1407211200
192,281,1407211200
192,35,1407211200
2325,141,1407211200
2325,708,1407211200
708,2325,1407211200
85,1180,1407211200
85,141,1407211200
31,5,1407297600
31,7,1407297600
330,396,1407297600
120,141,1407384000
141,120,1407384000
141,19,1407384000
141,292,1407384000
19,141,1407384000
292,141,1407384000
351,432,1407384000
432,351,1407384000
95,245,1407384000
36,5,1407470400
58,321,1407470400
3496,1,1407470400
8,2344,1407470400
104,279,1407556800
19,82,1407556800
58,2,1407556800
58,206,1407556800
3602,3670,1407556800
3670,3602,1407556800
95,11,1407556800
98,192,1407556800
98,281,1407556800
98,35,1407556800
98,86,1407556800
98,900,1407556800
110,5,1407643200
141,110,1407643200
141,5,1407643200
378,104,1407643200
378,15,1407643200
378,281,1407643200
520,417,1407643200
58,30,1407643200
58,43,1407643200
110,141,1407729600
12,44,1407729600
12,751,1407729600
141,93,1407729600
163,5,1407729600
321,82,1407729600
3357,587,1407729600
375,1390,1407729600
5,59,1407729600
58,15,1407729600
587,3357,1407729600
59,5,1407729600
6,19,1407729600
751,12,1407729600
93,141,1407729600
15,376,1407816000
164,2,1407816000
173,58,1407816000
19,6,1407816000
245,12,1407816000
376,15,1407816000
58,165,1407816000
58,173,1407816000
58,349,1407816000
82,825,1407816000
825,82,1407816000
94,376,1407816000
94,558,1407816000
94,96,1407816000
120,163,1407902400
15,651,1407902400
163,120,1407902400
338,3624,1407902400
58,245,1407902400
651,15,1407902400
3602,338,1407902400
3624,338,1407902400
154,58,1407988800
2336,95,1407988800
338,3614,1407988800
338,3615,1407988800
58,154,1407988800
3614,338,1407988800
3615,338,1407988800
98,352,1407988800
1894,15,1408075200
292,58,1408075200
491,15,1408075200
491,220,1408075200
491,392,1408075200
58,292,1408075200
1180,7,1408161600
3372,86,1408161600
412,417,1408161600
417,412,1408161600
3586,2336,1408161600
82,5,1408161600
824,33,1408161600
824,74,1408161600
824,832,1408161600
824,99,1408161600
953,98,1408161600
98,953,1408161600
1278,288,1408248000
491,1388,1408248000
491,53,1408248000
3497,1388,1408248000
103,85,1408334400
2336,498,1408334400
36,58,1408334400
58,36,1408334400
85,103,1408334400
98,279,1408334400
118,238,1408420800
164,82,1408420800
19,302,1408420800
19,708,1408420800
238,118,1408420800
279,1595,1408420800
3394,3670,1408420800
371,417,1408420800
3670,3394,1408420800
82,164,1408420800
118,528,1408507200
279,1203,1408507200
279,96,1408507200
288,1278,1408507200
491,94,1408507200
5,36,1408507200
528,118,1408507200
58,194,1408507200
3555,3670,1408507200
6,36,1408593600
86,3395,1408593600
2369,3670,1408680000
259,896,1408680000
375,43,1408680000
376,93,1408680000
43,375,1408680000
491,203,1408680000
491,29,1408680000
491,684,1408680000
528,3670,1408680000
58,2369,1408680000
3495,1204,1408680000
3670,2369,1408680000
3670,528,1408680000
85,2369,1408680000
86,1204,1408680000
93,376,1408680000
194,58,1408766400
349,5,1408766400
36,6,1408766400
1,1573,1408939200
141,614,1408939200
1573,1,1408939200
245,6,1408939200
320,58,1408939200
351,1893,1408939200
58,751,1408939200
614,141,1408939200
118,375,1409025600
125,3396,1409025600
1879,3397,1409025600
1893,351,1409025600
3396,125,1409025600
375,118,1409025600
104,497,1409112000
1178,497,1409112000
1386,2,1409112000
1386,281,1409112000
1386,35,1409112000
1386,3531,1409112000
295,497,1409112000
30,47,1409112000
376,245,1409112000
417,520,1409112000
491,1351,1409112000
491,1622,1409112000
497,295,1409112000
497,7,1409112000
7,497,1409112000
118,141,1409198400
1386,1387,1409198400
1387,1386,1409198400
141,118,1409198400
19,497,1409198400
651,984,1409198400
98,87,1409198400
136,528,1409284800
364,180,1409284800
364,186,1409284800
364,374,1409284800
364,559,1409284800
364,698,1409284800
374,364,1409284800
374,559,1409284800
528,136,1409284800
559,374,1409284800
604,375,1409284800
604,834,1409284800
824,375,1409284800
834,604,1409284800
1,351,1409371200
103,125,1409371200
111,141,1409371200
125,103,1409371200
281,114,1409371200
364,465,1409371200
465,364,1409371200
465,374,1409371200
465,559,1409371200
559,364,1409371200
559,465,1409371200
96,7,1409371200
1009,125,1409457600
125,1009,1409457600
125,49,1409457600
2,165,1409457600
49,125,1409457600
164,375,1409544000
19,30,1409544000
374,560,1409544000
375,164,1409544000
375,58,1409544000
375,604,1409544000
465,560,1409544000
559,560,1409544000
651,2423,1409716800
12,375,1409803200
375,651,1409803200
92,58,1409803200
190,1391,1409889600
190,7,1409889600
375,12,1409889600
375,3399,1409889600
73,82,1409889600
82,73,1409889600
127,1591,1409976000
2336,96,1409976000
269,114,1409976000
8,36,1409976000
96,2336,1409976000
1900,291,1410062400
291,1900,1410062400
291,58,1410062400
432,604,1410062400
58,291,1410062400
58,7,1410062400
604,432,1410062400
751,58,1410062400
141,49,1410148800
49,141,1410148800
58,375,1410148800
96,1,1410148800
190,2424,1410235200
280,58,1410235200
651,1596,1410235200
1895,3401,1410321600
417,7,1410321600
7,417,1410321600
8,3400,1410321600
125,5,1410408000
6,458,1410408000
145,19,1410494400
19,145,1410494400
1900,58,1410494400
58,1900,1410494400
104,1596,1410580800
15,1596,1410580800
465,652,1410580800
58,320,1410580800
652,465,1410580800
88,125,1410580800
111,33,1410667200
125,88,1410667200
33,111,1410667200
43,95,1410667200
647,2425,1410667200
88,245,1410667200
95,43,1410667200
12,164,1410753600
164,12,1410753600
190,903,1410753600
2293,64,1410753600
64,2293,1410753600
3587,141,1410753600
118,125,1410840000
125,118,1410840000
125,526,1410840000
125,85,1410840000
292,526,1410840000
349,495,1410840000
526,125,1410840000
526,292,1410840000
614,647,1410840000
647,614,1410840000
85,125,1410840000
85,31,1410840000
85,95,1410840000
1596,104,1410926400
1596,1425,1410926400
1596,15,1410926400
1596,651,1410926400
163,19,1410926400
3403,95,1410926400
6,185,1410926400
95,3403,1410926400
103,12,1411012800
104,1388,1411012800
12,103,1411012800
125,82,1411012800
186,104,1411012800
186,364,1411012800
186,378,1411012800
3498,881,1411012800
82,125,1411012800
125,376,1411099200
1895,15,1411099200
1895,352,1411099200
36,375,1411099200
36,82,1411099200
375,36,1411099200
376,125,1411099200
43,7,1411099200
82,36,1411099200
900,164,1411099200
163,375,1411272000
464,985,1411272000
985,464,1411272000
15,1205,1411358400
164,279,1411358400
1900,1,1411358400
3369,1205,1411358400
375,163,1411358400
651,1205,1411358400
118,19,1411444800
19,118,1411444800
559,652,1411444800
103,163,1411531200
163,103,1411531200
3494,15,1411531200
125,484,1411617600
13,417,1411617600
1586,12,1411617600
484,125,1411617600
95,47,1411617600
1,1900,1411704000
1,1901,1411790400
1009,44,1411790400
104,94,1411790400
1901,1,1411790400
44,1009,1411790400
44,82,1411790400
82,417,1411790400
82,44,1411790400
114,3383,1411876800
2305,1,1411876800
3404,96,1411876800
82,321,1411876800
96,3404,1411876800
15,2293,1411963200
2,1,1411963200
2,145,1411963200
458,6,1411963200
49,526,1411963200
526,49,1411963200
1009,3405,1412049600
3405,1009,1412049600
7,2,1412049600
111,417,1412136000
245,1890,1412136000
245,708,1412136000
417,111,1412136000
708,1890,1412136000
708,245,1412136000
458,141,1412222400
104,498,1412308800
141,458,1412308800
43,82,1412308800
498,104,1412308800
651,104,1412308800
82,43,1412308800
118,32,1412481600
32,118,1412481600
1821,127,1412568000
1821,434,1412568000
2336,218,1412568000
1,1520,1412654400
114,2336,1412654400
141,96,1412654400
180,186,1412654400
180,230,1412654400
180,2336,1412654400
180,374,1412654400
180,378,1412654400
180,400,1412654400
186,180,1412654400
186,374,1412654400
186,400,1412654400
230,180,1412654400
230,186,1412654400
400,180,1412654400
400,186,1412654400
400,230,1412654400
400,378,1412654400
58,1,1412654400
96,141,1412654400
103,249,1412740800
2336,279,1412740800
249,103,1412740800
249,36,1412740800
36,249,1412740800
15,3407,1412827200
125,12,1412913600
125,238,1412913600
238,125,1412913600
24,22,1412913600
3364,19,1412913600
558,15,1412913600
125,3408,1413000000
3408,125,1413000000
49,82,1413086400
82,49,1413086400
374,400,1413172800
526,110,1413172800
1387,164,1413259200
192,498,1413259200
2293,104,1413259200
2293,15,1413259200
2293,498,1413259200
288,290,1413259200
290,288,1413259200
375,498,1413259200
651,498,1413259200
85,288,1413259200
1,2305,1413345600
161,1,1413345600
230,281,1413345600
281,35,1413345600
64,3409,1413345600
114,337,1413432000
279,498,1413432000
3409,2415,1413432000
114,3508,1413518400
15,337,1413518400
85,171,1413518400
2336,1205,1413604800
1597,35,1413691200
651,94,1413691200
15,824,1413777600
164,835,1413777600
22,295,1413777600
279,164,1413777600
295,22,1413777600
34,351,1413777600
351,34,1413777600
824,145,1413777600
824,15,1413777600
824,35,1413777600
824,64,1413777600
12,27,1413864000
125,497,1413864000
1386,164,1413864000
192,164,1413864000
281,104,1413864000
281,164,1413864000
281,498,1413864000
281,86,1413864000
497,125,1413864000
7,85,1413864000
87,31,1413864000
88,164,1413864000
104,1597,1413950400
1597,104,1413950400
3179,836,1413950400
118,1,1414123200
279,104,1414123200
15,984,1414209600
378,180,1414209600
378,186,1414209600
378,230,1414209600
378,374,1414209600
378,400,1414209600
44,12,1414209600
1009,2,1414296000
15,2426,1414296000
2426,15,1414296000
2426,984,1414296000
58,1589,1414296000
984,2426,1414296000
260,1369,1414382400
290,49,1414382400
49,290,1414382400
58,145,1414382400
58,171,1414382400
103,904,1414468800
158,904,1414468800
196,249,1414468800
230,498,1414468800
249,196,1414468800
281,192,1414468800
290,904,1414468800
82,904,1414468800
904,103,1414468800
904,158,1414468800
904,290,1414468800
904,82,1414468800
125,19,1414555200
1590,824,1414555200
230,279,1414555200
279,230,1414555200
279,375,1414555200
498,230,1414555200
498,2336,1414555200
498,281,1414555200
526,904,1414555200
904,526,1414555200
337,114,1414641600
337,86,1414641600
125,96,1414728000
15,87,1414728000
1590,1,1414728000
377,1,1414728000
526,92,1414728000
92,526,1414728000
96,125,1414728000
269,87,1414814400
279,1206,1414814400
58,110,1414814400
88,82,1414900800
1,3355,1414990800
19,164,1414990800
192,2293,1414990800
249,85,1414990800
288,12,1414990800
288,249,1414990800
288,82,1414990800
288,85,1414990800
3355,1,1414990800
376,3642,1414990800
85,249,1414990800
1073,230,1415077200
1073,281,1415077200
1368,19,1415077200
1368,249,1415077200
15,230,1415077200
19,1368,1415077200
230,1073,1415077200
249,1368,1415077200
93,3412,1415077200
12,484,1415163600
19,85,1415163600
249,2,1415163600
249,288,1415163600
484,12,1415163600
484,526,1415163600
85,19,1415163600
1207,186,1415250000
186,1207,1415250000
186,498,1415250000
651,13,1415250000
13,5,1415336400
3413,377,1415336400
377,3413,1415336400
43,19,1415336400
114,64,1415422800
19,27,1415422800
2293,2336,1415422800
2293,35,1415422800
88,85,1415422800
30,245,1415509200
2421,434,1415595600
434,2421,1415595600
118,526,1415682000
1393,1388,1415682000
1393,2336,1415682000
1597,111,1415682000
2336,1393,1415682000
526,118,1415682000
375,114,1415768400
375,2,1415768400
375,64,1415768400
375,98,1415768400
1,44,1415854800
103,58,1415854800
120,82,1415854800
15,1393,1415854800
44,1,1415854800
49,120,1415854800
58,103,1415854800
82,120,1415854800
1,1590,1415941200
125,292,1416027600
164,85,1416027600
281,375,1416027600
292,125,1416027600
125,26,1416114000
26,125,1416114000
3499,1388,1416114000
180,1207,1416200400
2336,186,1416200400
376,82,1416200400
44,58,1416200400
498,279,1416200400
58,44,1416200400
82,376,1416200400
24,88,1416373200
351,1,1416373200
88,24,1416373200
12,904,1416459600
1902,1388,1416459600
351,82,1416459600
82,351,1416459600
85,1570,1416459600
904,12,1416459600
125,24,1416546000
24,125,1416546000
498,180,1416546000
498,400,1416546000
1588,249,1416632400
163,44,1416632400
191,435,1416632400
191,7,1416632400
249,1588,1416632400
44,163,1416632400
7,191,1416632400
2336,3499,1416718800
2336,902,1416718800
12,292,1416805200
292,12,1416805200
904,5,1416891600
1,1392,1416978000
125,412,1416978000
2410,2427,1416978000
2410,330,1416978000
2410,95,1416978000
2427,2410,1416978000
3414,1,1416978000
412,125,1416978000
95,2410,1416978000
1,3414,1417064400
125,249,1417064400
125,29,1417064400
125,53,1417064400
15,104,1417064400
15,114,1417064400
15,1894,1417064400
15,375,1417064400
15,498,1417064400
15,832,1417064400
15,953,1417064400
15,98,1417064400
2427,1,1417064400
249,125,1417064400
3372,2336,1417064400
34,36,1417064400
36,34,1417064400
96,498,1417064400
98,114,1417064400
98,64,1417064400
33,19,1417150800
114,1597,1417323600
163,249,1417323600
249,163,1417323600
1597,114,1417410000
1597,98,1417410000
24,288,1417410000
24,98,1417410000
2400,241,1417410000
98,1597,1417410000
238,249,1417496400
249,238,1417496400
1590,15,1417582800
1590,58,1417669200
49,36,1417669200
49,44,1417669200
58,1590,1417669200
3368,36,1417755600
36,3368,1417755600
44,49,1417755600
15,2312,1417928400
2336,2312,1417928400
207,36,1418014800
36,207,1418014800
88,11,1418014800
1,249,1418101200
104,6,1418101200
104,966,1418101200
1392,1,1418101200
15,6,1418101200
207,73,1418101200
246,330,1418101200
246,85,1418101200
249,1,1418101200
43,171,1418101200
73,207,1418101200
85,246,1418101200
905,15,1418101200
905,2336,1418101200
13,1394,1418187600
13,651,1418187600
1392,19,1418187600
19,1392,1418187600
249,29,1418187600
249,3420,1418187600
3419,905,1418187600
3420,249,1418187600
905,3419,1418187600
95,19,1418187600
114,766,1418274000
351,12,1418274000
250,1,1418360400
288,88,1418360400
58,288,1418360400
88,288,1418360400
111,245,1418446800
15,905,1418446800
245,11,1418446800
245,111,1418446800
291,85,1418446800
85,291,1418446800
58,3411,1418533200
249,44,1418619600
44,249,1418619600
458,12,1418706000
1,637,1418792400
88,19,1418792400
19,43,1418878800
88,10,1418878800
88,20,1418878800
12,458,1419051600
173,85,1419051600
85,173,1419051600
238,3261,1419138000
238,85,1419138000
3261,238,1419138000
85,238,1419138000
1,2427,1419310800
1,250,1419310800
1,3402,1419310800
1,3418,1419310800
1064,49,1419310800
179,82,1419397200
3415,85,1419397200
3416,82,1419397200
82,179,1419397200
82,3416,1419397200
85,3415,1419397200
114,362,1419483600
526,59,1419483600
85,29,1419483600
245,526,1419570000
295,6,1419570000
6,295,1419570000
249,58,1419656400
249,904,1419656400
7,1064,1419656400
904,249,1419656400
207,92,1419742800
92,207,1419742800
2369,34,1419829200
249,34,1419829200
34,2369,1419829200
34,249,1419829200
63,899,1419829200
111,7,1419915600
111,93,1419915600
320,85,1419915600
526,95,1419915600
7,111,1419915600
85,320,1419915600
85,36,1419915600
93,111,1419915600
95,526,1419915600
1388,1393,1420002000
1388,1902,1420002000
1388,2336,1420002000
1388,3523,1420002000
1388,902,1420002000
3362,34,1420002000
49,6,1420002000
53,3417,1420002000
6,49,1420002000
1,3421,1420088400
250,85,1420088400
85,250,1420088400
191,288,1420174800
288,191,1420174800
491,171,1420174800
491,96,1420174800
6,1395,1420174800
1,1881,1420261200
292,19,1420261200
526,245,1420261200
526,3216,1420261200
1,3422,1420347600
3422,1,1420347600
246,104,1421816400
246,114,1421816400
246,15,1421816400
246,86,1421816400
114,3423,1421989200
1590,35,1422162000
375,3424,1422162000
3508,376,1422421200
98,2336,1422421200
104,246,1422507600
3372,165,1422594000
98,1387,1422594000
15,764,1422680400
15,3513,1422939600
246,337,1422939600
3513,35,1422939600
246,64,1423026000
64,279,1423026000
15,1590,1423112400
15,3286,1423112400
2336,114,1423112400
180,1073,1423371600
15,3091,1423458000
2336,126,1424062800
2336,2422,1424062800
1590,64,1424149200
2336,246,1424149200
376,3508,1424149200
15,3489,1424322000
2336,1598,1424494800
281,1598,1424581200
96,3425,1424667600
114,1903,1425358800
15,1903,1425358800
114,3426,1425531600
1590,104,1425531600
15,2428,1425618000
2336,2428,1425618000
376,164,1426219200
15,1074,1426305600
15,3427,1426305600
2336,3428,1426564800
246,2336,1426910400
114,3429,1427169600
164,837,1427342400
15,1904,1427428800
164,1904,1427428800
1074,15,1427688000
1074,64,1427688000
98,1074,1427688000
98,164,1427688000
98,337,1427688000
98,375,1427688000
98,94,1427688000
15,1208,1428120000
15,766,1428379200
1202,766,1428724800
15,1202,1428724800
15,605,1428724800
605,96,1429502400
126,114,1429675200
126,352,1429675200
126,558,1429675200
126,98,1429675200
15,3431,1429761600
192,114,1429761600
605,499,1429761600
164,86,1429848000
605,192,1429848000
605,94,1429848000
86,114,1429848000
86,164,1429848000
86,2336,1429848000
86,352,1429848000
86,558,1429848000
86,94,1429848000
86,98,1429848000
98,126,1429848000
98,233,1429848000
98,558,1429848000
114,2,1429934400
114,352,1429934400
114,94,1429934400
281,605,1429934400
3410,281,1429934400
3410,605,1429934400
15,3410,1430020800
15,3430,1430020800
230,605,1430020800
2336,605,1430020800
3410,15,1430020800
499,605,1430020800
499,96,1430020800
605,230,1430020800
605,2336,1430020800
766,1202,1430020800
766,15,1430020800
766,192,1430020800
766,337,1430020800
766,86,1430020800
1073,180,1430107200
1073,2413,1430107200
15,95,1430107200
605,126,1430107200
605,15,1430107200
94,233,1430107200
94,2336,1430107200
94,337,1430107200
94,498,1430107200
94,766,1430107200
1590,19,1430193600
230,126,1430193600
3508,337,1430193600
337,1202,1430280000
233,114,1430539200
233,558,1430539200
233,94,1430539200
233,98,1430539200
337,653,1430539200
15,234,1430884800
2336,3432,1430884800
15,88,1430971200
1590,114,1430971200
1590,86,1430971200
1590,98,1430971200
15,3433,1431057600
1074,94,1431230400
1074,1904,1431403200
1074,86,1431403200
104,1396,1431489600
2336,3362,1431489600
498,1396,1431489600
1396,15,1431576000
605,1554,1431576000
15,3500,1431835200
15,3434,1431921600
2336,337,1432008000
2336,3435,1432008000
114,3501,1432094400
246,1858,1432094400
498,64,1432094400
498,86,1432094400
15,179,1432180800
337,179,1432180800
126,605,1432267200
126,96,1432267200
3508,64,1432267200
246,653,1432440000
2336,3436,1432526400
2336,8,1432526400
15,653,1432958400
15,3437,1433131200
2336,1905,1433131200
2336,906,1433131200
337,1905,1433131200
3428,246,1433131200
15,1905,1433217600
15,902,1433563200
64,902,1433563200
3428,1397,1434340800
2336,3377,1434427200
3428,1134,1434427200
3428,233,1434427200
1590,2429,1434600000
337,2430,1434600000
498,233,1434772800
15,2431,1434945600
605,2431,1434945600
64,2430,1434945600
64,2429,1435032000
15,897,1435118400
104,1397,1435204800
1074,1396,1435291200
1074,98,1435291200
906,2336,1435291200
766,104,1435377600
766,64,1435377600
1202,605,1435550400
2336,1820,1435723200
2336,358,1435723200
15,906,1435896000
906,766,1435896000
98,906,1435896000
15,604,1435982400
15,2422,1436068800
114,1906,1436328000
1906,114,1436328000
86,1906,1436328000
2430,337,1436500800
2430,906,1436500800
766,3276,1436500800
1202,2336,1436587200
1202,897,1436587200
3524,104,1437105600
3524,180,1437105600
3524,230,1437105600
3524,2336,1437105600
3524,281,1437105600
2430,897,1437278400
2336,953,1437451200
3524,1074,1437624000
15,3438,1437796800
15,1906,1437883200
1906,15,1437883200
1906,86,1437883200
126,230,1437969600
953,2336,1438142400
86,337,1438401600
86,87,1438401600
86,897,1438401600
86,906,1438401600
87,86,1438401600
906,104,1438574400
114,3398,1438747200
375,605,1438920000
15,1599,1439092800
192,1599,1439092800
104,3502,1439697600
246,3428,1440043200
86,246,1440388800
15,1390,1440561600
1590,337,1440561600
1074,1075,1440648000
15,1075,1440648000
104,766,1440734400
281,337,1440907200
104,2432,1440993600
15,2432,1440993600
15,3439,1441080000
64,3508,1441080000
906,281,1441166400
906,98,1441166400
15,3382,1441598400
906,337,1441598400
1074,337,1441684800
1074,653,1441684800
64,766,1441684800
1074,498,1441944000
906,96,1442289600
906,192,1442462400
3406,64,1442548800
64,3406,1442548800
86,3508,1442721600
3508,165,1442808000
3508,86,1442808000
35,3441,1442894400
906,15,1442894400
104,3443,1442980800
15,3442,1442980800
1202,114,1443240000
1074,279,1443499200
15,2433,1443844800
499,2433,1443844800
192,499,1444104000
281,2435,1444363200
86,3444,1444708800
15,2436,1444795200
2436,15,1444881600
2436,281,1445054400
104,281,1445140800
3508,35,1445227200
104,3445,1445400000
1074,3445,1445572800
15,2434,1445572800
2434,15,1445572800
2434,246,1445572800
906,2434,1445572800
1894,35,1446004800
3446,906,1446091200
906,3446,1446091200
104,2293,1446264000
15,3503,1446350400
86,3440,1446526800
1074,281,1447477200
281,906,1447822800
2436,35,1447995600
1074,104,1448254800
2436,64,1448686800
499,1907,1448859600
1074,1208,1449118800
1208,1074,1449464400
2336,907,1449637200
3508,145,1449810000
2336,1390,1449982800
15,1386,1450155600
3524,114,1450328400
3524,352,1450328400
3524,3508,1450328400
3524,906,1450328400
15,2287,1450414800
1907,499,1450414800
3524,86,1450501200
906,3524,1450501200
15,3447,1450933200
114,906,1451106000
3508,188,1451278800
3508,200,1451278800
3508,3642,1451278800
3508,838,1451278800
906,114,1451278800
3508,94,1451365200
3508,230,1451451600
281,98,1451538000
3508,104,1451538000
3508,114,1451538000
3508,15,1451538000
3508,85,1451538000
3447,15,1451797200
906,499,1452142800
953,1390,1452315600
953,64,1452315600
15,1396,1452488400
15,3443,1452747600
15,3448,1452747600
2336,3449,1452747600
104,2437,1452834000
15,2437,1452834000
1202,604,1452920400
281,3450,1452920400
604,1202,1452920400
906,279,1452920400
15,3451,1453438800
3451,98,1453438800
