6,2,1289241911
6,5,1289241941
1,12,1289243140
4,3,1289245277
11,13,1289254254
11,10,1289254300
7,5,1289362700
2,17,1289370556
2,16,1289370622
17,2,1289380981
17,1,1289441411
17,10,1289441438
17,8,1289441450
17,3,1289441525
14,3,1289442313
14,18,1289489668
10,1,1289555656
10,6,1289555731
10,17,1289555745
10,8,1289555767
10,19,1289555841
10,2,1289555871
10,3,1289555875
4,20,1289641693
20,4,1289641703
5,1,1289660298
5,6,1289660319
5,7,1289660347
1,5,1289710643
6,4,1289770700
4,6,1289770756
2,4,1289771303
14,21,1289836081
14,11,1289873367
11,14,1289873611
11,22,1290088212
22,11,1290090118
14,16,1290108486
4,23,1290197549
23,4,1290197554
24,6,1290300441
11,1,1290520563
7,26,1290644457
26,7,1290644477
24,1,1290666928
1,24,1290666953
1,26,1290750434
26,1,1290752776
26,11,1290758643
11,26,1290761556
6,7,1290826367
7,6,1290826591
1,14,1290969236
1,23,1291052764
23,1,1291055972
27,6,1291056174
1,11,1291090930
28,29,1291157823
29,28,1291159845
27,1,1291159911
14,1,1291217882
8,1,1291315232
7,22,1291376109
1,16,1291505266
29,32,1291515528
32,29,1291515697
30,33,1291578872
30,7,1291590274
30,32,1291591178
32,30,1291591211
18,14,1291623781
18,15,1291623787
28,34,1291684579
34,28,1291684612
35,1,1291740270
11,7,1291757016
7,11,1291757031
22,36,1292070534
36,22,1292071378
22,37,1292085236
37,22,1292085280
33,30,1292099160
33,38,1292189306
38,33,1292189412
33,39,1292193828
39,33,1292195062
1,39,1292196392
39,1,1292196407
7,3,1292200462
28,31,1292206237
31,28,1292206272
28,17,1292297572
17,28,1292297608
7,28,1292361185
28,7,1292361298
7,38,1292442401
38,7,1292442432
7,40,1292447857
40,7,1292490376
22,7,1292716197
4,42,1292795818
30,17,1292819158
17,30,1292819328
4,44,1292823618
44,4,1292823672
44,16,1292823684
44,2,1292823727
27,47,1292920838
47,27,1292935948
41,1,1292957157
1,41,1292957195
4,48,1293050723
48,4,1293054742
17,7,1293191604
7,16,1293409870
27,50,1293448472
27,51,1293448479
30,50,1293453341
50,30,1293453456
50,27,1293453463
1,52,1293481238
52,1,1293481551
7,21,1293481688
21,7,1293482234
4,53,1293523499
1,54,1293579274
54,1,1293579280
31,55,1293583961
49,46,1293603105
56,7,1293604543
7,56,1293604590
7,15,1293632316
24,18,1293643257
18,24,1293646340
18,16,1293661055
44,57,1293665840
1,58,1293749573
58,1,1293749669
43,31,1293819840
31,43,1293820339
58,43,1293831460
43,58,1293831479
42,4,1293843254
18,50,1293888120
50,18,1293888137
46,49,1293930357
27,59,1293994479
59,27,1293996991
31,4,1294081163
4,31,1294081177
1,49,1294083688
49,1,1294083725
50,21,1294126590
21,50,1294152392
46,60,1294190542
14,61,1294192094
61,14,1294192614
50,45,1294244410
45,50,1294249080
31,62,1294262869
31,76,1294267264
62,31,1294267277
31,63,1294271217
63,31,1294274023
76,31,1294285068
4,64,1294300030
64,4,1294300186
61,50,1294395970
50,61,1294396076
31,66,1294426072
66,31,1294429629
43,64,1294429932
64,43,1294429999
7,66,1294438542
66,7,1294439193
46,68,1294546375
31,51,1294595719
68,46,1294599138
51,69,1294600321
69,51,1294600354
51,31,1294600355
51,27,1294600362
30,14,1294689381
14,30,1294689438
51,70,1294788721
70,51,1294854693
12,71,1294919858
71,12,1294927076
50,72,1294947596
72,50,1294953308
65,7,1294974057
1,61,1294982042
51,12,1294996843
12,51,1295011593
61,1,1295060559
1,74,1295163873
45,39,1295213497
39,45,1295213513
74,1,1295219864
73,74,1295223074
74,75,1295223955
60,19,1295282631
73,43,1295394666
30,4,1295416559
4,30,1295416571
31,77,1295460035
53,4,1295507765
70,78,1295538196
78,70,1295560693
61,79,1295620829
79,61,1295622238
43,80,1295647515
80,43,1295647536
71,49,1295720115
49,71,1295720324
70,79,1295806593
7,81,1295847189
81,7,1295847197
31,82,1295990232
31,49,1295995414
49,31,1295995480
79,70,1296071385
18,7,1296076062
7,83,1296085723
83,7,1296085847
46,84,1296096741
84,46,1296096768
84,57,1296163310
84,87,1296163344
84,43,1296163403
43,84,1296164244
81,30,1296229412
30,81,1296229420
6,86,1296291457
86,30,1296291483
6,24,1296291723
30,86,1296291878
35,7,1296512060
1,89,1296512102
89,1,1296513384
73,1,1296513427
73,7,1296528583
7,73,1296528668
7,35,1296528718
7,91,1296553673
91,7,1296553681
18,80,1296579082
80,18,1296579092
80,76,1296580101
76,80,1296580127
43,41,1296595302
87,57,1296601381
89,93,1296608630
89,19,1296609273
1,2,1296629343
1,56,1296631215
56,1,1296631324
1,18,1296657671
39,94,1296682612
88,7,1296688733
7,88,1296688773
39,11,1296690713
11,39,1296690764
57,30,1296754197
57,12,1296754335
57,6,1296754391
57,1,1296754396
57,18,1296754414
57,21,1296754435
57,87,1296754444
57,84,1296754511
57,95,1296754599
57,44,1296754644
94,39,1296758779
39,2,1296769471
2,39,1296769494
93,89,1296772979
93,96,1296773129
96,93,1296774360
7,97,1296792123
97,7,1296792359
77,31,1296837862
31,46,1296868252
46,31,1296868317
42,82,1296870068
85,92,1296884305
92,85,1296884644
39,7,1296913225
7,39,1296913557
85,18,1296927382
85,99,1296927424
99,85,1296927623
58,28,1297093748
28,58,1297093804
2,96,1297102509
96,2,1297102585
70,12,1297187359
82,42,1297197836
82,31,1297197843
96,21,1297206554
21,96,1297207240
83,1,1297291837
96,98,1297301158
98,96,1297301164
96,73,1297308204
73,96,1297308356
31,100,1297315440
12,70,1297359911
100,31,1297367601
7,100,1297370441
100,7,1297371118
1,101,1297373817
101,1,1297374204
96,101,1297378806
101,96,1297378871
73,83,1297385761
83,73,1297385922
73,46,1297386367
46,73,1297386418
31,103,1297461521
103,31,1297462874
7,43,1297467512
43,73,1297479764
7,104,1297482206
104,98,1297489409
98,104,1297494046
104,7,1297494086
96,17,1297533099
102,96,1297533751
96,102,1297534217
58,96,1297550942
2,3,1297570107
96,105,1297621909
105,96,1297626301
82,105,1297626584
1,82,1297627293
82,1,1297627348
105,82,1297628387
82,56,1297644400
2,105,1297647973
105,2,1297647979
82,106,1297652993
106,82,1297653023
55,96,1297686544
82,98,1297722488
98,82,1297723090
96,107,1297734450
107,96,1297734459
1,108,1297789863
108,1,1297789935
109,2,1297807903
43,110,1297809191
31,111,1297812539
111,31,1297812615
18,85,1297815736
17,96,1297824884
67,61,1297844414
58,112,1297866186
112,113,1297866223
113,112,1297866274
96,55,1297872866
2,82,1297878331
82,2,1297878338
82,107,1297878360
107,82,1297878526
31,110,1297882010
110,31,1297882595
96,114,1297886091
76,115,1297893560
61,67,1297907214
114,116,1297908772
116,114,1297908772
114,55,1297908985
82,117,1297910664
96,118,1297911997
118,96,1297912087
96,85,1297915803
85,96,1297915880
117,82,1297915937
31,119,1297959915
119,31,1297961344
112,96,1297976227
96,112,1297976241
85,120,1297976422
120,85,1297976428
41,7,1297980364
7,41,1297980493
31,96,1298044125
115,76,1298047000
96,31,1298054259
86,1,1298056076
1,86,1298061893
1,83,1298062294
43,122,1298072059
122,43,1298072081
86,112,1298128067
112,86,1298130582
86,109,1298146050
58,109,1298146920
109,58,1298147261
91,58,1298147284
96,58,1298147302
109,86,1298147389
86,17,1298169867
7,123,1298169938
123,7,1298169949
17,86,1298176196
96,76,1298252029
76,96,1298252036
96,119,1298265265
119,96,1298265838
1,7,1298267256
7,1,1298267346
96,124,1298311685
124,96,1298311859
31,125,1298314076
125,31,1298314093
31,124,1298315497
124,31,1298315517
2,112,1298346435
112,2,1298346449
55,31,1298399915
106,61,1298431338
106,60,1298431427
60,106,1298431543
1,127,1298487310
127,1,1298487318
114,128,1298513462
128,114,1298513680
2,128,1298520615
128,2,1298520693
82,76,1298577705
31,129,1298584878
129,31,1298584913
31,130,1298589589
130,31,1298589707
96,131,1298611411
131,96,1298611459
61,112,1298623979
105,132,1298645238
132,105,1298645445
33,133,1298646564
133,33,1298647569
46,128,1298653534
128,46,1298653559
85,128,1298654517
128,85,1298654517
43,76,1298654789
43,134,1298657430
46,3,1298665050
85,135,1298665394
135,85,1298667151
31,136,1298667648
134,43,1298667687
128,118,1298694079
118,128,1298694137
137,7,1298708156
33,138,1298740675
123,107,1298757244
107,123,1298757268
7,128,1298759550
123,139,1298778315
139,123,1298778361
112,94,1298795455
94,112,1298795468
107,140,1298843671
140,107,1298843683
55,1,1298844200
55,141,1298844210
141,55,1298844224
55,45,1298844292
45,55,1298844298
106,135,1298874597
112,135,1298874793
135,112,1298874964
135,106,1298875015
128,142,1298878912
142,128,1298878996
136,31,1298880775
112,61,1298898116
107,106,1298926935
106,107,1298927097
43,111,1298928760
111,43,1298928785
2,118,1298929715
118,2,1298929724
1,15,1298950354
96,143,1299031253
143,96,1299031290
99,143,1299032633
143,99,1299032672
96,121,1299034389
121,96,1299034411
99,106,1299038270
106,99,1299038484
111,144,1299041120
144,111,1299041133
107,143,1299041571
143,107,1299041643
143,145,1299043467
145,143,1299043551
106,145,1299044294
145,106,1299044403
105,46,1299085320
46,105,1299085332
146,7,1299087811
7,146,1299088214
60,7,1299088418
7,58,1299093649
58,7,1299093674
110,141,1299101381
141,110,1299103258
7,147,1299151907
147,7,1299152111
138,33,1299178292
145,148,1299204600
148,145,1299204728
99,149,1299204954
149,99,1299205271
25,7,1299206112
7,25,1299206119
58,107,1299275608
7,150,1299283600
150,7,1299283609
76,151,1299289949
151,76,1299290475
76,152,1299304119
152,76,1299304159
76,82,1299436669
76,153,1299438045
153,76,1299438055
76,85,1299446922
85,76,1299446966
6,135,1299447999
82,7,1299490927
76,133,1299521852
133,76,1299526904
106,154,1299530754
154,106,1299530789
43,121,1299531271
121,43,1299531324
2,1,1299556897
42,19,1299557057
43,140,1299612557
7,27,1299679074
43,155,1299680713
155,43,1299690391
43,156,1299695064
156,140,1299695092
156,43,1299695193
140,156,1299696030
7,157,1299732938
157,7,1299732959
22,43,1299735274
45,158,1299758045
158,45,1299758069
43,22,1299767299
43,153,1299770716
7,118,1299912911
118,7,1299912916
43,160,1299950085
43,161,1299985463
161,43,1299985655
7,162,1300015561
162,7,1300015951
96,160,1300042936
160,96,1300043117
27,7,1300184211
156,163,1300209236
163,156,1300211126
73,164,1300226423
164,73,1300226820
105,165,1300231849
165,105,1300232683
7,166,1300232688
105,43,1300233490
7,82,1300240396
43,167,1300244368
168,163,1300261803
163,168,1300262138
169,7,1300292102
162,45,1300330194
43,55,1300332304
55,43,1300332465
55,7,1300333012
43,171,1300402382
7,172,1300411884
172,7,1300414645
105,106,1300459755
106,105,1300459768
43,105,1300473495
7,168,1300568050
112,171,1300652885
90,7,1300708855
7,169,1300720137
7,70,1300745124
70,7,1300789107
41,43,1300815962
164,173,1300839352
162,11,1300839891
11,162,1300839913
173,164,1300844813
76,112,1300847913
112,76,1300848458
76,43,1300857385
112,45,1300864405
129,173,1300869245
168,7,1300922187
164,174,1300928213
174,164,1300928240
174,171,1300931572
43,174,1300933559
174,43,1300933628
74,98,1300933841
43,175,1300933940
175,43,1300934003
98,74,1300934772
174,7,1300936616
174,96,1300936648
174,22,1300937004
106,115,1300997414
115,106,1300998238
27,82,1301003730
99,176,1301005357
106,177,1301019703
177,106,1301019908
22,174,1301020983
7,174,1301023265
99,114,1301029977
30,112,1301053223
112,30,1301053275
176,178,1301084932
178,176,1301086321
136,84,1301089005
115,164,1301105775
22,90,1301142985
43,179,1301148833
43,180,1301149633
180,43,1301149695
171,174,1301167471
179,43,1301168075
179,3,1301168216
138,181,1301235483
181,138,1301235508
181,82,1301235545
138,182,1301245064
1,185,1301329948
43,1,1301333077
43,7,1301333083
30,2,1301333302
164,138,1301339345
138,164,1301339497
43,186,1301341025
1,187,1301354601
187,1,1301354685
187,171,1301354726
22,1,1301365737
22,181,1301365871
181,22,1301366024
1,96,1301366233
1,188,1301369843
188,1,1301369929
43,189,1301439895
187,33,1301447178
43,176,1301453104
161,147,1301513674
147,161,1301514094
43,191,1301521482
43,192,1301522462
192,43,1301523090
7,193,1301569599
1,76,1301600149
76,1,1301600346
25,1,1301607874
45,112,1301613622
22,133,1301617653
168,194,1301618418
194,168,1301618444
193,7,1301630013
43,170,1301683978
170,43,1301684509
168,195,1301694942
195,168,1301695371
196,7,1301744132
184,7,1301774795
76,164,1301785228
164,76,1301785244
164,197,1301820795
197,164,1301821269
164,198,1301827089
198,164,1301827807
112,199,1301863197
199,112,1301863380
30,200,1301866633
200,46,1301866651
200,30,1301866658
164,99,1301897258
99,164,1301897279
2,7,1301898700
2,43,1301898705
2,45,1301898738
2,57,1301898759
7,2,1301899167
7,30,1301899174
7,31,1301899185
7,17,1301899226
7,53,1301899299
7,45,1301899326
170,45,1301901227
168,201,1301901459
201,168,1301901471
45,170,1301901475
192,202,1301936770
30,106,1301938972
106,30,1301939041
202,192,1301941162
43,203,1301945086
203,43,1301945156
99,2,1301972936
166,7,1301973637
1,46,1301975394
46,1,1301975615
164,205,1301998379
205,43,1301999041
164,41,1302005850
41,164,1302005904
126,43,1302011702
43,126,1302011716
166,60,1302012515
41,86,1302012678
112,60,1302016172
1,206,1302017978
202,60,1302025647
27,207,1302027410
207,27,1302027786
1,208,1302043777
208,1,1302043935
60,202,1302044439
60,46,1302044526
60,166,1302044550
60,112,1302044581
60,61,1302044652
189,43,1302055573
53,17,1302069957
27,209,1302082638
209,27,1302082712
205,206,1302096657
206,205,1302097036
206,211,1302103935
211,206,1302103959
43,212,1302107640
43,211,1302108245
211,43,1302108321
7,137,1302112511
128,168,1302117349
168,128,1302117447
43,205,1302121400
128,120,1302132473
177,210,1302136505
210,177,1302136666
43,204,1302203707
204,43,1302203835
43,213,1302204154
213,43,1302204187
214,69,1302212934
106,7,1302236703
7,106,1302236754
1,195,1302237679
195,1,1302237928
212,206,1302246462
206,212,1302246492
43,65,1302278539
65,43,1302279515
65,76,1302279761
76,65,1302287609
43,216,1302289159
216,43,1302289547
22,212,1302290506
128,7,1302290513
212,22,1302290516
212,43,1302292040
212,1,1302292044
212,164,1302292056
1,212,1302292173
126,125,1302292905
168,217,1302296393
217,168,1302296410
43,218,1302296668
6,219,1302322673
219,6,1302322871
46,181,1302323406
219,220,1302333277
220,219,1302335098
1,221,1302449430
7,221,1302449755
1,222,1302453499
222,1,1302454856
164,120,1302482453
217,115,1302495086
164,201,1302496979
201,164,1302496999
205,85,1302530478
205,86,1302534403
169,223,1302543865
223,169,1302543928
18,224,1302565807
43,225,1302617059
43,226,1302617703
226,43,1302618615
112,227,1302639445
227,112,1302639465
27,228,1302639584
228,27,1302639594
164,104,1302641206
104,164,1302641237
6,229,1302648708
227,43,1302648768
190,177,1302652617
177,190,1302652619
104,31,1302659093
203,104,1302659161
104,203,1302659185
177,183,1302659794
229,6,1302659889
183,177,1302660915
183,230,1302660923
230,183,1302661144
230,3,1302661676
31,104,1302666289
43,230,1302707523
115,7,1302713671
210,129,1302722251
183,133,1302725616
1,81,1302729569
164,191,1302740432
133,183,1302745364
133,196,1302747220
196,133,1302747939
46,7,1302750631
139,1,1302752567
43,57,1302790887
112,19,1302791427
1,232,1302800924
232,1,1302800937
183,233,1302814706
233,183,1302814788
164,115,1302817543
43,222,1302818032
222,43,1302818176
43,234,1302818420
18,192,1302820322
7,204,1302824119
191,164,1302825832
107,58,1302842625
107,115,1302842652
230,7,1302845151
7,230,1302845532
1,235,1302847189
235,1,1302847200
104,1,1302881091
1,104,1302881463
104,234,1302881660
104,236,1302881716
43,237,1302882663
237,43,1302882727
104,217,1302883016
231,238,1302883800
217,104,1302885177
238,231,1302887909
164,93,1302888454
129,210,1302895949
236,104,1302902855
183,164,1302904462
164,183,1302904613
183,46,1302906349
168,183,1302917070
183,168,1302918774
234,43,1302920250
43,240,1302923640
181,46,1302923672
181,81,1302923731
181,17,1302924030
240,43,1302924331
164,239,1302928520
239,164,1302928586
168,22,1302932650
22,168,1302932675
241,242,1302933257
168,243,1302933285
203,235,1302933633
243,168,1302933663
244,245,1302958659
7,201,1302970025
7,246,1302978023
164,247,1302978044
247,164,1302978081
217,248,1302990371
248,217,1302991007
164,249,1302995384
249,164,1302995611
218,226,1303021207
218,203,1303021210
218,76,1303021213
218,43,1303021221
164,98,1303021542
98,164,1303022826
29,181,1303055665
181,29,1303055677
251,177,1303064582
177,251,1303064621
245,244,1303064666
206,252,1303066398
252,206,1303066422
253,164,1303076403
179,112,1303080084
112,179,1303080211
186,218,1303080730
186,43,1303080818
186,107,1303081272
107,186,1303081506
186,133,1303083553
133,186,1303083824
99,254,1303084783
17,43,1303085826
161,76,1303090859
7,255,1303099054
255,7,1303099322
254,166,1303113301
166,254,1303113398
192,21,1303114586
235,256,1303115280
256,235,1303115648
164,253,1303121613
210,46,1303136046
191,74,1303154040
1,257,1303161461
46,210,1303168886
190,258,1303168898
258,190,1303168905
4,243,1303175312
243,4,1303175839
259,260,1303192071
260,259,1303192108
218,22,1303197787
232,164,1303205377
164,232,1303205387
233,7,1303251534
7,233,1303251550
29,262,1303252801
262,29,1303252805
43,260,1303253191
260,43,1303253327
22,263,1303256262
99,264,1303256893
264,99,1303256975
46,262,1303257293
262,46,1303257295
176,43,1303257371
22,265,1303258734
265,22,1303258968
7,215,1303263457
215,7,1303263494
14,215,1303264358
7,99,1303269567
245,17,1303278095
243,266,1303280196
266,243,1303280237
243,267,1303282173
267,243,1303282190
43,190,1303338920
190,43,1303338935
107,243,1303342751
243,107,1303342876
168,268,1303344910
30,269,1303345804
268,168,1303348286
1,142,1303356386
142,1,1303356404
196,16,1303357170
22,160,1303359602
160,22,1303359614
160,43,1303360208
22,235,1303361096
241,22,1303361103
235,22,1303361107
22,241,1303361108
164,168,1303361238
168,164,1303361248
235,166,1303377388
166,235,1303377420
166,148,1303387704
148,166,1303387833
7,227,1303391987
43,185,1303396798
218,240,1303406592
12,129,1303416432
129,12,1303416561
133,270,1303416673
270,133,1303416692
271,243,1303424581
218,235,1303438992
21,192,1303447886
164,166,1303466558
166,164,1303466727
17,269,1303483211
1,272,1303486159
272,1,1303486333
1,273,1303486511
273,1,1303486645
43,273,1303487897
273,43,1303488818
168,234,1303499486
234,168,1303499671
265,67,1303531167
67,265,1303531284
67,45,1303531650
273,183,1303535867
17,67,1303540925
67,17,1303540941
7,275,1303544457
218,275,1303546993
7,210,1303553119
275,218,1303559784
235,80,1303561052
215,14,1303579036
31,194,1303583404
33,274,1303599238
33,276,1303607468
43,164,1303617429
46,277,1303618161
277,46,1303618177
277,235,1303618242
46,278,1303618819
278,46,1303618999
33,279,1303622727
279,33,1303622762
280,245,1303627971
56,82,1303627972
218,236,1303633389
273,45,1303640861
45,273,1303640911
274,33,1303644082
245,280,1303665639
281,43,1303673490
201,7,1303676697
176,183,1303680595
183,176,1303680597
80,7,1303683484
7,80,1303683667
164,283,1303684673
283,164,1303684737
275,7,1303685320
210,284,1303685391
284,210,1303685478
177,285,1303692043
7,181,1303692370
181,7,1303692374
7,189,1303692429
189,7,1303693074
285,177,1303693729
45,265,1303696033
265,45,1303696053
45,286,1303701960
45,164,1303702188
164,45,1303702300
7,287,1303702693
287,7,1303702717
45,246,1303703560
246,45,1303703578
42,7,1303705452
282,235,1303705456
235,282,1303705502
235,288,1303716775
288,235,1303716827
22,289,1303725238
289,22,1303725563
283,290,1303738638
290,283,1303739054
161,181,1303739675
274,99,1303740039
282,164,1303750939
164,282,1303750968
200,21,1303751776
7,257,1303754914
218,295,1303762987
218,299,1303762992
282,306,1303770869
306,282,1303770911
306,307,1303771119
164,250,1303772422
250,164,1303772431
22,308,1303772944
22,148,1303773860
148,22,1303774650
257,7,1303786886
269,30,1303790029
269,17,1303790039
269,1,1303790378
176,164,1303796627
164,176,1303797148
218,229,1303809801
210,310,1303822178
310,210,1303822716
218,244,1303827793
301,43,1303838072
218,297,1303838591
27,212,1303845167
212,27,1303845243
200,181,1303846262
181,200,1303846551
227,311,1303848296
311,227,1303848299
7,4,1303848523
43,301,1303853897
43,17,1303853921
285,166,1303859428
307,306,1303862752
282,177,1303864137
177,282,1303864206
45,254,1303875882
254,45,1303876659
164,7,1303879812
164,212,1303880144
313,4,1303880260
7,164,1303881691
314,107,1303883331
107,314,1303883385
7,315,1303900440
315,7,1303901659
46,314,1303908513
104,246,1303922221
311,314,1303927207
314,311,1303927224
99,316,1303932463
316,99,1303932531
164,317,1303937112
317,164,1303937174
271,7,1303938048
31,318,1303938319
246,104,1303940229
285,164,1303941921
164,285,1303941960
265,1,1303959108
314,265,1303971582
265,314,1303971592
218,320,1303971805
218,17,1303975398
307,218,1303979893
166,285,1303984278
43,215,1304002118
300,43,1304003460
1,102,1304004287
102,164,1304004832
164,102,1304004869
102,1,1304005562
181,320,1304007616
320,218,1304007756
218,205,1304007796
320,43,1304007851
231,99,1304009754
99,231,1304009836
29,67,1304013658
246,321,1304014701
246,7,1304017232
7,98,1304024850
249,268,1304033113
164,4,1304034294
285,1,1304034490
1,285,1304034493
107,327,1304040267
210,328,1304041764
328,210,1304043050
7,329,1304043629
329,7,1304043928
215,43,1304044790
30,259,1304050377
259,30,1304050418
286,45,1304050444
319,7,1304050578
319,164,1304050596
164,319,1304050847
189,254,1304053176
210,45,1304082870
45,210,1304082886
317,331,1304089664
331,317,1304089962
210,332,1304090789
332,210,1304091083
317,1,1304098147
1,317,1304098159
333,218,1304098427
31,218,1304101630
333,31,1304101672
31,333,1304101856
254,257,1304103543
164,324,1304104276
324,164,1304104938
218,256,1304108612
31,226,1304112865
226,31,1304112971
7,105,1304118180
112,14,1304126754
14,112,1304126859
14,336,1304129066
14,7,1304135542
22,45,1304137573
45,22,1304137620
25,286,1304142166
286,25,1304142197
300,218,1304146150
164,338,1304146431
338,164,1304146740
25,164,1304150454
164,25,1304150470
31,163,1304153138
335,27,1304163100
218,245,1304166224
327,307,1304173774
307,327,1304175033
327,107,1304175789
177,339,1304186094
339,177,1304186120
283,340,1304191920
340,283,1304192004
333,341,1304193306
341,333,1304193334
6,181,1304194321
181,6,1304194336
181,336,1304194686
234,104,1304198780
246,43,1304204145
43,246,1304204295
321,246,1304207904
270,343,1304213842
343,270,1304213905
209,344,1304216680
344,209,1304216716
140,345,1304220345
345,140,1304220444
333,346,1304224026
346,333,1304224063
98,7,1304230989
347,309,1304231646
309,347,1304231668
314,347,1304232012
347,314,1304232036
347,348,1304233846
348,347,1304234051
344,300,1304234839
300,344,1304234876
111,349,1304239724
341,148,1304252439
148,341,1304253481
307,133,1304261832
106,341,1304270419
341,106,1304270434
98,350,1304272624
350,98,1304272629
98,351,1304273832
351,98,1304273840
351,352,1304273866
352,351,1304273964
218,353,1304274210
4,164,1304275176
4,92,1304277450
92,4,1304277510
291,7,1304278704
106,312,1304278783
312,106,1304278792
354,7,1304280792
354,303,1304280808
303,354,1304280974
7,354,1304280998
303,356,1304281113
227,194,1304283199
57,357,1304283469
357,57,1304283484
318,227,1304283584
210,354,1304284006
318,308,1304284547
354,210,1304284906
218,358,1304285013
57,16,1304285214
57,269,1304285342
7,121,1304286473
118,314,1304287786
314,118,1304287820
307,360,1304287947
4,15,1304288061
360,307,1304288143
308,164,1304288193
218,361,1304288595
361,218,1304290597
42,362,1304291588
362,42,1304291603
362,363,1304291618
133,307,1304292259
363,362,1304292259
354,348,1304294892
348,354,1304294984
354,308,1304295961
308,354,1304295981
60,364,1304298270
364,60,1304298567
249,365,1304299009
365,249,1304299132
177,249,1304299847
249,177,1304299848
362,191,1304300122
191,362,1304300369
308,366,1304302497
366,308,1304302522
306,7,1304303707
7,306,1304303804
196,309,1304305174
309,196,1304305182
196,367,1304307672
367,196,1304307687
46,368,1304310339
354,369,1304310940
369,354,1304311010
4,2,1304313526
117,7,1304314810
7,117,1304314930
160,191,1304316430
254,7,1304317054
314,370,1304319675
370,314,1304319681
371,160,1304325274
371,7,1304325318
371,281,1304325338
371,163,1304325483
273,370,1304328454
370,273,1304328456
160,291,1304344954
291,160,1304345554
160,372,1304345640
372,160,1304345750
218,139,1304346187
160,373,1304346190
373,160,1304346198
160,2,1304347161
2,160,1304347196
281,371,1304351240
259,373,1304352110
373,259,1304352150
218,375,1304353402
218,376,1304353418
375,43,1304354989
164,308,1304355528
1,36,1304355927
373,353,1304358452
1,345,1304359309
345,1,1304359311
353,373,1304364402
200,29,1304364648
29,200,1304365893
7,379,1304367720
357,353,1304367747
379,7,1304367782
353,357,1304367783
1,360,1304368646
360,1,1304368666
379,76,1304370485
112,46,1304370616
76,379,1304370687
218,301,1304375007
197,114,1304375796
281,105,1304375955
105,281,1304376692
317,76,1304377152
76,317,1304377205
177,365,1304380869
365,177,1304380949
220,181,1304383365
181,220,1304383559
261,46,1304384872
46,261,1304385136
231,382,1304385668
382,231,1304385878
366,384,1304388442
384,366,1304388450
218,333,1304389395
294,218,1304390658
348,362,1304392818
362,348,1304392836
291,60,1304392865
60,291,1304393057
218,302,1304396617
76,388,1304404273
388,76,1304404380
314,164,1304405509
164,314,1304405535
107,7,1304407100
7,107,1304407106
311,308,1304428321
217,389,1304430541
389,217,1304430584
106,27,1304430800
244,389,1304432036
311,57,1304432111
57,217,1304432479
217,57,1304432495
389,244,1304432506
57,311,1304432510
7,390,1304432824
390,7,1304432849
57,92,1304433266
92,57,1304433317
217,363,1304433403
363,217,1304433414
332,27,1304434011
308,311,1304434148
218,293,1304436188
355,391,1304436720
218,300,1304439811
327,393,1304443251
384,382,1304448830
382,384,1304448842
200,12,1304449745
347,338,1304453241
344,384,1304459443
384,344,1304459648
384,348,1304459685
348,384,1304459716
231,7,1304461216
314,394,1304463404
394,314,1304464673
218,258,1304464994
177,395,1304465476
33,396,1304466955
396,33,1304466988
394,382,1304466996
382,394,1304467199
247,60,1304467454
60,247,1304467599
365,128,1304468890
128,365,1304468927
366,394,1304469889
394,366,1304469924
394,365,1304470291
365,394,1304470314
7,254,1304471736
218,283,1304475792
160,249,1304476730
140,143,1304476904
394,397,1304477092
397,394,1304477290
249,160,1304477449
143,140,1304477700
164,262,1304480355
391,355,1304480494
262,164,1304480950
354,165,1304484763
165,354,1304484816
262,398,1304485819
398,262,1304485844
1,399,1304488104
399,1,1304488263
395,177,1304490824
7,231,1304497864
12,258,1304514927
165,400,1304517599
400,165,1304517619
365,36,1304520736
365,269,1304522522
269,365,1304522529
400,146,1304523071
218,77,1304526185
402,43,1304530053
1,403,1304533792
281,404,1304534184
403,1,1304534420
401,405,1304535380
404,281,1304535620
405,401,1304535751
142,406,1304539110
406,142,1304539437
218,271,1304540582
360,369,1304542673
369,360,1304542875
286,314,1304544480
314,286,1304544589
259,407,1304546681
407,259,1304546683
1,107,1304552017
107,1,1304552044
176,404,1304553527
218,270,1304555013
404,176,1304555865
339,165,1304556086
313,257,1304559398
181,1,1304559545
181,407,1304559598
7,326,1304559682
326,7,1304559688
407,181,1304559873
271,19,1304562938
324,19,1304563060
1,181,1304563247
397,409,1304564083
409,397,1304564141
164,271,1304564630
7,410,1304565310
410,7,1304565390
271,164,1304565474
1,35,1304570103
218,392,1304573020
358,239,1304577636
358,45,1304577808
358,3,1304577832
358,218,1304578272
281,1,1304579347
1,281,1304579354
265,283,1304580252
283,265,1304580340
258,12,1304589412
283,27,1304591695
324,411,1304593841
411,324,1304593874
215,257,1304597280
165,339,1304602980
168,160,1304603765
160,246,1304604671
246,160,1304604834
36,412,1304606969
412,36,1304607136
412,413,1304608664
413,412,1304608742
36,414,1304609769
36,1,1304610490
345,36,1304613174
414,36,1304617816
414,415,1304617907
218,31,1304619814
160,416,1304625601
404,417,1304632415
27,283,1304632429
27,106,1304632497
27,335,1304632735
27,314,1304632831
160,418,1304633391
418,160,1304633716
160,382,1304633724
382,160,1304633747
160,377,1304635415
314,160,1304636108
160,314,1304636157
377,160,1304637626
307,419,1304641232
419,307,1304641326
404,420,1304642196
417,404,1304643424
420,404,1304643652
420,339,1304644912
336,421,1304646369
421,336,1304649431
421,7,1304649480
421,196,1304649530
421,400,1304649590
399,425,1304651189
425,399,1304651253
369,426,1304651875
366,217,1304651876
217,366,1304651892
4,427,1304651955
426,369,1304652021
388,402,1304652598
402,388,1304652627
369,107,1304653248
107,369,1304653278
427,4,1304653408
402,306,1304654195
306,402,1304654290
428,17,1304657989
17,428,1304658111
428,429,1304658423
428,424,1304658960
1,425,1304659251
7,421,1304659383
369,430,1304659392
425,1,1304659410
27,425,1304661079
429,98,1304661504
98,429,1304661565
430,369,1304661920
424,429,1304662679
429,424,1304662760
393,235,1304662844
424,423,1304664254
423,424,1304664259
369,431,1304664289
431,369,1304664332
425,27,1304665092
33,45,1304666524
218,273,1304666596
384,429,1304674100
429,384,1304674146
36,365,1304677587
36,345,1304680208
373,432,1304696808
432,373,1304696816
311,433,1304698202
164,402,1304698214
402,164,1304698268
1,392,1304699103
392,1,1304699138
433,311,1304699811
7,434,1304700405
434,7,1304700513
218,330,1304702585
424,386,1304708249
386,424,1304708399
196,416,1304711617
416,196,1304711620
218,378,1304717007
420,436,1304720206
362,437,1304720519
209,159,1304720767
362,344,1304721144
344,362,1304721170
429,347,1304724336
347,429,1304724345
210,7,1304724803
218,225,1304727806
366,438,1304730959
217,430,1304731268
430,217,1304731305
367,218,1304732325
386,439,1304733253
354,366,1304734913
366,354,1304734934
439,386,1304734970
385,7,1304742719
7,385,1304742817
354,440,1304744426
440,354,1304744508
370,111,1304745049
111,370,1304745077
218,337,1304745784
218,334,1304749392
438,366,1304750384
440,438,1304751163
438,440,1304751194
218,230,1304752991
218,381,1304753014
107,362,1304753261
396,441,1304754287
441,396,1304754347
283,440,1304754940
440,283,1304754965
362,107,1304762882
359,307,1304785088
186,423,1304786117
307,359,1304787591
7,442,1304795725
442,7,1304795730
355,354,1304796004
354,355,1304796175
218,211,1304796197
218,176,1304803394
384,4,1304805176
366,160,1304805450
415,414,1304809461
415,74,1304810158
369,415,1304814446
415,369,1304814471
344,443,1304814549
443,344,1304814557
46,148,1304817237
148,46,1304817405
339,7,1304818549
7,339,1304818554
423,444,1304821211
382,433,1304822723
360,445,1304823273
445,360,1304823317
369,348,1304824440
348,369,1304824500
6,160,1304826215
348,433,1304828361
445,189,1304834508
189,445,1304834580
344,309,1304834811
309,344,1304835025
265,446,1304835734
446,265,1304835744
1,447,1304845772
447,1,1304845904
344,448,1304846743
164,43,1304847667
429,449,1304858716
449,429,1304859149
429,450,1304861467
450,429,1304861477
17,451,1304865878
373,57,1304867537
57,373,1304867651
46,217,1304871180
217,46,1304871184
450,96,1304871282
96,450,1304874485
1,377,1304874495
46,76,1304874588
377,1,1304874930
311,450,1304876171
450,311,1304876182
311,453,1304880507
453,311,1304880563
96,164,1304883910
164,96,1304883954
160,433,1304888416
107,42,1304889300
42,107,1304889589
433,160,1304894849
433,360,1304894878
433,373,1304894971
348,454,1304897120
401,7,1304898178
454,348,1304898414
7,401,1304898573
96,7,1304899208
455,347,1304899619
347,455,1304899630
7,450,1304900284
450,7,1304900310
7,408,1304901562
133,454,1304901965
454,133,1304902093
408,7,1304905441
416,4,1304905843
160,404,1304906612
404,160,1304907116
46,453,1304914494
445,241,1304915294
241,445,1304915313
241,456,1304915564
456,241,1304915653
241,404,1304916100
404,241,1304916154
437,386,1304916434
386,437,1304917483
388,125,1304917945
437,362,1304917946
125,126,1304918671
125,388,1304918680
386,143,1304920785
423,457,1304921572
7,344,1304932739
344,7,1304932747
344,458,1304940800
458,344,1304941023
164,408,1304952125
83,460,1304957446
460,83,1304957472
83,76,1304957858
28,461,1304958613
160,460,1304959417
460,160,1304960212
408,164,1304961521
76,460,1304965487
76,83,1304965504
76,257,1304965531
76,46,1304965579
107,445,1304966388
445,107,1304966388
76,423,1304969232
461,28,1304972644
461,235,1304972776
455,437,1304976525
437,455,1304976596
27,419,1304978330
419,27,1304978538
404,462,1304978556
462,404,1304979199
451,17,1304987782
451,76,1304987886
437,433,1304988336
241,463,1304994078
463,241,1304994100
46,249,1305001934
46,452,1305001959
452,46,1305001980
249,46,1305002470
125,279,1305003582
279,125,1305003767
46,464,1305004072
388,464,1305004132
464,46,1305004265
464,388,1305004602
22,231,1305005489
231,22,1305005999
320,465,1305006612
1,466,1305009175
466,1,1305009850
118,19,1305009863
452,372,1305013476
372,452,1305013503
17,467,1305028592
416,12,1305028595
12,416,1305028685
467,17,1305029033
416,160,1305032886
4,416,1305034767
7,459,1305040442
459,7,1305040469
133,345,1305041830
345,133,1305041840
377,345,1305046053
345,377,1305046073
345,357,1305047506
357,345,1305047541
222,468,1305048475
468,222,1305048579
439,451,1305052058
292,469,1305053195
469,292,1305053401
348,231,1305056401
231,348,1305056446
1,382,1305062650
382,1,1305062676
104,458,1305063616
416,2,1305063693
2,416,1305063765
1,60,1305064090
362,2,1305064392
2,362,1305064402
458,104,1305064815
46,402,1305064914
402,46,1305065451
104,29,1305065760
29,104,1305065784
177,402,1305067307
454,449,1305070239
402,177,1305070381
449,454,1305070441
451,439,1305070642
140,360,1305070668
360,140,1305070791
121,7,1305071747
1,22,1305071801
470,384,1305071845
470,471,1305072219
1,472,1305072251
472,1,1305072325
471,473,1305073157
473,471,1305073164
470,473,1305073223
473,470,1305073248
473,474,1305077626
474,473,1305077638
7,347,1305078050
470,474,1305078051
347,7,1305078063
474,470,1305078068
471,470,1305078386
452,475,1305079347
475,452,1305079559
140,42,1305086660
402,423,1305088789
423,402,1305088807
140,476,1305089301
476,140,1305090971
22,437,1305091191
437,22,1305091200
1,455,1305091692
455,1,1305091806
355,477,1305093440
477,355,1305093648
437,478,1305094043
478,437,1305094107
355,455,1305097116
455,355,1305097183
218,186,1305112994
218,281,1305112994
218,289,1305113007
218,179,1305113011
218,383,1305113019
218,180,1305113036
218,303,1305113043
218,369,1305113054
46,479,1305116246
479,46,1305116263
218,312,1305116586
218,298,1305116598
218,309,1305116612
218,480,1305120209
480,43,1305123172
445,481,1305129559
481,445,1305130097
218,342,1305134603
227,436,1305135531
189,482,1305140556
482,189,1305140911
218,323,1305141790
107,164,1305142346
164,107,1305142401
344,165,1305146152
165,344,1305146275
482,483,1305149032
165,360,1305149981
483,482,1305150176
22,484,1305152580
369,366,1305158511
366,369,1305158536
320,181,1305160899
369,133,1305161039
133,369,1305161047
148,437,1305161175
452,413,1305161266
413,452,1305161348
320,485,1305164324
485,320,1305164569
244,479,1305164831
479,244,1305164900
7,455,1305168688
455,7,1305169050
113,160,1305169165
218,338,1305170590
160,113,1305170612
344,478,1305175785
7,184,1305176269
478,344,1305176936
218,307,1305188592
452,129,1305203762
129,452,1305203770
218,325,1305206595
218,292,1305210185
218,374,1305213790
333,486,1305214154
486,333,1305214167
482,217,1305224107
217,482,1305224357
218,322,1305224594
113,481,1305225033
231,357,1305229973
357,231,1305230019
357,487,1305230768
487,357,1305230834
18,488,1305232514
488,18,1305233258
475,181,1305233352
487,107,1305233374
261,490,1305238757
490,261,1305239197
437,148,1305241189
437,491,1305242132
491,437,1305242159
177,164,1305242243
164,177,1305242282
259,492,1305245823
217,476,1305246165
476,217,1305246215
449,493,1305247741
493,449,1305247825
491,128,1305251688
128,491,1305251725
128,217,1305251902
128,493,1305251913
217,128,1305251925
493,128,1305253227
475,494,1305253628
494,475,1305253679
456,493,1305254415
493,456,1305254417
452,495,1305254504
345,495,1305254510
495,345,1305254543
1,495,1305254867
491,445,1305254988
491,479,1305254998
479,491,1305255007
445,491,1305255008
181,475,1305255871
366,133,1305257890
133,366,1305257891
452,133,1305258385
133,452,1305258391
408,496,1305260065
4,313,1305261958
388,478,1305262949
478,388,1305263244
495,497,1305263336
107,487,1305263379
497,495,1305263580
495,484,1305264399
350,484,1305264989
484,350,1305265012
1,498,1305267250
497,484,1305268487
484,497,1305268558
487,445,1305271820
445,487,1305271843
46,448,1305272310
7,499,1305272732
492,259,1305274104
344,46,1305274527
46,438,1305274653
46,344,1305274662
462,495,1305274724
495,462,1305274759
452,388,1305276387
388,452,1305276413
499,46,1305277339
499,7,1305277340
475,499,1305278640
499,475,1305278738
218,215,1305285798
218,239,1305285806
218,195,1305285812
218,189,1305285813
218,190,1305285815
218,237,1305285819
481,113,1305288526
360,500,1305288610
218,386,1305289386
218,326,1305289401
218,321,1305289414
57,43,1305294367
17,57,1305294552
57,17,1305294663
482,22,1305294751
496,174,1305296915
336,501,1305296996
436,227,1305297077
436,420,1305297108
46,502,1305299434
502,46,1305299449
231,377,1305301929
377,231,1305302034
449,469,1305305895
469,449,1305306939
493,114,1305308709
218,217,1305310993
234,426,1305311279
426,234,1305311676
126,439,1305312607
345,437,1305313719
437,345,1305313733
402,500,1305313790
500,360,1305314001
500,402,1305314051
380,481,1305314177
481,380,1305314431
481,500,1305314968
441,503,1305316470
218,296,1305318204
452,504,1305322038
504,452,1305322579
160,505,1305326274
505,160,1305326627
484,506,1305327053
165,7,1305327114
7,165,1305327203
481,507,1305328848
503,441,1305333120
503,508,1305333719
508,503,1305333764
7,90,1305335065
491,348,1305335665
366,509,1305335933
509,366,1305335945
407,270,1305336993
407,483,1305337014
270,407,1305337062
481,510,1305337727
510,481,1305337751
348,491,1305339703
509,7,1305340740
218,387,1305343394
496,408,1305349771
164,511,1305355255
511,164,1305355268
511,423,1305355326
511,98,1305355354
441,7,1305359116
7,441,1305359130
7,508,1305361379
508,7,1305361407
508,355,1305363900
218,367,1305365008
355,508,1305365097
29,57,1305373215
57,29,1305373271
457,45,1305373908
425,513,1305374866
513,425,1305375300
7,283,1305377724
283,7,1305377793
215,514,1305380802
357,481,1305383370
481,357,1305384333
177,160,1305384893
160,177,1305385321
339,160,1305386386
218,234,1305386600
160,339,1305386627
463,487,1305388222
487,463,1305388271
160,186,1305389104
186,160,1305389116
133,160,1305389529
160,133,1305389537
515,463,1305390174
311,46,1305390393
46,311,1305390469
515,508,1305390477
508,515,1305390479
311,481,1305390560
481,311,1305390701
481,516,1305393158
516,481,1305393289
218,402,1305393814
481,517,1305396567
517,481,1305396594
347,160,1305398480
160,462,1305399034
160,347,1305399041
462,160,1305399254
355,518,1305400506
518,355,1305400557
164,449,1305402115
449,164,1305402592
65,519,1305403778
437,481,1305403827
481,437,1305403912
160,355,1305404112
355,160,1305404194
429,398,1305407804
160,520,1305409167
520,160,1305409194
355,521,1305411438
521,355,1305411465
429,256,1305412258
429,522,1305413123
522,429,1305414111
162,494,1305414119
494,385,1305414434
256,429,1305415109
218,207,1305415402
500,481,1305415869
385,494,1305416716
452,210,1305417588
429,107,1305417922
107,429,1305418038
210,452,1305418552
519,65,1305419238
519,404,1305419347
491,162,1305420957
162,491,1305420961
491,223,1305421146
223,491,1305421159
508,223,1305421731
223,508,1305421771
494,162,1305422057
481,223,1305422902
223,481,1305422917
223,523,1305424075
523,223,1305424310
160,223,1305425701
223,160,1305425726
121,249,1305432914
249,121,1305432967
441,456,1305435512
456,441,1305435599
440,314,1305437247
1,524,1305438446
524,525,1305438483
525,524,1305438535
526,527,1305438616
527,526,1305438636
46,512,1305442500
511,430,1305443644
430,511,1305443667
1,528,1305443881
528,1,1305443900
46,449,1305447815
1,529,1305447851
529,1,1305447897
449,46,1305448094
210,160,1305466645
160,210,1305466658
524,530,1305467714
530,524,1305467895
531,530,1305468084
530,531,1305468211
376,532,1305469504
160,360,1305477372
360,160,1305477466
244,469,1305477483
469,244,1305478081
129,46,1305478355
46,129,1305478368
107,354,1305480156
354,107,1305480163
148,230,1305482423
230,148,1305484455
311,508,1305487976
508,311,1305487981
125,369,1305488883
533,530,1305493883
533,531,1305494572
530,533,1305494834
457,460,1305495705
121,234,1305499185
234,121,1305499240
404,535,1305502710
535,404,1305502742
423,435,1305503646
423,537,1305503686
435,423,1305503783
366,538,1305505200
538,184,1305505260
538,366,1305505302
538,404,1305505751
404,538,1305505798
1,177,1305509119
177,1,1305509143
449,523,1305514498
523,449,1305514843
441,121,1305515513
121,441,1305515644
191,160,1305523885
489,27,1305543359
121,540,1305560259
540,121,1305560376
121,541,1305561626
541,121,1305561771
322,469,1305562297
469,322,1305562433
107,244,1305565271
7,49,1305565340
49,7,1305565476
7,65,1305565654
357,244,1305565824
244,357,1305565854
234,542,1305567464
541,543,1305568539
7,544,1305569958
544,7,1305569959
441,318,1305572185
449,441,1305574415
441,449,1305574431
164,441,1305581727
441,164,1305582073
545,121,1305582346
360,503,1305586833
348,160,1305587076
503,360,1305587097
160,348,1305587177
160,546,1305588131
494,547,1305590212
547,494,1305590463
366,549,1305592597
549,366,1305592645
186,550,1305593283
550,186,1305593289
491,494,1305593629
344,229,1305595545
11,479,1305596162
479,11,1305596171
184,538,1305596176
184,333,1305597038
333,184,1305597071
462,552,1305597331
184,237,1305597668
237,184,1305597926
125,437,1305598572
437,125,1305598638
7,512,1305600657
1,539,1305600755
121,545,1305600822
164,181,1305602728
404,519,1305602823
181,519,1305602926
181,164,1305602936
218,304,1305606209
133,7,1305607825
7,133,1305608753
11,554,1305608997
554,11,1305609089
388,555,1305610659
555,388,1305610730
345,556,1305613836
556,345,1305613928
458,557,1305627976
557,458,1305628137
548,547,1305628567
524,558,1305631002
558,524,1305631361
558,525,1305632359
558,559,1305634282
559,558,1305634318
547,548,1305640917
429,456,1305644050
456,429,1305644095
121,560,1305644227
560,121,1305644384
121,561,1305646103
561,121,1305646437
121,562,1305647064
562,121,1305647124
445,563,1305647383
563,445,1305647435
525,564,1305649143
564,525,1305649150
46,551,1305649678
551,46,1305649686
46,499,1305650129
537,423,1305650549
46,481,1305650853
46,565,1305652414
565,46,1305652454
46,233,1305652820
233,46,1305654177
121,566,1305655737
565,11,1305657906
11,565,1305657912
196,567,1305658063
567,196,1305658114
11,121,1305658191
121,11,1305658224
546,160,1305658946
160,568,1305661339
558,569,1305661465
568,160,1305661589
231,570,1305663145
570,231,1305663198
121,571,1305664574
507,46,1305664965
571,121,1305665953
85,511,1305667201
511,85,1305667493
11,572,1305667849
572,11,1305667874
573,259,1305669065
511,259,1305669096
259,573,1305669171
481,46,1305669572
481,160,1305669659
543,528,1305669934
160,481,1305670104
229,162,1305671511
528,543,1305671575
558,574,1305674010
574,558,1305674026
265,575,1305675064
575,265,1305675600
463,515,1305676168
259,577,1305681290
577,259,1305681302
366,577,1305683530
577,366,1305683557
423,511,1305686150
265,518,1305689776
17,578,1305690291
578,17,1305691092
445,1,1305692549
11,579,1305692800
579,580,1305692837
579,11,1305692846
580,579,1305692873
423,581,1305695289
581,423,1305695413
121,582,1305695528
582,121,1305696710
11,580,1305697758
445,7,1305697887
580,11,1305697899
7,445,1305698226
11,70,1305698600
70,11,1305698692
307,335,1305700588
162,583,1305704401
164,388,1305705733
569,558,1305705905
388,164,1305706115
335,307,1305712027
552,546,1305713488
546,552,1305713615
576,7,1305713701
7,576,1305714708
553,11,1305723918
11,553,1305723965
85,205,1305728695
85,181,1305728759
25,584,1305731731
584,25,1305732255
231,585,1305733821
429,586,1305735331
445,265,1305735770
85,256,1305743019
265,445,1305746758
121,339,1305747096
531,533,1305749246
256,85,1305749839
377,237,1305750019
237,377,1305751703
527,494,1305752522
494,527,1305752536
525,558,1305753873
588,565,1305759412
565,588,1305759430
538,588,1305759603
588,538,1305759638
265,4,1305760773
4,265,1305761024
184,256,1305763548
449,498,1305765469
366,7,1305767241
7,366,1305767271
256,184,1305767355
184,589,1305768717
589,184,1305768817
583,162,1305769595
456,590,1305771276
590,456,1305771294
583,511,1305783845
511,583,1305784009
484,591,1305818095
591,484,1305818144
587,307,1305819551
218,201,1305822198
218,222,1305822207
106,357,1305823164
357,106,1305823196
498,449,1305826504
475,592,1305826925
592,475,1305827047
85,7,1305830962
498,164,1305834713
407,552,1305836942
576,593,1305837099
552,407,1305837139
593,576,1305837307
593,594,1305837410
576,552,1305837453
552,576,1305837493
463,256,1305839572
256,463,1305839621
218,238,1305840184
218,227,1305840206
7,85,1305841706
592,121,1305844026
121,592,1305844083
356,303,1305845332
548,595,1305847624
303,456,1305847883
456,303,1305848078
65,28,1305850084
162,229,1305852341
595,596,1305853567
596,595,1305853623
176,303,1305855819
261,229,1305858767
597,547,1305860984
338,347,1305862639
164,598,1305863956
598,164,1305864150
429,599,1305865667
599,429,1305866706
484,546,1305879028
546,484,1305879033
218,294,1305883399
28,65,1305893533
570,538,1305894441
538,570,1305894471
217,590,1305901173
590,217,1305901183
218,212,1305901414
218,305,1305901424
566,602,1305904285
566,121,1305904349
218,166,1305905016
7,603,1305906052
603,7,1305906098
46,603,1305906294
603,46,1305906460
121,604,1305908350
169,590,1305910941
590,169,1305911217
482,590,1305911326
607,608,1305914437
608,607,1305914489
2,592,1305917102
592,2,1305917351
189,607,1305917890
607,189,1305918293
592,607,1305918570
607,592,1305918583
604,121,1305919043
463,609,1305919225
107,592,1305920807
592,107,1305920834
407,89,1305921150
106,164,1305924567
164,106,1305924657
610,611,1305925330
611,610,1305925819
570,456,1305926806
456,570,1305926844
121,237,1305927116
237,121,1305928644
611,607,1305929321
607,611,1305929703
588,610,1305930776
610,588,1305930902
552,456,1305939048
456,552,1305939075
423,612,1305939181
612,423,1305942074
363,607,1305945269
42,498,1305945746
139,607,1305947217
607,363,1305947295
286,554,1305947516
554,286,1305947544
607,139,1305948072
133,286,1305951982
286,133,1305952057
609,463,1305953546
286,613,1305956532
613,286,1305956672
22,217,1305958872
217,22,1305958887
233,590,1305963562
566,614,1305966265
614,566,1305966728
7,615,1305972919
615,7,1305972985
22,616,1305975691
616,22,1305975705
7,616,1305980430
616,7,1305980468
2,618,1305986186
618,2,1305986194
590,233,1305986498
542,592,1305986706
592,542,1305986909
197,363,1305989122
363,197,1305989503
592,363,1305990937
363,592,1305990950
592,351,1305993008
335,21,1305998442
397,620,1306001224
107,621,1306002221
621,107,1306002298
620,397,1306002375
621,484,1306003692
621,622,1306004056
622,621,1306004399
121,623,1306011393
595,126,1306013215
126,595,1306013269
566,624,1306013324
530,534,1306013371
534,530,1306013509
624,566,1306013650
595,619,1306015160
351,592,1306016091
623,121,1306016129
619,595,1306016211
218,282,1306016614
610,624,1306019945
624,610,1306020352
566,625,1306020785
625,566,1306020930
74,415,1306031286
217,624,1306038342
2,477,1306038669
624,217,1306038709
607,217,1306039082
217,607,1306039103
164,454,1306040030
477,2,1306040332
454,164,1306041238
611,2,1306042313
256,626,1306042758
626,256,1306042954
217,256,1306043691
256,217,1306043874
256,627,1306051002
627,256,1306051276
524,1,1306054458
227,628,1306070821
525,530,1306075703
530,525,1306075813
397,227,1306077196
227,397,1306077269
146,397,1306078601
614,227,1306079567
227,614,1306079594
184,227,1306082636
227,184,1306082656
1,44,1306083435
67,44,1306083717
184,484,1306084555
397,146,1306085268
360,611,1306085477
611,360,1306085591
227,613,1306087168
613,227,1306087821
280,630,1306087839
280,631,1306087858
630,280,1306087983
613,632,1306088344
632,613,1306088452
613,107,1306088890
107,613,1306088989
628,227,1306088997
178,397,1306090811
592,552,1306090988
552,592,1306091007
552,256,1306091959
256,552,1306091973
592,522,1306092542
522,592,1306092601
227,1,1306093951
1,227,1306094215
602,627,1306094786
627,602,1306094802
256,311,1306095239
311,256,1306095302
397,178,1306096691
360,607,1306100389
607,360,1306100506
592,133,1306100647
133,592,1306100769
590,227,1306101381
227,590,1306101420
303,176,1306101832
81,44,1306102356
4,501,1306102554
4,7,1306102575
590,237,1306102676
237,590,1306102683
227,634,1306104403
592,463,1306104590
463,592,1306104594
634,227,1306105880
388,618,1306106586
7,539,1306108661
607,634,1306110004
634,607,1306111686
2,611,1306115047
423,635,1306115862
635,423,1306115863
456,280,1306116333
592,380,1306119931
380,592,1306119980
380,7,1306120580
7,380,1306120757
1,17,1306120947
522,607,1306121651
607,522,1306121678
590,607,1306123972
607,590,1306124001
590,1,1306124713
1,590,1306124744
484,636,1306124745
407,505,1306129206
1,637,1306132108
637,1,1306132162
307,638,1306133235
307,587,1306133473
505,407,1306135722
631,280,1306143772
377,429,1306146823
429,377,1306146978
587,639,1306147061
20,640,1306153179
640,20,1306153431
638,307,1306159032
614,641,1306161009
641,614,1306161026
614,610,1306161942
610,614,1306162007
636,484,1306162519
594,593,1306163374
610,7,1306164494
7,610,1306164523
388,642,1306165995
614,286,1306166321
286,614,1306166344
204,640,1306169219
640,204,1306169337
593,590,1306170503
590,593,1306170604
640,107,1306171899
107,640,1306171945
530,629,1306174901
265,46,1306177474
545,644,1306179837
85,640,1306179853
644,545,1306179869
630,483,1306179870
483,630,1306179950
227,57,1306180044
640,85,1306180088
637,645,1306180143
645,637,1306180283
227,7,1306180594
204,7,1306180972
639,587,1306184036
610,18,1306194973
18,646,1306197148
646,18,1306197582
607,647,1306197605
647,607,1306197630
590,482,1306198863
22,372,1306201610
388,590,1306201868
590,388,1306201877
610,646,1306204626
366,627,1306204665
627,366,1306204678
259,648,1306205218
648,259,1306205224
456,647,1306205284
646,610,1306208691
590,649,1306209626
649,590,1306209635
457,423,1306213580
280,650,1306213977
4,280,1306214744
650,280,1306214966
280,4,1306215294
607,311,1306235836
311,607,1306236075
7,155,1306238451
484,651,1306256779
651,484,1306256819
204,652,1306259248
640,653,1306264106
653,640,1306264155
537,611,1306264336
611,537,1306264501
339,121,1306268291
107,627,1306274417
627,107,1306277944
133,511,1306283838
511,133,1306283896
590,610,1306289480
610,590,1306289485
355,176,1306291022
176,355,1306291074
425,654,1306296838
618,388,1306328118
604,594,1306330657
594,604,1306330772
28,638,1306333427
638,28,1306333629
1,655,1306336012
655,656,1306336024
590,379,1306336845
651,379,1306336896
594,379,1306337874
656,655,1306339548
379,590,1306341014
379,651,1306341075
379,594,1306341091
265,640,1306342236
640,265,1306342291
357,590,1306344725
590,357,1306344734
643,530,1306347676
530,643,1306347744
312,7,1306354061
7,312,1306354091
530,606,1306354176
606,530,1306354192
658,586,1306356046
576,360,1306358460
590,360,1306364884
322,7,1306365520
7,322,1306365541
347,590,1306365767
590,347,1306365805
107,657,1306366321
483,42,1306369620
42,483,1306369739
520,659,1306370581
659,520,1306370670
528,647,1306371845
647,528,1306372094
133,660,1306372937
660,133,1306373067
7,626,1306374953
657,107,1306375408
265,661,1306376011
661,265,1306376263
661,484,1306376758
160,662,1306377004
661,360,1306377241
360,661,1306377377
360,590,1306377564
662,160,1306377858
164,657,1306379103
657,164,1306379153
139,286,1306379725
484,662,1306379929
662,484,1306380012
286,139,1306380104
580,7,1306380849
7,580,1306380888
413,484,1306381974
619,55,1306383849
509,663,1306384021
663,509,1306384028
663,568,1306384064
377,651,1306393868
651,377,1306393877
651,545,1306402044
545,651,1306402064
601,531,1306408214
602,594,1306410659
164,594,1306410776
594,602,1306410782
594,164,1306410830
558,601,1306413707
594,665,1306416814
665,594,1306417127
22,99,1306418572
99,22,1306418837
602,666,1306419626
661,594,1306421019
594,661,1306421100
666,602,1306421598
651,85,1306424039
85,651,1306424065
545,484,1306425811
484,545,1306426881
607,545,1306430086
545,607,1306430185
531,601,1306430374
133,482,1306432719
482,133,1306432827
604,204,1306433903
204,604,1306433920
537,668,1306436170
530,667,1306436238
667,530,1306436500
668,537,1306436595
133,351,1306438908
657,42,1306440580
164,664,1306444753
7,599,1306446575
599,7,1306447007
20,586,1306447241
664,164,1306447575
351,133,1306447677
626,7,1306448930
105,7,1306450115
231,482,1306452535
164,46,1306457032
46,164,1306457106
647,265,1306458659
586,20,1306460473
586,658,1306460521
669,7,1306462223
669,378,1306462252
669,670,1306462257
430,671,1306463128
671,430,1306463206
33,4,1306463585
378,669,1306463777
614,647,1306463947
647,614,1306463954
21,335,1306463984
283,445,1306465742
76,672,1306466731
4,33,1306469022
498,368,1306469779
217,282,1306471798
282,217,1306472286
421,410,1306473523
539,7,1306475362
388,484,1306476159
484,388,1306476233
484,673,1306477248
601,558,1306479851
607,673,1306482599
7,669,1306482978
397,279,1306485862
670,669,1306505198
522,351,1306507359
638,676,1306510359
557,678,1306515333
678,557,1306515359
146,679,1306515538
46,680,1306517470
680,46,1306517833
611,677,1306518776
679,146,1306518922
677,611,1306519067
7,115,1306519740
645,681,1306521897
681,645,1306522035
351,522,1306524271
676,638,1306525150
681,682,1306526397
682,681,1306526424
28,164,1306527926
164,28,1306528050
607,683,1306530964
683,607,1306531049
463,441,1306533845
7,684,1306536996
684,7,1306537144
347,677,1306537460
46,684,1306537798
441,463,1306538033
677,347,1306539951
511,685,1306543347
685,511,1306543505
107,679,1306543701
679,107,1306543794
498,686,1306551790
121,600,1306551845
686,498,1306551855
686,687,1306552571
687,686,1306552777
687,348,1306553671
590,348,1306553800
348,687,1306553874
348,590,1306553908
430,552,1306554675
552,430,1306554698
245,218,1306554907
651,509,1306557303
314,689,1306560700
324,484,1306563784
484,324,1306563942
688,484,1306565871
484,688,1306565892
674,667,1306576099
430,690,1306580277
690,430,1306580303
104,148,1306606637
148,104,1306606839
4,499,1306611684
286,76,1306612221
354,691,1306613024
612,178,1306630032
178,612,1306630778
176,456,1306633897
456,176,1306635761
7,692,1306644708
692,7,1306644897
393,176,1306647594
176,393,1306647787
286,15,1306682663
590,445,1306685052
445,590,1306685069
691,693,1306685663
618,603,1306686801
484,614,1306687248
614,484,1306687261
484,184,1306687772
568,663,1306689057
667,531,1306692475
531,667,1306692638
640,694,1306705898
694,640,1306706147
373,552,1306706870
552,373,1306707017
498,695,1306707509
695,498,1306709017
339,636,1306712165
636,339,1306712449
614,133,1306720444
133,614,1306720458
452,11,1306723953
11,452,1306724603
239,696,1306727044
696,239,1306727093
614,697,1306728065
697,614,1306728111
665,76,1306728417
239,43,1306728544
76,665,1306728607
307,604,1306738330
604,307,1306740609
633,558,1306745642
558,633,1306745657
675,558,1306747898
558,675,1306750589
693,698,1306750890
525,699,1306753589
699,525,1306753727
11,700,1306758479
602,700,1306759884
638,604,1306763656
604,638,1306763824
11,701,1306767840
701,11,1306767925
700,11,1306770862
700,602,1306770892
673,607,1306771506
11,607,1306772472
339,604,1306776000
604,339,1306776016
593,701,1306778520
701,702,1306778538
702,701,1306778584
701,593,1306778599
348,27,1306779145
11,703,1306780556
703,11,1306780931
107,702,1306781427
702,107,1306781464
27,348,1306782389
129,2,1306782449
129,206,1306782452
129,185,1306782459
129,30,1306782464
593,704,1306782502
704,593,1306782611
30,129,1306782884
30,185,1306782898
30,206,1306782901
30,1,1306782916
27,351,1306782934
647,705,1306783439
705,647,1306783615
647,703,1306785172
691,501,1306786712
501,691,1306787898
691,706,1306792587
706,691,1306792639
691,707,1306794128
707,691,1306794421
691,708,1306795988
708,691,1306796128
413,125,1306802860
125,413,1306803036
570,413,1306804343
413,570,1306804386
647,709,1306804594
413,673,1306805305
11,710,1306806552
710,11,1306806656
536,468,1306806830
660,711,1306807949
711,660,1306808107
164,712,1306810806
712,164,1306811437
322,164,1306812671
164,322,1306812688
366,673,1306812914
673,366,1306812957
590,269,1306813379
269,590,1306813420
269,11,1306813442
638,713,1306813559
648,33,1306818256
229,45,1306820448
648,484,1306820715
484,648,1306820877
693,691,1306823256
604,652,1306825076
698,693,1306832022
713,638,1306834326
693,714,1306835781
420,715,1306838893
607,716,1306844551
351,27,1306845191
716,607,1306845366
351,181,1306845835
231,641,1306857618
641,231,1306857638
594,445,1306857643
594,46,1306857663
445,594,1306857773
468,536,1306858270
2,717,1306859587
717,2,1306859798
164,718,1306859938
718,164,1306860049
231,413,1306860518
413,231,1306860532
270,218,1306861010
413,703,1306861880
703,413,1306862156
2,703,1306862212
703,2,1306862442
530,720,1306864311
720,530,1306864451
594,722,1306865375
722,594,1306865427
530,617,1306865896
617,530,1306866116
607,723,1306868077
11,594,1306870000
594,11,1306870011
723,607,1306870173
11,724,1306871598
724,11,1306871619
725,373,1306873101
388,410,1306873207
607,107,1306873810
377,594,1306881621
594,377,1306881698
7,319,1306881774
222,536,1306882088
536,222,1306882319
96,726,1306884278
726,96,1306884638
7,581,1306885017
581,7,1306885064
413,710,1306885778
710,413,1306885820
155,7,1306886300
189,42,1306886594
191,727,1306892621
727,191,1306893140
594,484,1306894293
484,594,1306894432
590,484,1306896050
484,590,1306896104
484,728,1306898523
728,484,1306898690
46,729,1306906479
729,46,1306906533
386,314,1306908907
107,607,1306911509
210,723,1306927178
723,210,1306927482
436,427,1306927698
427,436,1306927902
552,462,1306934031
210,731,1306934070
731,210,1306934225
552,565,1306936248
99,732,1306936699
732,99,1306936885
210,733,1306938523
688,169,1306938709
1,732,1306939155
732,1,1306939194
1,607,1306939892
607,1,1306939934
733,210,1306942302
169,688,1306943051
734,735,1306944965
735,734,1306945199
565,552,1306946658
210,736,1306947949
436,719,1306948150
736,210,1306949414
691,737,1306953983
737,691,1306954000
607,738,1306960265
738,607,1306960315
701,739,1306963242
73,740,1306963393
740,73,1306963429
231,741,1306964874
741,231,1306965034
231,742,1306965580
742,231,1306965709
741,743,1306965887
743,741,1306965920
231,701,1306966112
701,231,1306966136
164,744,1306967154
744,164,1306967315
547,745,1306968278
745,547,1306968326
746,30,1306969031
746,747,1306969074
164,552,1306972331
740,707,1306972747
707,740,1306972840
430,496,1306973384
496,430,1306973393
746,604,1306973694
445,748,1306978921
445,749,1306978933
285,749,1306979364
728,166,1306979501
590,311,1306979556
166,728,1306979633
311,590,1306979639
716,750,1306980018
750,716,1306980042
726,496,1306981250
139,76,1306981263
496,726,1306981285
164,751,1306981332
133,590,1306981886
590,133,1306981922
748,445,1306981972
737,692,1306982242
692,737,1306982248
751,164,1306982406
749,445,1306982672
590,692,1306982755
749,285,1306982762
692,590,1306982800
726,752,1306983770
716,753,1306984224
753,716,1306984328
752,726,1306985627
46,42,1306986817
496,754,1306987715
754,496,1306988448
164,738,1306991060
597,548,1306992215
7,46,1306994515
600,7,1306996206
483,755,1306997082
716,756,1306997871
755,483,1306998042
702,757,1307000025
757,702,1307000041
756,716,1307000725
716,758,1307002565
758,716,1307002584
716,759,1307002656
759,716,1307002765
497,760,1307003722
760,497,1307003778
532,376,1307006568
743,747,1307010627
747,743,1307011110
594,761,1307019177
594,762,1307019437
762,594,1307019576
761,594,1307019683
217,594,1307026225
594,217,1307027236
552,763,1307027594
763,552,1307027739
763,484,1307027756
594,764,1307029270
764,594,1307029397
217,589,1307031832
589,217,1307031862
460,457,1307031971
460,76,1307032133
380,765,1307032627
380,609,1307034193
667,674,1307035550
609,380,1307035698
210,767,1307035941
380,721,1307035973
96,53,1307036096
496,657,1307036215
721,380,1307036309
767,210,1307036383
712,496,1307036737
657,496,1307037761
691,768,1307038335
594,2,1307038469
2,594,1307038479
2,691,1307038484
768,691,1307038600
701,769,1307038629
769,701,1307038771
2,11,1307038831
11,2,1307038941
691,2,1307039032
380,739,1307039465
594,770,1307040561
770,594,1307040664
602,771,1307042967
771,602,1307042995
770,29,1307043440
231,772,1307043532
772,231,1307043573
29,770,1307043597
739,701,1307044229
739,380,1307044263
739,773,1307044315
773,739,1307044316
740,217,1307044429
29,640,1307045199
640,29,1307045224
602,774,1307045441
530,775,1307046311
602,566,1307046618
357,1,1307048882
1,357,1307049475
774,602,1307049838
314,1,1307051141
1,314,1307051395
776,210,1307052961
210,776,1307053020
498,777,1307053181
777,498,1307053251
774,684,1307054366
684,774,1307054373
684,771,1307054552
771,684,1307054892
771,139,1307055484
139,771,1307055512
726,647,1307056628
647,726,1307056757
684,139,1307056771
139,684,1307056856
684,726,1307056911
726,684,1307056933
726,188,1307057328
188,726,1307057534
738,7,1307058219
4,483,1307058364
684,739,1307058792
739,684,1307058809
11,483,1307058884
188,684,1307058993
684,188,1307059007
76,139,1307059142
76,324,1307059249
324,76,1307059288
647,740,1307059601
752,647,1307061270
647,752,1307061354
404,778,1307061771
729,500,1307062062
500,729,1307062415
738,164,1307062625
752,378,1307063496
738,779,1307063588
779,738,1307063691
378,752,1307063806
99,754,1307064640
496,712,1307065151
595,763,1307065278
763,595,1307065327
754,99,1307065836
42,657,1307067007
498,647,1307067010
647,498,1307067047
647,780,1307071149
780,647,1307071308
498,754,1307074494
775,530,1307074511
539,1,1307076088
684,683,1307077072
683,684,1307077097
683,498,1307077116
754,498,1307077146
729,782,1307077630
782,729,1307077674
539,647,1307078760
484,2,1307079072
1,9,1307079554
647,539,1307079581
9,1,1307079616
783,498,1307082091
684,647,1307083871
673,484,1307086417
783,785,1307087177
785,783,1307087199
164,498,1307090666
783,786,1307091469
244,160,1307092052
160,244,1307092150
607,787,1307092689
22,788,1307092762
785,786,1307093717
786,785,1307094672
787,607,1307095418
754,789,1307095654
789,754,1307095668
651,790,1307095711
256,484,1307098400
736,31,1307102825
4,498,1307103234
231,734,1307108477
495,792,1307109082
792,495,1307109121
719,793,1307109361
719,436,1307109422
719,794,1307109438
17,736,1307109792
46,360,1307110635
360,46,1307110740
794,719,1307111262
743,22,1307111537
22,743,1307111544
743,506,1307112525
46,508,1307113189
508,46,1307113225
739,460,1307113536
771,735,1307113985
735,771,1307114004
460,739,1307115140
738,661,1307115423
661,738,1307115651
661,792,1307115654
27,795,1307117081
738,1,1307117317
1,738,1307117325
795,27,1307117364
372,22,1307118611
735,796,1307119239
796,735,1307119347
107,779,1307120553
107,160,1307120673
160,107,1307120794
311,738,1307123417
738,311,1307123496
27,797,1307123683
714,798,1307123818
798,714,1307123843
714,693,1307123853
792,661,1307125271
44,81,1307125676
521,798,1307127103
798,521,1307127175
712,799,1307127963
791,800,1307128627
800,791,1307128708
171,801,1307128924
734,231,1307129255
801,171,1307129544
171,802,1307130775
483,11,1307131756
483,4,1307131767
779,171,1307131927
802,171,1307132120
171,779,1307132690
791,320,1307132898
734,803,1307135316
649,647,1307136823
647,649,1307136993
2,738,1307137061
738,2,1307137106
649,796,1307137129
796,649,1307137203
647,178,1307137323
351,204,1307137379
178,647,1307137561
649,804,1307137609
804,649,1307137779
649,484,1307138602
178,805,1307138606
484,649,1307138903
647,806,1307140464
806,647,1307140488
791,728,1307140638
728,791,1307140720
791,807,1307140740
791,694,1307140825
204,808,1307141611
808,204,1307141669
805,647,1307141949
171,777,1307144209
777,171,1307144286
189,809,1307145229
809,189,1307145595
590,256,1307145600
256,590,1307145805
728,806,1307147073
590,810,1307147308
810,590,1307147353
810,500,1307147450
807,791,1307147579
307,797,1307147756
810,647,1307148138
797,307,1307149632
806,728,1307149814
7,509,1307150279
547,597,1307152700
96,811,1307153758
811,96,1307153874
806,812,1307154194
812,806,1307154210
178,256,1307154800
256,178,1307154875
279,397,1307156123
522,813,1307156595
196,17,1307156662
17,196,1307156782
647,814,1307158261
814,647,1307158306
815,816,1307159622
815,647,1307159628
815,817,1307159643
647,815,1307159750
31,818,1307159972
256,819,1307160803
819,256,1307160920
818,31,1307161064
806,265,1307161893
265,806,1307161897
813,522,1307162396
256,820,1307163075
820,256,1307163116
673,647,1307165035
164,673,1307166044
11,647,1307166125
647,821,1307169733
821,647,1307169760
647,673,1307169791
758,791,1307172516
791,614,1307172632
614,791,1307172646
791,758,1307172685
783,583,1307175686
791,256,1307176098
314,455,1307176988
455,314,1307177013
256,729,1307179010
729,256,1307179123
455,529,1307179575
529,455,1307179628
351,822,1307183719
729,779,1307183740
822,351,1307184597
822,745,1307184808
495,673,1307184923
673,495,1307185228
791,779,1307186136
779,729,1307186517
779,791,1307186530
791,823,1307188467
823,791,1307189091
2,614,1307189946
614,2,1307189984
729,730,1307191215
801,789,1307191357
789,801,1307191409
256,824,1307191514
335,797,1307192058
797,335,1307192467
803,734,1307194821
816,815,1307194857
647,791,1307198593
791,647,1307198593
791,825,1307198611
825,791,1307198674
825,714,1307198679
133,244,1307201771
647,826,1307202094
826,647,1307202130
791,827,1307202744
827,791,1307202809
27,821,1307203964
821,828,1307204185
828,821,1307204199
244,133,1307204200
821,27,1307204727
244,440,1307204846
440,244,1307204895
307,829,1307205357
738,729,1307205575
729,738,1307205576
823,830,1307205918
830,823,1307205948
791,831,1307207574
831,791,1307207588
829,307,1307208075
791,832,1307208677
832,791,1307208763
244,256,1307209286
256,244,1307209309
496,76,1307209417
738,498,1307209538
379,244,1307209606
436,833,1307210175
833,436,1307210211
823,834,1307211362
834,823,1307211401
821,729,1307211957
729,821,1307212122
821,835,1307212521
821,691,1307212621
691,821,1307212641
244,379,1307212922
821,694,1307213256
694,821,1307213269
692,722,1307213353
821,11,1307213859
11,821,1307213925
244,566,1307214256
821,836,1307214260
757,821,1307214468
821,757,1307214470
484,496,1307214913
496,484,1307214984
566,244,1307215439
836,821,1307215597
647,810,1307215695
11,734,1307216059
734,11,1307216091
835,821,1307216191
825,647,1307217581
647,825,1307217609
335,506,1307219769
7,837,1307220657
837,7,1307220711
825,838,1307220956
838,825,1307221023
684,834,1307222615
834,684,1307222647
791,839,1307222808
508,552,1307224475
552,508,1307224572
791,783,1307225551
839,791,1307225755
656,842,1307226449
841,843,1307226649
843,841,1307226786
842,656,1307227589
538,833,1307228145
833,538,1307228210
11,659,1307229556
659,11,1307229657
694,684,1307230173
684,694,1307230204
783,791,1307230450
783,729,1307230482
761,845,1307230814
845,761,1307230905
11,846,1307231255
846,11,1307231286
379,847,1307232729
647,824,1307234148
824,647,1307234171
113,694,1307234415
581,734,1307234750
133,673,1307236609
673,133,1307236621
498,849,1307240170
791,543,1307240441
791,577,1307240841
543,791,1307240995
777,727,1307243501
727,777,1307243512
647,377,1307244449
377,647,1307244479
701,245,1307244632
245,701,1307244643
729,507,1307245397
507,729,1307245535
496,164,1307246850
22,850,1307249876
850,22,1307249980
7,851,1307253003
71,852,1307255039
852,71,1307255106
727,598,1307256759
684,256,1307257719
595,114,1307258186
256,684,1307258736
647,441,1307259261
441,647,1307259437
847,379,1307259463
691,455,1307260569
455,691,1307260589
11,498,1307262653
498,11,1307262676
691,781,1307263337
441,853,1307263824
853,441,1307263971
598,727,1307266424
734,854,1307273036
734,498,1307273118
11,41,1307276062
41,11,1307276107
344,734,1307277520
734,344,1307277684
614,11,1307277852
11,614,1307277901
495,855,1307278886
808,527,1307282597
527,808,1307282887
791,856,1307283200
856,791,1307283406
691,857,1307283693
857,691,1307283728
614,858,1307284378
858,614,1307284586
701,496,1307285923
496,701,1307286021
577,791,1307287038
734,581,1307287507
188,234,1307290716
234,188,1307291201
761,859,1307291399
256,860,1307291477
859,761,1307291557
701,860,1307291716
860,701,1307291904
860,861,1307291973
667,721,1307294046
721,667,1307294099
20,739,1307294246
46,841,1307294364
468,376,1307295069
46,593,1307295134
484,838,1307295143
838,484,1307295166
484,862,1307295182
862,484,1307295215
593,46,1307297150
864,691,1307297994
142,168,1307298120
168,142,1307298333
379,701,1307298661
701,379,1307298709
761,791,1307298921
791,761,1307298967
864,865,1307299443
107,734,1307299948
734,107,1307300589
865,858,1307301172
858,865,1307301199
761,339,1307302186
339,761,1307302203
865,169,1307303079
379,734,1307306213
734,379,1307306326
721,866,1307309182
791,734,1307309182
866,721,1307309193
46,868,1307309198
46,199,1307309203
7,712,1307309551
712,7,1307309575
751,7,1307309772
7,751,1307309824
199,46,1307309914
866,869,1307309993
869,866,1307310168
869,509,1307310180
869,791,1307310216
691,870,1307311086
188,357,1307311785
357,188,1307311888
870,691,1307313302
691,871,1307313334
871,691,1307313359
861,860,1307313660
797,506,1307313960
867,866,1307313973
866,867,1307313986
791,845,1307314209
701,199,1307314442
199,701,1307314447
864,199,1307314794
441,498,1307316230
498,441,1307316233
46,618,1307317278
618,46,1307317298
522,872,1307318426
872,522,1307319029
870,873,1307319642
873,870,1307319901
864,366,1307320623
873,729,1307322152
441,874,1307322164
874,441,1307322433
791,673,1307322438
25,673,1307324193
673,25,1307324227
729,873,1307324438
672,76,1307326771
1,506,1307327004
506,1,1307327088
866,763,1307330908
229,344,1307332314
229,261,1307332406
673,750,1307333229
866,875,1307333334
750,673,1307334132
483,876,1307334173
876,483,1307334219
498,740,1307335537
757,791,1307336710
875,866,1307336939
456,794,1307337285
794,456,1307337289
866,484,1307337490
484,866,1307337681
508,647,1307339817
508,441,1307339858
647,508,1307340020
866,877,1307340714
441,508,1307340945
877,866,1307341458
256,878,1307342344
783,441,1307348378
441,783,1307349320
684,878,1307350160
879,878,1307352306
684,880,1307353691
880,684,1307353714
880,618,1307354459
618,880,1307354479
864,484,1307355803
92,882,1307357102
882,92,1307357216
729,618,1307358365
797,28,1307358487
618,729,1307358569
28,797,1307358823
667,574,1307360818
344,850,1307362297
429,883,1307362523
883,429,1307362727
850,344,1307362729
729,884,1307363916
884,729,1307364155
307,734,1307364560
604,379,1307365942
379,604,1307365964
729,885,1307366355
885,729,1307366391
729,886,1307366697
614,887,1307367862
164,864,1307368290
864,164,1307368317
729,694,1307368993
887,614,1307369392
694,729,1307369652
864,7,1307370034
888,379,1307370434
826,866,1307375608
797,889,1307375700
889,797,1307375764
726,507,1307376222
507,726,1307376328
797,27,1307376516
726,891,1307376712
866,887,1307378436
887,866,1307378713
69,889,1307379047
891,726,1307379139
889,69,1307380455
536,423,1307380539
734,307,1307380575
866,886,1307380784
886,866,1307380867
107,764,1307382414
196,892,1307382653
764,107,1307382661
892,196,1307382692
886,729,1307382956
801,791,1307387427
335,734,1307388018
539,234,1307388912
234,539,1307388925
787,506,1307389198
404,894,1307389499
734,335,1307391609
140,895,1307391832
895,140,1307391980
844,812,1307392257
734,791,1307392323
812,844,1307392695
885,791,1307393008
791,885,1307393054
436,486,1307394862
486,436,1307394936
727,536,1307396013
536,727,1307397045
739,20,1307400282
896,881,1307400727
866,897,1307402154
69,898,1307402449
897,866,1307402481
701,107,1307404504
797,900,1307404846
587,30,1307405233
844,861,1307405729
861,844,1307405789
647,886,1307406319
901,902,1307407377
902,901,1307408313
881,878,1307413682
694,15,1307413792
245,813,1307415041
844,904,1307415265
904,844,1307416472
855,495,1307417632
855,496,1307417749
760,905,1307419299
905,760,1307419644
848,404,1307422079
404,848,1307422102
92,80,1307431766
899,18,1307433212
7,906,1307434058
906,7,1307434441
754,27,1307434452
27,754,1307434527
574,667,1307435045
895,20,1307436992
20,895,1307437066
164,906,1307438838
906,164,1307438910
758,907,1307441530
335,908,1307445203
908,335,1307445871
222,909,1307448159
909,222,1307448182
673,684,1307449996
694,791,1307451253
307,889,1307451347
880,853,1307453986
685,791,1307455334
685,839,1307455516
839,685,1307455545
875,910,1307459823
910,875,1307459824
92,133,1307460141
133,92,1307460149
360,234,1307462061
234,360,1307462165
673,791,1307466268
716,912,1307469257
912,716,1307469454
889,307,1307471101
716,76,1307471285
377,791,1307471337
791,377,1307471365
76,716,1307471387
890,886,1307471428
649,913,1307471782
791,914,1307472278
853,880,1307473194
791,915,1307473435
914,791,1307473568
915,791,1307474579
791,892,1307474946
204,351,1307475960
791,701,1307476715
701,791,1307476736
791,917,1307477939
917,791,1307477945
791,918,1307478344
610,164,1307479557
164,610,1307479572
7,94,1307482055
866,919,1307484451
791,878,1307484510
919,866,1307484592
688,791,1307484712
851,7,1307485124
881,363,1307485802
363,881,1307485834
7,921,1307488001
921,7,1307488084
363,919,1307488599
919,363,1307488621
922,7,1307489376
866,890,1307489426
890,866,1307489605
791,853,1307490694
463,234,1307493931
234,463,1307494159
892,791,1307494954
245,760,1307495588
133,234,1307495698
901,924,1307495711
234,133,1307495712
806,925,1307495862
924,901,1307495885
925,806,1307495913
234,495,1307497532
495,234,1307497898
729,926,1307498578
926,729,1307498712
538,844,1307499779
844,538,1307499815
926,788,1307500093
234,726,1307500644
726,234,1307500840
791,893,1307501211
881,314,1307501551
314,881,1307501633
893,791,1307501716
665,786,1307501757
786,665,1307502211
881,883,1307502768
883,881,1307502770
729,923,1307503294
378,7,1307504979
760,927,1307505619
760,245,1307505630
164,784,1307507430
784,164,1307507601
234,925,1307507923
925,234,1307507949
160,925,1307508385
925,160,1307508414
507,928,1307508874
928,507,1307508906
160,495,1307509354
673,929,1307509790
927,760,1307510666
861,930,1307513544
701,931,1307513590
566,377,1307513655
377,566,1307513684
930,861,1307513829
931,701,1307517366
498,107,1307518534
107,854,1307518545
107,498,1307518608
684,932,1307522156
932,684,1307522172
27,853,1307524979
27,933,1307525004
27,934,1307525017
570,935,1307526243
935,570,1307526336
377,761,1307526485
761,377,1307526692
935,881,1307527425
881,935,1307528234
881,911,1307529583
911,881,1307529718
883,184,1307529735
184,883,1307529771
363,936,1307532439
937,936,1307534038
936,363,1307534157
908,27,1307535669
853,938,1307536958
740,786,1307540633
786,740,1307540848
931,939,1307541361
729,377,1307541579
377,729,1307541616
939,931,1307541643
939,940,1307541712
940,939,1307541832
940,941,1307541856
942,729,1307543136
588,234,1307543981
335,889,1307544181
895,570,1307544681
570,895,1307544707
256,943,1307546135
911,603,1307546514
943,256,1307546683
691,520,1307547395
520,691,1307547518
898,69,1307547823
593,515,1307547903
899,884,1307547990
884,899,1307548068
770,875,1307548182
875,770,1307548217
911,944,1307548841
944,911,1307548901
436,714,1307549321
714,436,1307549328
404,844,1307550092
714,844,1307550132
450,945,1307551056
945,450,1307551189
210,202,1307552148
307,946,1307552732
7,797,1307553971
729,450,1307554251
450,729,1307554468
714,947,1307555397
515,593,1307555446
946,307,1307555648
947,714,1307555682
234,592,1307556179
592,234,1307556189
684,948,1307556293
941,940,1307556295
942,738,1307556321
948,684,1307556343
913,649,1307556686
553,949,1307557009
165,85,1307558012
870,888,1307559039
942,191,1307559545
515,545,1307560030
674,951,1307560463
165,952,1307560547
691,866,1307560627
951,674,1307560681
952,165,1307560745
866,691,1307560755
952,607,1307560920
379,450,1307561063
507,234,1307561356
234,507,1307561414
450,379,1307561491
545,515,1307561508
107,234,1307561840
234,107,1307561998
379,888,1307562191
440,484,1307562378
484,440,1307562423
803,953,1307562675
484,320,1307562805
320,484,1307562814
307,898,1307562999
889,335,1307563124
889,7,1307563143
576,638,1307564034
645,949,1307564188
566,863,1307564392
85,165,1307565727
714,954,1307566356
954,714,1307566445
592,515,1307566888
515,592,1307567028
234,936,1307567218
797,955,1307567836
729,234,1307568034
234,729,1307568043
863,566,1307568207
234,588,1307569068
592,957,1307569192
942,610,1307569263
957,592,1307569433
164,496,1307569515
844,714,1307570473
844,404,1307570491
901,538,1307570699
538,901,1307570757
791,816,1307571033
515,958,1307571308
958,515,1307571388
532,510,1307571912
816,791,1307571944
592,779,1307572055
691,429,1307572295
429,691,1307572342
861,901,1307572407
901,861,1307572496
791,234,1307572525
234,791,1307572549
959,234,1307572657
959,453,1307572789
959,960,1307572796
510,532,1307573361
959,961,1307573516
961,959,1307573602
936,962,1307573940
962,936,1307573971
453,959,1307574677
960,959,1307574743
234,959,1307574782
866,883,1307575302
883,866,1307575723
102,956,1307575888
959,886,1307576110
886,959,1307576580
797,7,1307577160
881,820,1307577880
791,786,1307578937
453,964,1307579426
964,453,1307579437
701,965,1307579827
965,701,1307579860
881,966,1307579972
881,925,1307580668
791,967,1307581408
453,692,1307581829
692,453,1307581859
925,968,1307582030
968,925,1307582082
30,587,1307584740
234,969,1307584783
820,881,1307584843
969,234,1307585034
498,968,1307585072
515,970,1307585076
968,498,1307585111
970,515,1307585128
647,866,1307585335
164,740,1307585425
968,791,1307585736
791,968,1307585753
740,164,1307585813
164,217,1307586391
217,164,1307586469
862,953,1307586601
866,881,1307587253
953,862,1307587339
883,925,1307587475
483,85,1307587477
881,866,1307587486
866,971,1307587660
925,883,1307587791
783,973,1307588450
973,783,1307588545
7,889,1307589276
791,19,1307589524
85,42,1307590247
930,945,1307590657
945,930,1307591090
866,974,1307591344
791,2,1307591400
974,866,1307591412
971,866,1307591807
4,11,1307592205
866,975,1307592329
975,866,1307592403
2,164,1307592440
318,875,1307592649
164,2,1307592681
875,318,1307592821
883,592,1307594579
592,883,1307594638
736,17,1307595728
875,259,1307595957
164,766,1307597058
518,498,1307597776
883,191,1307597869
766,164,1307597871
566,592,1307598526
883,976,1307599520
976,883,1307599544
976,977,1307599576
977,976,1307599591
862,834,1307599939
834,862,1307600019
791,911,1307600369
518,978,1307600422
978,518,1307600466
978,498,1307600523
835,314,1307600647
911,791,1307600756
977,978,1307600816
875,979,1307601564
977,854,1307601615
979,875,1307601650
862,437,1307602063
977,592,1307602127
592,977,1307602150
437,758,1307602727
758,437,1307602736
791,688,1307603548
978,980,1307604911
980,978,1307604935
866,791,1307608473
791,866,1307608682
881,981,1307609888
791,982,1307612044
982,791,1307614262
981,881,1307614279
983,586,1307614357
982,866,1307614462
786,791,1307614623
586,983,1307614624
586,429,1307614704
886,791,1307614968
791,886,1307615207
685,984,1307616587
985,791,1307616866
883,986,1307617167
986,883,1307617243
734,987,1307617585
984,685,1307617618
734,988,1307617692
883,430,1307617971
430,883,1307618013
955,797,1307618196
667,989,1307618508
989,667,1307619491
942,164,1307620144
791,729,1307621687
918,791,1307621863
791,985,1307623624
791,990,1307624046
641,594,1307624206
594,641,1307624492
990,791,1307625226
934,27,1307626023
791,991,1307626329
991,791,1307626346
862,791,1307627156
791,202,1307627453
450,984,1307627569
984,450,1307627744
450,883,1307627781
883,450,1307628161
883,791,1307628687
918,936,1307631640
791,992,1307631654
866,982,1307633144
936,918,1307634001
936,971,1307634694
971,936,1307635337
436,812,1307635536
410,993,1307635900
638,908,1307637485
234,46,1307637571
865,994,1307637898
853,995,1307638083
853,996,1307638110
673,866,1307638345
994,865,1307638542
11,4,1307638649
987,734,1307639639
812,436,1307640295
971,997,1307640916
908,638,1307642325
588,566,1307642448
566,588,1307642483
113,31,1307642974
484,971,1307644420
971,484,1307644474
997,971,1307644530
738,107,1307644943
107,738,1307644972
898,307,1307645207
995,691,1307646812
884,437,1307647502
437,884,1307647558
978,719,1307649832
963,998,1307651318
7,999,1307651649
437,1000,1307651684
1000,437,1307651834
998,963,1307652818
436,501,1307653108
501,436,1307653158
437,277,1307654516
791,810,1307656309
810,791,1307656344
971,963,1307657264
963,971,1307657358
791,920,1307657388
901,793,1307657677
920,791,1307657678
901,794,1307657741
791,1002,1307658489
1002,791,1307658512
588,826,1307659007
967,791,1307659213
963,1003,1307660486
1003,963,1307660641
171,860,1307661623
314,1004,1307661865
791,1005,1307662416
886,971,1307662522
1005,791,1307662580
971,886,1307662591
967,1006,1307662888
963,1006,1307662942
1006,963,1307662998
1006,967,1307663005
791,568,1307663308
568,791,1307663526
140,1007,1307664373
791,963,1307664393
791,1008,1307665198
1008,791,1307665348
140,1009,1307665657
1009,140,1307665738
971,1006,1307665769
1006,971,1307665865
791,883,1307666035
140,1010,1307666236
1010,140,1307666342
1007,140,1307666430
883,878,1307666638
1010,43,1307666756
878,883,1307666954
883,971,1307667039
971,883,1307667092
878,1009,1307667141
1009,878,1307667176
878,684,1307667215
878,256,1307667299
878,881,1307667467
878,879,1307667538
794,901,1307669560
878,791,1307670458
880,566,1307670990
566,880,1307671079
967,1011,1307671180
514,660,1307672540
878,1012,1307673065
1012,878,1307673163
701,984,1307673226
984,701,1307673422
791,895,1307674012
966,1013,1307674277
1013,966,1307674333
15,46,1307675562
15,4,1307675595
15,286,1307675624
15,7,1307675825
15,18,1307676106
15,1,1307676356
966,1014,1307679924
1014,966,1307680090
1015,692,1307680393
963,1008,1307680576
791,873,1307680601
873,791,1307680709
1008,963,1307680716
972,1001,1307680900
1001,972,1307680900
963,972,1307681139
972,963,1307681177
494,791,1307682798
972,736,1307683051
445,1016,1307683355
1016,445,1307683482
998,437,1307683718
966,1017,1307683894
53,96,1307684812
1011,967,1307685314
966,114,1307685350
1011,31,1307685377
968,812,1307686388
812,968,1307686502
791,1018,1307687893
1018,791,1307688597
1018,917,1307688639
895,984,1307691837
984,895,1307692210
895,1011,1307694558
1011,895,1307694589
895,1019,1307695327
1019,895,1307695354
940,1020,1307695479
118,11,1307696714
11,118,1307696755
963,866,1307697178
866,963,1307697178
940,946,1307697217
936,1021,1307699955
1021,936,1307700029
866,984,1307700115
984,866,1307700864
963,962,1307707981
675,533,1307713667
1001,984,1307716545
1017,966,1307718654
234,722,1307719858
845,791,1307720535
81,1008,1307721067
984,1001,1307721450
624,233,1307722288
933,865,1307723172
865,933,1307723201
714,825,1307723594
171,594,1307724203
594,171,1307724216
224,18,1307724318
577,866,1307724791
612,536,1307725290
536,612,1307726060
460,791,1307726837
481,865,1307726987
865,481,1307727020
964,791,1307729125
791,964,1307729267
379,14,1307730783
691,107,1307730792
14,379,1307730796
107,691,1307730811
638,576,1307731568
507,836,1307733504
916,1023,1307733876
1023,916,1307734209
836,507,1307734589
611,311,1307734889
311,611,1307735101
85,1024,1307735122
1024,85,1307735142
866,453,1307735319
866,826,1307735608
779,866,1307736362
866,950,1307736392
841,689,1307737378
866,912,1307738858
912,866,1307738918
946,940,1307740765
866,779,1307740945
494,1026,1307743411
441,1021,1307744187
1021,441,1307744303
494,105,1307744661
105,494,1307744683
187,1027,1307745091
171,1028,1307745377
1027,187,1307745448
1028,171,1307745511
280,689,1307745545
1020,1029,1307747471
1020,940,1307747780
1008,81,1307750498
445,804,1307752043
804,445,1307752666
494,491,1307752976
171,1031,1307754237
1031,171,1307754402
586,1,1307754642
106,1026,1307756320
445,104,1307758050
104,445,1307758095
1001,445,1307760350
692,1032,1307761283
1032,692,1307761365
1032,925,1307762504
719,1033,1307763577
1033,719,1307763642
848,719,1307763813
17,245,1307763906
719,1034,1307764705
1032,866,1307765274
692,1031,1307765314
1031,692,1307765342
760,1035,1307766730
1035,760,1307766804
984,920,1307767567
920,984,1307767937
760,17,1307768312
866,805,1307769347
805,866,1307769513
685,1036,1307770152
1036,685,1307770190
1036,1037,1307771089
1037,1036,1307771106
719,978,1307771466
1036,1038,1307771639
1038,1036,1307771659
1036,1039,1307772242
1039,1036,1307772244
1036,1040,1307772488
1040,1036,1307772519
1036,1041,1307772729
1041,1036,1307772746
977,866,1307772840
866,977,1307772940
866,673,1307772988
980,1042,1307774015
866,1031,1307774075
1036,1043,1307774076
1043,1036,1307774105
1003,1042,1307774196
1031,866,1307774320
1042,1003,1307774619
1036,1044,1307775034
1044,1036,1307775036
189,866,1307775981
1036,1045,1307776649
1045,1036,1307776664
1036,1046,1307777363
1046,1036,1307777398
566,866,1307778376
719,1042,1307778707
1042,719,1307778765
586,719,1307780766
1036,1047,1307780849
1047,1036,1307780873
736,972,1307781070
986,546,1307785773
546,986,1307786396
1030,506,1307788488
335,946,1307790786
335,1048,1307793227
1048,335,1307793296
946,335,1307793484
27,908,1307801864
445,494,1307803583
256,1049,1307803849
938,453,1307804953
1021,1050,1307809150
1050,1021,1307809163
1050,866,1307809211
1050,1051,1307809271
1051,866,1307809319
46,1052,1307810817
1052,46,1307811046
533,675,1307811354
106,733,1307811640
453,1052,1307816375
1052,453,1307816452
107,1031,1307817491
1031,107,1307817558
966,881,1307818896
453,1050,1307819869
1050,1053,1307820269
453,1024,1307820743
1024,453,1307820938
966,1054,1307822059
1054,966,1307822163
1054,1055,1307822204
1055,1054,1307822261
812,355,1307822829
588,858,1307822879
355,812,1307822929
858,588,1307823010
1050,355,1307824087
429,453,1307824276
355,1050,1307824362
453,429,1307824371
303,841,1307826082
841,303,1307826125
314,1001,1307826559
1001,314,1307828777
1031,453,1307829068
453,1031,1307830272
418,736,1307830982
684,865,1307832423
865,684,1307832464
984,499,1307834933
979,970,1307835425
979,1058,1307835609
1058,979,1307835639
453,1056,1307835657
1056,453,1307836855
7,840,1307836955
1057,841,1307837039
840,7,1307837176
453,1059,1307839057
1059,453,1307839090
1060,344,1307841201
148,450,1307843226
673,1061,1307844248
1061,673,1307844419
1050,1062,1307845555
1062,866,1307845993
1050,245,1307847076
245,866,1307847106
245,1050,1307847199
1050,930,1307848077
930,866,1307848171
1063,925,1307848427
1050,453,1307849901
453,866,1307850053
536,76,1307850436
925,1062,1307850787
1062,925,1307850993
1050,1064,1307851728
1064,866,1307851789
1064,1050,1307851810
160,881,1307853568
881,160,1307853584
46,1065,1307853603
1065,46,1307853613
1065,887,1307853686
925,753,1307854492
753,925,1307854576
498,160,1307855193
453,1066,1307855294
160,498,1307855319
303,1052,1307855925
1052,303,1307855987
1066,453,1307856320
1050,881,1307856588
422,423,1307858792
307,45,1307859884
1032,1000,1307860479
344,1060,1307862466
1050,165,1307865669
165,1050,1307865686
1050,763,1307866432
763,866,1307866498
1050,933,1307867147
933,866,1307867376
933,1050,1307867550
881,1067,1307867577
1067,881,1307867632
881,871,1307869146
871,881,1307869276
966,1058,1307871377
988,734,1307874030
988,27,1307874160
457,1068,1307874248
1068,457,1307874367
776,1069,1307874965
1069,776,1307875314
930,477,1307878230
477,930,1307878649
911,1070,1307878723
1070,911,1307878780
1070,27,1307878801
386,11,1307880293
1063,736,1307882212
1050,1071,1307894274
1057,911,1307894474
911,933,1307895701
1071,866,1307896218
933,911,1307896690
1050,1072,1307897995
1072,1050,1307898285
1071,1062,1307898406
1062,1071,1307898508
500,810,1307900371
1050,265,1307904941
265,866,1307904985
7,160,1307905695
7,291,1307906789
1001,160,1307907350
160,1001,1307907362
1058,966,1307908417
1062,1074,1307912453
453,1075,1307912628
568,868,1307912632
868,568,1307913035
1075,453,1307918224
453,1071,1307918700
1071,453,1307919056
450,148,1307919109
177,314,1307922177
314,177,1307922312
453,673,1307923531
673,453,1307923698
920,481,1307925206
481,920,1307926141
1004,43,1307927977
1004,314,1307928077
1001,831,1307928900
881,355,1307929953
1001,1076,1307933423
1076,1001,1307933520
862,15,1307933790
627,15,1307934779
85,483,1307936935
866,933,1307937741
866,566,1307937855
866,1064,1307937911
1023,1077,1307940507
812,866,1307941378
7,96,1307943108
684,122,1307944878
810,953,1307947643
445,1078,1307948216
1078,445,1307948408
494,7,1307951657
7,494,1307951723
552,189,1307953911
189,552,1307953930
940,908,1307954287
786,856,1307955054
856,786,1307955091
307,1079,1307960861
911,880,1307963484
498,430,1307963557
430,498,1307963579
122,684,1307963673
880,911,1307964124
880,1080,1307966101
413,122,1307970536
122,413,1307970604
1079,307,1307971927
192,1081,1307980104
930,719,1307982093
1080,880,1307987460
453,1072,1307987664
1072,453,1307987797
529,841,1307994920
734,1082,1307996752
1082,734,1307997362
423,536,1307997729
423,422,1307997741
841,1083,1307998136
863,85,1307998143
1083,841,1307998166
85,863,1307998205
647,481,1308002794
483,407,1308004226
739,734,1308005304
841,1077,1308007455
1050,416,1308008883
1077,841,1308008971
1077,171,1308008999
171,1077,1308009090
171,1084,1308010591
1084,171,1308010594
925,1063,1308011127
1050,1085,1308013799
1085,971,1308014034
1085,1050,1308014612
1050,994,1308016756
994,1050,1308017294
685,971,1308018664
1050,685,1308018718
227,1086,1308019426
1086,227,1308019452
1065,1087,1308027813
1001,1088,1308027949
445,1001,1308028111
925,1077,1308028721
1001,1087,1308030594
1087,1065,1308030665
1087,1001,1308030694
977,1013,1308031370
445,647,1308034507
633,675,1308041069
675,633,1308041198
498,1090,1308044238
727,1091,1308056561
1091,727,1308056610
1,1092,1308060193
1088,1001,1308065206
1077,231,1308066697
1092,1091,1308067056
1092,1,1308067664
1091,670,1308071953
670,1091,1308072006
27,1094,1308072007
27,1095,1308072083
920,684,1308072216
734,739,1308075459
971,1050,1308075544
1050,971,1308075666
1053,1050,1308076364
684,920,1308076894
684,1096,1308076906
1053,866,1308076997
963,1097,1308077007
1058,684,1308077042
498,734,1308077058
684,1058,1308077059
1097,963,1308077143
1097,1098,1308077594
1097,1099,1308078648
1097,1100,1308078677
1097,1101,1308078722
1101,1102,1308078820
1101,1098,1308078895
1101,1097,1308078937
1101,1103,1308079015
85,1001,1308081550
1001,85,1308081597
413,233,1308081684
233,413,1308082519
413,1056,1308083019
1056,413,1308083026
530,1104,1308083831
1104,530,1308084107
594,1105,1308086182
46,270,1308087853
920,1093,1308089862
1093,920,1308090311
745,822,1308090339
404,1106,1308091616
270,46,1308091922
1105,1107,1308092438
963,1063,1308092458
366,1108,1308092949
1108,366,1308093134
366,1109,1308093280
1107,1105,1308093293
881,647,1308096153
986,1110,1308097434
1110,986,1308097441
841,920,1308098750
1025,587,1308099222
726,1001,1308099252
953,1111,1308100286
1111,953,1308100308
920,647,1308100435
647,920,1308100511
1001,726,1308100945
1090,498,1308101943
895,920,1308104940
920,895,1308104951
160,7,1308105023
1063,963,1308106123
887,1065,1308106656
7,903,1308110575
976,1112,1308111896
670,270,1308118179
270,1113,1308118199
270,498,1308118414
587,1025,1308120986
734,1114,1308128618
498,1115,1308129943
1115,498,1308130040
1114,734,1308131157
930,880,1308133626
880,930,1308133675
633,1116,1308151040
740,1085,1308154344
1085,740,1308155933
729,981,1308156144
530,1117,1308159739
1117,530,1308159766
1117,1118,1308159775
916,1087,1308160166
1087,916,1308160326
1088,670,1308163120
1118,1117,1308166583
481,1119,1308168422
481,647,1308168576
1029,1020,1308172625
1116,633,1308176641
1026,1120,1308177952
1026,1121,1308178250
1121,1026,1308178386
171,7,1308179136
7,171,1308179856
171,1122,1308181395
1122,171,1308181409
498,1,1308199146
834,881,1308201405
881,834,1308201603
552,164,1308201892
1025,946,1308206936
946,1025,1308208805
1123,496,1308213850
1112,976,1308213985
586,1034,1308240919
1091,1092,1308241080
908,940,1308241561
1,3,1308241841
1,8,1308241904
1,159,1308241990
1,43,1308241997
1,31,1308242001
1,30,1308242007
1,25,1308242022
1,6,1308242030
1,10,1308242057
496,1123,1308242922
27,1070,1308245332
1119,481,1308246346
377,920,1308250401
920,377,1308250407
348,1124,1308254084
1124,348,1308254357
986,1125,1308254586
1125,986,1308254693
670,377,1308255016
377,670,1308255030
916,1126,1308256785
1126,916,1308257040
222,615,1308257178
615,222,1308260597
71,1122,1308261250
1122,71,1308261315
231,1077,1308263875
660,514,1308268864
1077,1128,1308270608
1128,1077,1308270629
1129,1014,1308270781
1014,1129,1308270798
1088,936,1308271132
314,98,1308272887
445,553,1308274336
184,936,1308275912
936,184,1308275971
553,445,1308277106
22,1130,1308277985
994,416,1308278108
791,11,1308280697
791,270,1308280753
322,218,1308284426
231,45,1308284434
1052,1131,1308286503
231,1132,1308288472
499,984,1308300678
1058,881,1308302574
875,301,1308309281
1,231,1308316797
231,1,1308319250
648,85,1308324627
85,648,1308324671
624,1120,1308328644
231,67,1308330799
160,917,1308330943
936,937,1308331655
875,1133,1308333809
1133,875,1308333829
324,1134,1308334048
1134,324,1308334347
917,160,1308335383
1006,171,1308337607
171,1006,1308337622
233,624,1308341500
234,1135,1308346537
1070,1136,1308347115
920,841,1308348950
1020,1137,1308349088
498,483,1308349331
483,498,1308349334
234,739,1308351105
739,234,1308351181
1137,1020,1308351910
588,233,1308358880
233,588,1308358942
812,483,1308359634
483,812,1308359967
1054,1138,1308360138
1138,1054,1308360205
498,1139,1308361295
1139,498,1308361341
278,498,1308369242
498,278,1308369391
15,507,1308370570
15,694,1308370712
507,15,1308370759
841,7,1308373641
140,853,1308380165
853,140,1308380197
140,998,1308381121
998,140,1308381303
1135,234,1308383368
140,1140,1308383648
1140,140,1308383714
895,621,1308385799
998,624,1308385980
621,895,1308387077
1138,791,1308387899
1120,734,1308406070
1120,1026,1308406081
1120,624,1308406166
1058,1090,1308418018
1090,1058,1308418090
930,397,1308425270
530,1127,1308425665
1127,530,1308425802
986,1058,1308428289
1058,986,1308428289
166,1126,1308442999
1126,166,1308443161
360,539,1308445033
539,360,1308445103
936,1139,1308450894
1139,936,1308451460
863,539,1308452534
539,863,1308452559
538,1058,1308461420
1058,538,1308461426
841,537,1308465278
537,841,1308465336
22,344,1308472446
397,930,1308482397
81,1142,1308483945
497,1143,1308490911
716,1144,1308493818
1144,716,1308493832
1144,1145,1308496501
1145,1144,1308496527
1145,1146,1308496911
1146,1145,1308496961
307,616,1308497064
616,307,1308497278
501,793,1308503945
516,809,1308504014
501,794,1308504094
537,887,1308526377
278,611,1308531758
611,278,1308531789
611,1147,1308534150
1147,611,1308534622
367,1148,1308535009
1148,367,1308535279
461,1149,1308542693
1120,1150,1308543568
1150,1151,1308544062
1151,1150,1308544093
963,1152,1308546423
1152,963,1308546438
1120,1153,1308546503
1153,1120,1308546639
314,496,1308550031
496,314,1308550183
624,607,1308553273
1123,976,1308553720
976,1123,1308553786
1150,1120,1308554060
727,1154,1308555832
1154,727,1308556236
1149,461,1308557386
1154,1155,1308573140
1155,1154,1308573361
30,801,1308576761
801,30,1308576922
1141,1157,1308584873
161,11,1308586317
11,161,1308586664
747,594,1308592544
594,747,1308592586
314,1158,1308598001
1158,314,1308600926
1158,1159,1308603199
1159,1158,1308603220
734,1120,1308605630
734,1124,1308605655
1160,1120,1308606829
1011,1162,1308606939
1162,1011,1308606985
1150,791,1308608859
1120,1163,1308613457
1163,1120,1308613590
1163,1164,1308616780
483,14,1308620856
1164,1126,1308621399
1126,1164,1308621462
1062,463,1308623801
1165,791,1308626115
14,483,1308627060
1120,1166,1308633370
1166,1120,1308633586
1124,734,1308635359
1023,829,1308644955
829,1023,1308645425
1023,1167,1308645532
1167,1023,1308646203
1167,1068,1308646596
1158,1168,1308647026
791,1165,1308651034
986,1158,1308651675
1169,1158,1308651719
1158,1169,1308652319
1158,986,1308652333
901,53,1308655963
53,901,1308656017
256,791,1308661563
531,1170,1308675188
407,1171,1308678158
1120,1172,1308679364
1172,1120,1308679448
530,633,1308683622
633,530,1308683682
46,273,1308685459
273,46,1308686009
1160,1173,1308688276
1120,1174,1308692472
1168,1158,1308692490
1174,1120,1308692607
18,1175,1308696916
18,899,1308697466
18,1176,1308697486
18,1,1308697521
18,1177,1308699002
1171,407,1308699923
1120,1178,1308700160
1178,1120,1308700907
1120,1160,1308701174
11,1179,1308701429
11,1180,1308701488
1179,11,1308701541
1120,1181,1308701624
1180,11,1308702656
881,896,1308702978
881,1058,1308703009
1181,1120,1308703895
1120,1182,1308704027
1182,1120,1308704097
1177,18,1308704187
133,952,1308706007
952,133,1308706060
1120,1183,1308707845
1183,1120,1308708071
11,1183,1308708525
1183,11,1308708552
231,1165,1308712016
1171,1184,1308713263
1001,1120,1308716993
28,1185,1308717685
1120,1001,1308717739
1156,1186,1308718325
539,53,1308721693
53,539,1308721707
1065,1184,1308723652
1175,1176,1308723687
1156,1187,1308724727
1187,1156,1308724795
501,881,1308728280
881,501,1308728282
602,1188,1308731505
881,1189,1308736307
1189,881,1308736391
604,19,1308738236
594,1184,1308743888
1157,1141,1308744495
1185,28,1308749089
592,1190,1308757721
1190,592,1308757865
592,688,1308760803
688,592,1308760847
1058,1191,1308761061
1191,1058,1308761081
734,1192,1308762660
734,670,1308762936
552,734,1308763809
734,552,1308763975
1176,18,1308764974
1176,1175,1308764980
1176,224,1308764985
670,734,1308766774
1194,1195,1308775327
1174,1196,1308776782
1174,1182,1308778260
1001,611,1308779863
1194,1174,1308779998
537,413,1308780290
413,537,1308780302
1174,1194,1308780312
1196,1174,1308780312
1182,1174,1308780887
1165,483,1308787047
1165,1183,1308787150
1165,231,1308787234
893,1197,1308787328
1197,893,1308787341
483,1165,1308795083
1058,904,1308797589
904,1058,1308798137
1187,1198,1308799902
1198,1187,1308799989
1198,1199,1308800215
1199,1198,1308800615
1183,1165,1308802779
85,1165,1308803376
1192,734,1308818193
1173,1160,1308827983
857,1196,1308835755
1196,857,1308835764
1196,1187,1308836843
1196,1200,1308837161
1200,1196,1308837415
1200,594,1308843920
881,568,1308844478
568,881,1308844549
853,311,1308845133
311,853,1308845140
498,311,1308846210
311,498,1308846528
594,1200,1308847057
1200,1183,1308849684
463,1062,1308850555
594,1201,1308850731
1042,1058,1308851197
1058,1042,1308851307
594,1065,1308851323
1065,594,1308851397
1201,594,1308852756
936,1202,1308852947
1202,936,1308853132
1183,1200,1308853700
1200,1159,1308856853
1184,594,1308857822
1184,1065,1308857847
1159,1200,1308861390
4,1203,1308861974
1165,85,1308866537
90,1204,1308866825
171,1179,1308869825
1179,171,1308869913
1204,90,1308872291
983,936,1308875180
936,983,1308875195
1120,1205,1308875235
1205,1120,1308875530
1058,862,1308888410
862,1058,1308888440
1200,1120,1308894739
866,1052,1308894762
1052,866,1308894867
1120,1200,1308894933
1206,1120,1308896010
1120,1206,1308897010
326,1207,1308905486
853,1209,1308913631
1209,853,1308913661
1204,1208,1308913764
1208,1204,1308914967
231,594,1308923729
594,231,1308924030
789,1210,1308926130
1210,789,1308926154
736,936,1308926624
530,1193,1308934077
522,1211,1308934647
1211,522,1308935147
1206,1212,1308943646
863,511,1308943943
1212,1206,1308944008
511,413,1308945326
413,511,1308945343
1058,413,1308946556
413,1058,1308946570
1207,326,1308952314
171,511,1308952428
511,171,1308952506
841,1213,1308957277
1213,841,1308957300
936,588,1308959655
588,936,1308959677
936,736,1308961304
1120,1062,1308963479
1062,1120,1308963544
648,673,1308975154
673,648,1308975239
537,1052,1308975298
1052,537,1308975379
866,1214,1308976772
1120,740,1308980389
740,1120,1308980411
740,627,1308982770
1214,866,1308984967
986,1183,1308985814
1183,986,1308986221
1120,1214,1308986247
1214,1120,1308986276
1214,627,1308986353
627,740,1308987075
522,1188,1308987089
627,1214,1308988056
1188,522,1308994974
1188,602,1308995050
863,1120,1309003917
747,19,1309013894
1052,552,1309015029
750,1052,1309015033
1052,750,1309015065
552,1052,1309015100
1174,1156,1309017585
483,1215,1309017650
1215,483,1309017652
1156,1174,1309022526
1174,1216,1309024301
1216,1174,1309024398
995,1217,1309026025
1217,995,1309026031
1217,1218,1309026405
1217,1124,1309026526
1124,1217,1309027036
1214,345,1309037415
345,1214,1309037474
500,1,1309065147
1,500,1309065236
85,53,1309066360
53,85,1309066361
53,627,1309066464
627,53,1309068133
7,1124,1309069623
1219,624,1309072491
1124,7,1309072954
1174,1220,1309085604
1220,1174,1309085695
1120,1221,1309089822
1174,1221,1309090686
1221,1120,1309092096
1221,1174,1309092187
1120,1222,1309097738
1222,1120,1309098361
1120,1223,1309100771
1223,1120,1309101095
1223,1196,1309101116
1196,1223,1309101575
1194,1052,1309112715
1052,1194,1309112749
887,537,1309114781
1193,530,1309118464
265,887,1309118651
887,265,1309118676
1186,1156,1309127588
1186,1120,1309129752
1120,1186,1309129804
53,1120,1309129896
1120,53,1309129950
1156,1219,1309130126
1219,1156,1309130769
1120,314,1309131054
1120,1219,1309131545
1219,1120,1309131624
1214,881,1309138549
881,1214,1309139553
881,552,1309158824
314,454,1309159260
454,314,1309159341
552,881,1309159645
552,594,1309185400
594,552,1309185522
1120,736,1309189279
736,1120,1309189404
594,1226,1309198755
863,454,1309204469
27,903,1309204581
1226,1227,1309208506
903,7,1309210453
1196,1210,1309211506
1210,1196,1309211599
794,501,1309212632
1196,1214,1309215241
1196,736,1309216506
736,1196,1309216620
866,4,1309237983
4,866,1309239244
4,1214,1309243972
1120,863,1309257694
1226,995,1309272697
995,1226,1309272702
1120,1226,1309274303
1226,1120,1309274496
189,286,1309274837
286,189,1309275019
1120,1228,1309280009
1228,1120,1309280144
286,1229,1309284996
1229,286,1309286067
1229,1230,1309286351
1230,1229,1309286511
995,1214,1309287720
1214,995,1309287778
1022,1231,1309289064
875,1225,1309289898
1225,875,1309289918
1231,1022,1309290726
1227,1226,1309291913
498,1220,1309299402
1220,498,1309300027
900,1232,1309302295
1232,900,1309302876
1214,1220,1309303105
1220,1214,1309303313
745,1165,1309306738
453,688,1309306879
688,453,1309306935
1022,1233,1309309693
1233,1022,1309309753
1225,1234,1309313207
1214,1235,1309314176
1235,1214,1309314200
595,1236,1309316630
1236,595,1309316845
841,595,1309319228
1001,231,1309321483
231,1001,1309321505
1123,1237,1309322058
1237,1123,1309322072
1112,1001,1309323270
1001,1112,1309323331
176,1022,1309323550
1022,176,1309323645
1001,499,1309326687
499,1001,1309326793
1170,531,1309329060
841,1214,1309332377
27,881,1309334581
881,27,1309336608
1048,27,1309342307
27,1048,1309344051
7,1238,1309352731
15,862,1309352757
15,627,1309352767
1238,7,1309352805
863,1234,1309358874
841,1239,1309360094
1239,841,1309360484
498,1240,1309375912
1240,498,1309376072
1208,1241,1309377160
1241,1208,1309377171
4,45,1309390992
1214,4,1309391278
204,1238,1309391942
1214,1239,1309391967
1239,1214,1309392010
1238,204,1309392011
11,581,1309394451
581,11,1309394507
553,7,1309401354
7,553,1309401417
7,1056,1309401451
1132,231,1309401977
688,1214,1309410059
1214,688,1309410251
881,841,1309415993
841,881,1309416002
7,841,1309416197
881,1242,1309416870
1242,881,1309417253
1174,734,1309460352
899,22,1309467145
841,883,1309468948
188,883,1309472526
883,841,1309473889
883,188,1309473897
883,863,1309476814
863,883,1309477065
1105,1244,1309478771
483,624,1309480815
483,673,1309482436
624,483,1309482819
760,1089,1309486737
760,1214,1309495085
1214,760,1309495162
673,880,1309495511
1052,1199,1309498976
1199,1052,1309499026
1022,812,1309499306
1024,624,1309499870
624,1024,1309500807
812,1022,1309500895
601,674,1309523594
883,1209,1309542796
1209,883,1309542828
883,507,1309545436
734,1245,1309551392
1214,1246,1309556396
1246,1214,1309556655
507,883,1309556805
1201,1023,1309560682
694,805,1309571385
805,694,1309571557
883,1024,1309571824
1024,883,1309571991
1011,883,1309573098
883,1011,1309573185
1245,734,1309598492
270,607,1309603339
607,1247,1309604214
1247,607,1309604310
1052,222,1309622869
222,1052,1309622976
153,1248,1309630624
453,1224,1309631994
1224,453,1309632001
1248,153,1309634381
1248,1234,1309635222
1249,166,1309640015
166,1249,1309640043
1234,1250,1309641380
1234,866,1309641424
1234,1248,1309641588
1234,863,1309641644
1250,1234,1309642554
224,1176,1309644605
501,586,1309651562
586,501,1309651686
1218,1217,1309671838
27,1251,1309672873
27,1252,1309672885
1252,27,1309679658
7,1180,1309696725
413,1227,1309724780
1227,413,1309726073
453,1253,1309726934
413,1254,1309727233
1180,7,1309734826
1089,760,1309758954
1052,1255,1309758956
1255,1052,1309758997
429,1247,1309772448
1247,429,1309772483
453,1256,1309783901
955,1174,1309785033
453,1247,1309785312
453,1257,1309786264
1257,453,1309786303
903,27,1309786504
1234,1225,1309787622
1247,453,1309787804
1256,453,1309788309
1201,1086,1309788355
1165,745,1309793224
1165,1236,1309793254
1086,1201,1309793912
1174,955,1309800986
863,1224,1309803475
1224,863,1309803885
863,885,1309803988
885,863,1309804044
1052,1258,1309813610
1258,1052,1309813784
231,1258,1309815103
1256,27,1309820754
27,341,1309820950
1258,231,1309821262
834,688,1309828469
688,834,1309828477
1148,1258,1309835784
1258,1148,1309836034
1156,841,1309846486
429,527,1309863842
527,429,1309863848
453,1259,1309884814
1259,453,1309886256
1261,581,1309893643
581,1261,1309893651
1253,184,1309896828
27,1262,1309903639
324,184,1309903898
1193,1263,1309914066
1263,1193,1309915375
349,111,1309918082
1065,426,1309928760
1056,7,1309947717
1262,27,1309952452
594,1132,1309960184
1132,594,1309960247
921,1264,1309961476
1264,921,1309961617
549,311,1309984109
311,549,1309984143
429,507,1309985342
507,429,1309985415
887,1265,1309991644
1011,1266,1309992723
1266,1011,1309992900
1247,1214,1309995323
887,1267,1309996803
1267,887,1309997069
1052,688,1310001951
688,1052,1310001967
673,483,1310011218
1011,1247,1310020425
1247,1011,1310020541
688,1247,1310021380
1247,688,1310021406
1265,887,1310025648
1188,1268,1310037317
1268,1188,1310037983
507,1243,1310044120
1243,507,1310046299
501,1260,1310060506
1260,501,1310060931
184,1253,1310063026
184,324,1310063039
921,1269,1310065627
1011,482,1310066017
1269,921,1310066047
76,1011,1310066183
482,1011,1310069193
1011,76,1310071422
1011,568,1310071536
568,1011,1310071637
166,1243,1310072231
378,454,1310072406
1243,166,1310073260
7,969,1310095919
969,7,1310096143
1077,1023,1310107934
594,875,1310142743
866,1234,1310146972
1225,1227,1310155626
1227,1225,1310157462
27,1270,1310161574
27,1256,1310161594
841,1271,1310162255
1271,841,1310163009
588,1011,1310169975
1011,588,1310171215
805,1011,1310177805
1011,805,1310177934
231,1272,1310178107
1272,231,1310178150
483,1272,1310182244
1247,1273,1310189389
1273,1247,1310189530
413,1011,1310191267
1011,413,1310191274
688,944,1310198423
944,688,1310198451
429,1209,1310208225
1209,429,1310208335
581,1271,1310223971
1271,581,1310223978
921,668,1310237826
668,921,1310237879
1209,1271,1310244250
1271,1209,1310244253
429,1011,1310252227
1011,429,1310252297
1089,1143,1310252330
1272,483,1310265857
69,27,1310272544
69,376,1310273776
595,1224,1310285965
1224,595,1310286040
1273,1274,1310297023
1274,1273,1310297051
1165,1273,1310306476
1273,1165,1310306527
1052,1275,1310311639
1275,1052,1310311705
200,28,1310312736
1120,1276,1310319199
1276,1120,1310319254
887,1273,1310320420
1273,887,1310320432
1275,1120,1310323063
1120,1275,1310323073
1105,1273,1310330873
841,426,1310334070
1011,1277,1310335657
1277,1011,1310335678
1273,1011,1310348955
1011,1273,1310352752
1011,483,1310353100
1143,497,1310354767
1143,1089,1310354862
498,624,1310358702
881,1011,1310370741
1011,881,1310370778
1268,1278,1310380837
1120,1279,1310385371
1279,1120,1310385470
1266,1252,1310387429
1252,1266,1310387508
601,1280,1310388676
1280,601,1310388939
1271,1120,1310396603
1120,1271,1310396605
1120,1281,1310396644
1278,1268,1310417768
595,1,1310422442
869,1282,1310444039
895,1284,1310488488
1284,895,1310489080
1285,1283,1310505365
28,200,1310507713
595,841,1310517532
1120,1286,1310517934
1286,1120,1310518040
841,1287,1310525749
638,1020,1310526279
878,841,1310529127
841,878,1310529206
841,607,1310532428
607,841,1310532464
1287,841,1310535563
1282,869,1310555148
1268,1288,1310555699
1288,1268,1310556851
895,1275,1310572254
1275,895,1310572290
280,1134,1310581296
1134,280,1310581648
280,1259,1310582883
1259,280,1310583023
992,1288,1310586316
1288,992,1310587004
1120,1289,1310587078
231,1073,1310590391
1073,231,1310590428
568,624,1310601326
1268,1249,1310602079
1249,1268,1310603166
107,1196,1310603329
624,568,1310605037
1196,107,1310605285
887,1120,1310609224
1120,887,1310609310
1120,491,1310609358
491,1120,1310611071
7,1291,1310619705
199,1259,1310623150
1174,1292,1310637649
1292,1174,1310637773
85,1011,1310655463
1011,85,1310655486
85,1249,1310658435
1249,85,1310660146
1225,1293,1310667554
1293,1225,1310667689
936,1288,1310669516
1288,936,1310670963
1120,1288,1310671955
1288,1120,1310672841
1290,624,1310687838
1225,1290,1310694696
1290,1225,1310694779
1225,511,1310696127
511,1225,1310697087
7,1290,1310698578
841,1225,1310699786
1232,1290,1310711372
1290,1232,1310711547
875,594,1310736955
499,688,1310747864
688,499,1310764845
863,1011,1310767173
1011,863,1310767187
688,85,1310768201
85,688,1310768415
1052,1232,1310772454
1232,1052,1310772466
1052,736,1310775428
1290,1052,1310775478
1052,1290,1310775540
1249,1011,1310776928
1011,1249,1310776964
1052,1011,1310779157
1011,1052,1310779285
1052,1249,1310829767
1249,1052,1310829898
1225,1052,1310843024
85,278,1310845843
278,85,1310845873
463,1288,1310853062
1288,463,1310854661
241,1052,1310867239
1225,1011,1310871250
1011,1225,1310871391
895,1294,1310909136
1294,895,1310910337
895,1281,1310919586
1281,895,1310919855
624,498,1310920953
688,311,1310926367
311,688,1310926393
1289,1120,1310934942
429,1225,1310949297
688,491,1310949408
491,688,1310949424
1225,429,1310949437
1259,1195,1310959884
85,1295,1310960140
1225,7,1310960351
7,922,1310963740
692,1015,1310967665
27,1293,1310988044
1141,231,1311001360
1048,1296,1311013933
1120,1264,1311019918
1264,1120,1311021695
241,1011,1311023500
1011,241,1311023586
1296,1048,1311023711
1120,688,1311030389
688,1120,1311030413
581,1011,1311037986
1011,581,1311038058
624,1219,1311044102
841,1011,1311051375
1011,841,1311051450
841,1297,1311055980
1297,841,1311056120
1297,1273,1311056142
1293,27,1311060566
270,231,1311070236
27,1284,1311078731
126,1298,1311095868
270,626,1311125206
626,270,1311125295
1120,626,1311127770
626,1120,1311127905
1298,126,1311143650
1174,1299,1311146344
1259,1300,1311158362
1300,1259,1311158415
1052,1225,1311166518
1281,1300,1311169635
1300,1281,1311169756
1281,1225,1311170563
1209,1259,1311174576
1120,1088,1311183013
1088,1120,1311183303
1281,1120,1311183885
1299,1174,1311192305
1299,734,1311192649
1225,27,1311196959
27,1225,1311197118
1,483,1311199990
483,1,1311200202
1120,1301,1311200831
1281,739,1311201627
895,413,1311211458
413,895,1311211503
881,1120,1311216774
1052,241,1311219538
895,648,1311221823
648,895,1311221865
1052,1256,1311222727
1256,1052,1311222810
1259,1209,1311225314
429,1259,1311229535
1259,429,1311229979
881,895,1311239126
895,881,1311239141
429,1288,1311246999
1288,429,1311247470
1052,60,1311253320
624,1302,1311269746
483,1120,1311269927
1120,1303,1311270869
1303,1120,1311271019
1302,624,1311273541
1048,1304,1311274483
1304,1048,1311276334
1301,1120,1311282075
1268,1305,1311285153
1305,1268,1311285641
1,841,1311286702
270,1120,1311287194
429,1306,1311287988
1306,429,1311288224
314,624,1311308681
624,314,1311308732
345,1273,1311308927
6,27,1311312167
6,624,1311312174
624,6,1311312446
7,114,1311312658
27,624,1311342793
624,27,1311343538
1268,1307,1311347066
1307,1268,1311347486
1303,1308,1311351241
1308,1303,1311355382
716,483,1311359541
1304,1309,1311360773
1304,1310,1311363428
1309,1304,1311364035
734,1299,1311365425
1310,1304,1311365657
1268,1311,1311372366
1120,19,1311372474
348,1301,1311373380
1311,1268,1311373813
1301,348,1311376867
647,1086,1311380659
1086,647,1311381379
507,1307,1311384099
1307,507,1311384281
895,6,1311396960
6,895,1311396972
244,7,1311397220
895,1157,1311411130
1157,895,1311411148
507,1297,1311435936
568,1307,1311449814
1307,568,1311450055
1134,1276,1311525263
1276,1134,1311525376
1268,1312,1311526148
1312,1268,1311526209
820,1,1311538210
1,820,1311538216
1313,479,1311554658
479,1313,1311554712
1314,1313,1311562606
1308,1315,1311569345
1315,1308,1311569444
1159,1225,1311574152
1225,1159,1311574343
27,1316,1311574850
1268,1317,1311596878
1317,1268,1311596922
1317,27,1311596963
668,1318,1311616185
624,1307,1311621631
1225,745,1311624880
322,483,1311626251
324,1319,1311627070
1319,324,1311627177
745,1225,1311627462
1317,1288,1311629658
483,322,1311629920
1268,1320,1311633157
1320,1268,1311633198
429,1321,1311640687
1321,429,1311640703
1321,1322,1311641073
585,1323,1311649051
881,1015,1311651067
1015,881,1311651123
1,1324,1311653852
1324,1,1311654443
31,7,1311654509
1307,1325,1311656404
1325,1307,1311656893
1307,595,1311656924
595,1307,1311657022
624,986,1311668514
1120,881,1311696950
1313,1314,1311713576
60,1052,1311720136
60,127,1311720223
1268,1326,1311732737
1326,1268,1311733585
1156,423,1311735145
423,1156,1311735394
1326,380,1311737472
1224,1284,1311766225
1284,1224,1311768826
595,688,1311822251
688,595,1311822312
595,1327,1311825044
1327,595,1311825528
1052,1303,1311826875
1303,1052,1311826933
1120,1328,1311847929
1328,1120,1311853145
27,1317,1311888076
1011,740,1311893784
740,1011,1311893820
1011,624,1311894384
624,1011,1311910234
6,345,1311915459
906,1329,1311932030
1329,906,1311966547
688,324,1311982897
324,688,1311982935
7,244,1312011917
1273,345,1312013907
684,1313,1312060707
1313,684,1312060723
413,624,1312076540
624,413,1312076586
7,1011,1312078549
897,1332,1312090603
1332,897,1312091159
1332,1333,1312091763
1332,1284,1312091825
1333,1332,1312092173
1120,1209,1312136054
1209,1120,1312136101
1120,1332,1312136751
1332,1120,1312139871
1120,1334,1312143540
1334,1120,1312145721
1325,1334,1312147059
1334,1325,1312148927
1318,668,1312157637
314,1120,1312164934
1300,1335,1312176932
1335,1300,1312177075
1334,1332,1312178939
1332,1334,1312178971
895,511,1312179373
511,895,1312179885
1199,1120,1312218299
1120,1199,1312218327
1334,739,1312218378
1323,1336,1312228052
1336,1323,1312228128
27,1337,1312229850
739,1338,1312233570
1273,483,1312233654
483,1273,1312233802
739,1281,1312233919
739,1334,1312234147
164,196,1312244040
1120,753,1312248112
753,1120,1312248167
314,445,1312250238
445,314,1312250265
1,968,1312252188
879,1266,1312278745
1266,879,1312278779
1143,786,1312290613
588,1332,1312292136
879,1224,1312293220
1224,879,1312293401
588,895,1312295795
895,588,1312295810
1159,1339,1312311332
879,1339,1312313991
1339,879,1312314117
588,1209,1312314896
1209,588,1312314962
1339,1340,1312322144
1340,1339,1312322956
1332,1086,1312339744
1086,1332,1312339957
1332,588,1312340923
841,11,1312346643
11,841,1312346789
745,19,1312349215
1338,1325,1312382630
1325,1338,1312382662
1323,1314,1312383413
1314,1323,1312383444
6,482,1312392223
482,6,1312392323
1273,482,1312393173
482,1273,1312393260
1332,1342,1312395340
1342,1332,1312396251
1307,1,1312398530
1339,1159,1312405245
1318,60,1312412195
1159,976,1312412925
976,1159,1312412986
841,552,1312466661
552,841,1312466677
1332,1344,1312473886
1344,1332,1312474163
1323,633,1312487133
1338,1345,1312497761
1345,1338,1312500739
314,99,1312501379
99,314,1312501389
595,1339,1312509991
1338,969,1312511151
969,1338,1312511265
595,1274,1312528017
1274,595,1312528052
1284,1332,1312532869
1284,27,1312541457
1,270,1312557813
1340,841,1312561589
841,1340,1312561590
1346,841,1312565020
429,483,1312589360
624,1347,1312591946
1004,1348,1312594511
1165,1345,1312596821
841,1346,1312601774
1224,507,1312601992
507,1224,1312602106
1345,1165,1312658834
1224,1350,1312661774
1350,1224,1312661868
879,60,1312670399
60,879,1312670424
688,314,1312688793
314,688,1312688809
684,429,1312698259
429,684,1312698415
624,1159,1312724194
1159,624,1312731569
231,1323,1312740543
615,629,1312744420
1092,233,1312745780
233,1092,1312745939
1132,1323,1312746957
1323,1132,1312747021
879,1351,1312754348
1351,879,1312754936
1011,507,1312758319
507,1011,1312758455
483,1349,1312771728
1349,483,1312771762
1343,1,1312779845
1338,1352,1312787855
1352,1338,1312787894
429,1353,1312790270
1353,429,1312792542
429,1354,1312793765
1354,429,1312794187
311,879,1312800185
879,311,1312800269
501,1355,1312818871
1303,1330,1312822220
1330,1303,1312822566
1273,1209,1312823944
1209,1273,1312823981
1120,1356,1312827609
1356,1120,1312827641
27,1357,1312828200
27,1358,1312828234
879,1209,1312833075
1209,879,1312833247
1337,27,1312835395
483,429,1312846768
1273,986,1312847410
986,1273,1312847420
1358,27,1312853730
1224,112,1312869946
1357,27,1312878457
734,1359,1312880706
1359,734,1312881660
1165,841,1312891813
1323,1360,1312898296
1360,1323,1312899302
148,27,1312909954
27,148,1312910715
307,1361,1312913001
1361,307,1312913256
1323,594,1312915022
594,1323,1312915090
734,1362,1312921507
1362,1020,1312925165
60,1363,1312925196
1363,60,1312927218
841,166,1312931915
841,1165,1312931930
1354,1321,1312933362
1321,1354,1312933545
1349,43,1312936503
1120,270,1312936920
1120,1,1312937036
1120,483,1312937519
166,841,1312942979
1052,1364,1312950419
1364,1052,1312950540
1224,1321,1312951233
1321,1224,1312951351
7,1365,1312953496
1365,7,1312953588
27,1366,1312967887
27,489,1312967975
1338,1354,1312985706
1354,1338,1312985894
895,1354,1312988168
1354,895,1312988193
841,429,1313000633
429,841,1313000668
863,1288,1313001742
1288,863,1313001887
863,1150,1313003639
1150,863,1313003756
1323,1232,1313005459
1232,1323,1313005663
841,1120,1313009138
31,1367,1313020143
1367,31,1313020225
1331,60,1313027723
429,1368,1313045747
1368,429,1313045835
307,1369,1313058066
1369,307,1313059475
171,1224,1313087021
1224,171,1313087314
171,1332,1313088104
1332,171,1313088151
60,1331,1313089017
1363,1332,1313100606
1332,1363,1313100896
1052,1343,1313113802
1343,1052,1313113829
99,1273,1313114452
1052,169,1313115626
169,1052,1313119552
595,1273,1313120397
1273,595,1313120649
1353,1370,1313125981
1370,1353,1313126071
1224,1371,1313129500
1371,1224,1313129716
1120,1243,1313170601
688,739,1313189178
739,688,1313189712
1323,60,1313198280
60,1323,1313198650
483,7,1313211705
7,483,1313212110
820,112,1313246199
1174,1372,1313259054
1321,1273,1313259978
1174,507,1313260078
507,1174,1313260086
1321,1179,1313260192
1372,1174,1313262379
841,862,1313271415
862,841,1313271450
624,1331,1313271940
1373,506,1313277365
429,389,1313286275
1367,429,1313286314
429,1367,1313287086
1331,624,1313287159
378,1374,1313297321
429,1375,1313324417
1375,429,1313324613
429,1307,1313330900
1307,429,1313330951
429,1165,1313332428
429,1179,1313333356
1179,429,1313334072
112,1224,1313342654
1243,1120,1313345375
1374,378,1313351472
1374,171,1313351487
1374,241,1313351536
863,1321,1313352875
31,1374,1313356679
1374,31,1313356787
1165,429,1313361993
429,431,1313364558
431,429,1313364582
895,1232,1313379612
895,1376,1313380545
1376,895,1313380952
1232,895,1313382987
7,196,1313390505
429,11,1313391486
11,429,1313391560
992,1303,1313391680
1352,31,1313392376
31,1352,1313392380
477,429,1313394289
429,477,1313394347
477,11,1313397133
11,477,1313397134
1174,992,1313405962
992,1174,1313406050
1174,1365,1313417746
1365,1174,1313417793
1338,112,1313420644
1303,992,1313423780
1120,992,1313435193
992,1120,1313435216
1339,595,1313445352
1321,863,1313453578
27,688,1313489996
688,27,1313490012
429,688,1313497030
688,429,1313497115
734,1377,1313513896
1321,1378,1313519837
1377,734,1313520235
1378,1321,1313520292
1378,27,1313521097
507,169,1313524397
169,507,1313526865
1268,1378,1313533725
1378,1268,1313534242
112,429,1313538474
429,112,1313538541
1020,1379,1313539139
1020,1362,1313539193
483,1331,1313542542
1331,1,1313545025
429,665,1313558027
665,429,1313558328
7,1380,1313579288
1379,1020,1313584954
429,85,1313591687
85,429,1313595252
112,58,1313610883
1349,665,1313628711
665,1349,1313628946
429,1381,1313634988
1381,429,1313635830
429,552,1313642383
552,429,1313642459
595,429,1313655825
429,595,1313655888
429,506,1313674866
879,1349,1313680356
1349,879,1313680401
429,1382,1313689397
1382,429,1313689481
1174,426,1313695344
426,1174,1313695396
1273,1383,1313698815
27,1384,1313707374
1384,27,1313707465
1384,1385,1313707480
1334,1165,1313737922
27,1386,1313739761
1386,27,1313740239
429,992,1313755390
992,429,1313755447
1385,1384,1313768351
1159,85,1313771334
85,1159,1313771339
1383,1273,1313777024
27,1378,1313782997
1165,1334,1313815279
992,7,1313900298
7,992,1313900308
906,1387,1313940864
1387,906,1313945264
400,3,1313945278
400,45,1313945297
1331,863,1313964366
986,1278,1313975696
1278,986,1313976208
863,1353,1313983306
1353,863,1313983388
684,1338,1313989777
1338,684,1313989813
378,863,1313990002
27,1294,1314005826
1294,27,1314005852
1143,760,1314013337
1294,171,1314026310
1338,919,1314031648
919,1338,1314038512
31,1388,1314043851
1273,1323,1314043971
1388,31,1314044036
1338,426,1314045408
426,1338,1314045425
1323,1273,1314052072
863,171,1314056497
171,863,1314056514
348,171,1314057024
171,348,1314057037
893,7,1314060014
1353,1313,1314060785
7,893,1314063046
1388,581,1314069337
581,1388,1314069420
65,74,1314072083
1278,413,1314075003
413,1278,1314075043
1388,429,1314075237
429,1388,1314075262
841,688,1314144020
378,963,1314144468
688,841,1314144484
863,1391,1314145094
241,1388,1314145790
760,1143,1314149352
456,1278,1314156075
1278,456,1314156255
734,27,1314179705
27,1392,1314188342
1393,27,1314189375
27,1311,1314197929
921,1303,1314206973
1303,921,1314207011
1275,31,1314213309
31,1275,1314213336
1275,1349,1314215005
1349,1275,1314215231
1120,501,1314216243
31,688,1314229873
1331,483,1314237344
171,1330,1314289274
112,1349,1314291718
1349,112,1314292774
28,1394,1314297974
1394,28,1314298293
1330,171,1314301215
1073,1303,1314304707
1303,1073,1314304715
231,1141,1314314506
1325,1273,1314328126
1391,1390,1314332140
1390,1391,1314332337
734,1161,1314350214
1161,734,1314364442
1311,27,1314369256
688,31,1314380456
688,99,1314380662
1120,853,1314394660
853,1120,1314395056
125,1338,1314398372
99,171,1314400077
171,99,1314400252
429,314,1314418544
314,429,1314418715
1338,429,1314418871
429,1338,1314418967
1338,125,1314419237
853,1396,1314438730
1396,853,1314438794
12,688,1314458586
1156,1159,1314466014
1159,1156,1314466088
27,1397,1314468891
27,1393,1314468916
27,1391,1314469330
1391,27,1314469513
24,1159,1314507202
1395,1331,1314513718
1395,1159,1314515179
1159,24,1314554824
1349,1398,1314561416
1398,1349,1314566161
1323,1364,1314569663
1364,1323,1314569776
41,27,1314569884
27,41,1314569984
1273,1325,1314580664
1273,429,1314585740
429,1273,1314585762
895,1259,1314593419
1259,895,1314595041
99,1303,1314600395
1303,99,1314600455
27,1399,1314614597
28,1396,1314623712
1396,28,1314623772
879,429,1314631886
429,879,1314631899
400,270,1314642633
1052,1341,1314676479
1393,69,1314686731
1331,270,1314688993
1273,880,1314704808
880,1273,1314706298
688,12,1314710875
27,1369,1314714481
171,1294,1314720358
1369,27,1314722618
1338,1400,1314734187
1400,1338,1314734323
1120,1401,1314737251
841,265,1314737645
1120,1273,1314745666
1273,1120,1314745739
265,429,1314746654
429,265,1314746688
1401,1120,1314750538
426,841,1314756627
1052,841,1314759432
879,166,1314776721
166,879,1314776869
1309,84,1314783536
31,1307,1314784369
27,1398,1314785102
27,1402,1314785115
27,1403,1314785376
1403,27,1314785571
1341,1347,1314794783
204,104,1314815138
27,1404,1314895110
1404,27,1314896036
507,1331,1314906846
1341,665,1314909748
1362,734,1314912015
665,1341,1314914812
1339,863,1314914867
1331,507,1314927403
1321,1405,1314941630
1405,1321,1314941678
745,552,1314942738
552,745,1314942789
69,1393,1314975028
734,1406,1314991274
1406,734,1314991427
863,1339,1314991816
1349,547,1314995898
547,1349,1314995932
1403,1407,1314996293
1407,1403,1314996590
1349,125,1314998064
125,1349,1314998078
187,1323,1314998192
1391,976,1315000900
27,1174,1315002375
27,734,1315002581
976,1391,1315003881
507,1408,1315005058
507,1339,1315006700
507,1403,1315007145
241,1408,1315013500
1408,507,1315015359
1408,241,1315015371
1399,27,1315023731
1,1399,1315028115
1303,647,1315034390
552,1349,1315034725
1349,552,1315034736
1174,27,1315042012
1323,189,1315045654
189,1323,1315046495
1408,1409,1315093457
1409,1408,1315093895
7,378,1315185780
1159,1290,1315201308
1290,1159,1315201446
1303,1410,1315204018
1410,1303,1315204254
624,1290,1315212569
27,1411,1315224563
27,1412,1315227658
1174,511,1315234298
511,1174,1315234343
841,1390,1315237161
841,1303,1315238844
1303,841,1315238931
1290,1174,1315248737
1174,1290,1315249041
1174,1410,1315253117
1410,1174,1315254852
976,841,1315267262
1300,1358,1315319606
1358,1300,1315322396
533,1413,1315329729
1413,533,1315329833
1174,863,1315342360
31,1339,1315356525
1339,31,1315359803
1410,1358,1315372167
1159,233,1315382104
1174,1309,1315393555
1174,1257,1315394901
1257,1174,1315395321
1414,1174,1315416733
1341,507,1315418314
1416,1391,1315445929
1391,1416,1315446159
1323,552,1315474539
552,1323,1315474689
601,1413,1315480594
1309,1417,1315486025
1309,1174,1315486172
1209,1418,1315503512
1418,1209,1315503671
1323,1419,1315525156
1419,1323,1315525257
1349,1352,1315532960
1413,601,1315540234
1159,1403,1315550184
1403,1159,1315550668
1052,1352,1315594612
1352,1052,1315594636
1352,1349,1315595266
1349,1420,1315609059
1420,1349,1315611186
1338,1399,1315614370
1399,1338,1315614431
1349,410,1315617875
1349,1422,1315622213
1422,1349,1315623328
1349,1423,1315641153
1423,1349,1315641222
1273,1349,1315665616
501,233,1315683440
1410,1424,1315692527
76,1416,1315693759
76,496,1315693768
1424,1410,1315730584
1290,1425,1315752948
1425,1290,1315753145
1323,1290,1315758552
27,1426,1315761202
378,1427,1315762988
1426,27,1315769687
1290,665,1315783362
1156,1247,1315792472
1247,1156,1315797469
1143,1273,1315800789
166,1428,1315818890
1428,166,1315818914
233,665,1315853478
665,233,1315853604
1420,1429,1315857602
1429,1420,1315857796
31,1332,1315866248
1332,31,1315866275
27,1415,1315900666
1415,27,1315900709
27,1430,1315900901
1120,841,1315910432
1430,27,1315910890
1430,84,1315911362
527,507,1315927291
507,527,1315927623
527,1429,1315934561
879,552,1315937034
552,879,1315937099
507,1431,1315937846
1431,507,1315937983
1429,527,1315940070
1290,1432,1315954944
1432,1290,1315954963
552,1273,1315960375
1273,552,1315960426
148,1331,1316004359
670,841,1316012999
1417,1309,1316013098
527,1174,1316013960
1174,527,1316013963
1174,1209,1316014451
1209,1174,1316014512
1174,1433,1316016186
1433,1174,1316016440
1303,1434,1316028203
1434,1303,1316028326
1331,148,1316041257
552,112,1316049209
112,820,1316049605
112,552,1316049608
1174,665,1316077694
665,1174,1316077811
665,27,1316078419
27,665,1316078513
210,1429,1316090793
1429,210,1316090857
1341,1431,1316106557
27,1434,1316108705
1434,27,1316108769
1431,1341,1316111306
27,1435,1316115885
27,1436,1316115895
1341,1409,1316119574
1338,31,1316124335
841,1338,1316124999
1323,1159,1316140867
1323,1120,1316198286
1358,1410,1316212290
146,14,1316217575
241,348,1316221533
348,241,1316221651
1435,27,1316228829
27,782,1316290010
782,27,1316290134
1358,782,1316300301
782,1358,1316302326
1273,1308,1316309202
1308,1273,1316309276
270,1323,1316309552
241,863,1316368198
863,241,1316368217
27,241,1316370789
241,27,1316370978
7,426,1316380317
426,7,1316380362
501,1120,1316463339
501,1,1316463436
501,1438,1316467528
1341,1440,1316486432
1440,1341,1316486811
1438,501,1316487910
507,314,1316488752
314,507,1316489314
31,736,1316512948
1174,736,1316519553
736,1174,1316520054
1174,1438,1316526568
1438,1174,1316526592
27,1438,1316534255
1438,27,1316534318
1409,1341,1316535046
1120,1341,1316539316
241,1174,1316544666
1174,241,1316544704
1425,995,1316545190
241,7,1316545733
1174,484,1316545744
7,241,1316545753
484,1174,1316545755
400,1441,1316550161
241,1425,1316552554
1425,241,1316552747
241,1442,1316557460
1442,241,1316557610
241,1443,1316560163
1443,241,1316560742
6,241,1316572145
241,6,1316572171
241,1399,1316573614
1399,241,1316574018
1438,484,1316621424
484,1438,1316621930
1349,1429,1316625644
27,1245,1316626238
241,1445,1316635806
1445,241,1316635877
1349,1330,1316664812
1245,27,1316685615
1425,94,1316722859
501,1425,1316737683
1425,501,1316737745
1390,507,1316746559
31,1174,1316793637
1174,31,1316796821
1338,1179,1316875977
1179,1338,1316878135
1159,1323,1316974954
1438,1341,1316982753
1341,1438,1316990186
1273,1446,1317078312
1446,1273,1317078373
1390,484,1317095971
1416,241,1317101935
241,1416,1317102035
31,1429,1317143582
1429,31,1317143654
507,1390,1317148852
1390,841,1317155315
1442,31,1317189062
31,1442,1317189600
27,1389,1317205991
1174,1394,1317219274
1444,1174,1317230872
1394,1174,1317232372
1429,1447,1317245333
595,1429,1317245378
1447,1429,1317245685
1341,1356,1317259813
483,716,1317261294
1448,506,1317301805
1429,1349,1317316298
1349,1159,1317319183
1159,1349,1317319425
1349,94,1317319722
27,1449,1317329344
27,1450,1317329374
1436,27,1317331251
270,1341,1317349882
1120,1323,1317395560
426,1341,1317413672
1341,426,1317413983
31,1452,1317488129
1452,31,1317488293
1452,782,1317490740
782,1452,1317491555
782,1303,1317520802
1303,782,1317520929
1307,782,1317569920
782,1307,1317570017
501,1439,1317588800
65,1453,1317588867
1439,501,1317589576
1425,1323,1317594379
1341,986,1317615926
986,1341,1317615959
1330,1349,1317624106
1341,1454,1317653581
1454,1341,1317653644
734,506,1317671898
734,1455,1317671959
734,1414,1317672045
1338,1439,1317672887
1414,734,1317675273
27,1457,1317676440
1425,506,1317676629
1259,507,1317686433
1451,1458,1317694874
1458,1451,1317694955
1458,27,1317695077
1416,1341,1317749527
1416,1338,1317749604
1429,863,1317763062
853,1341,1317829785
1341,853,1317829879
1429,507,1317837490
507,1429,1317837531
1459,1341,1317840310
1459,1460,1317869911
1460,1461,1317870104
1460,1451,1317870216
1460,1459,1317870397
1451,1460,1317870917
1011,736,1317888765
736,1011,1317889957
684,1341,1317949048
1341,684,1317949158
31,1459,1317957359
1459,31,1317957401
1341,1460,1317963466
1462,1341,1317964968
530,601,1318007146
1341,166,1318007562
166,1462,1318011340
1462,166,1318011455
734,1389,1318023670
734,1456,1318023736
1341,1459,1318027222
1338,1416,1318094598
1451,863,1318114184
1451,1347,1318122423
1341,1463,1318194426
1460,1273,1318208450
1430,308,1318209269
1439,1273,1318209356
1430,496,1318209392
1273,1460,1318211678
1460,1432,1318213353
1156,1432,1318216097
1432,1156,1318216266
1460,1341,1318217607
863,1451,1318221577
863,1429,1318221623
1432,1460,1318221786
1465,1466,1318298186
1341,1465,1318298846
1466,1465,1318298930
84,67,1318305371
601,530,1318315801
27,1458,1318322723
1174,1284,1318331044
1284,1174,1318331131
1464,1300,1318349532
1309,853,1318358314
1365,1465,1318386901
1465,1365,1318387387
1341,430,1318388458
430,1341,1318388582
1341,1416,1318391016
507,1259,1318428171
1338,1278,1318453843
84,185,1318458724
1341,681,1318551337
27,1421,1318609449
1421,27,1318610062
1421,1341,1318624182
1341,1421,1318624260
84,1,1318628902
84,21,1318628919
84,136,1318628958
84,82,1318628969
84,734,1318628990
84,1309,1318629001
4,893,1318631855
507,1469,1318649571
1469,507,1318649812
164,1470,1318657845
501,1469,1318692505
1469,501,1318692565
507,1421,1318703723
1421,507,1318703865
1273,265,1318720292
265,1273,1318720389
6,647,1318751882
84,1471,1318767413
84,44,1318767541
1471,84,1318768348
27,1469,1318769759
1469,27,1318769770
311,1341,1318785588
1341,311,1318786101
311,1469,1318790208
1469,311,1318790236
1341,6,1318812472
863,1472,1318821477
7,18,1318847945
623,625,1318865698
625,623,1318868496
1442,1341,1318896230
1341,1442,1318896322
1341,501,1318902193
1174,1414,1318926802
895,1473,1318931414
27,311,1318933668
1473,895,1318933901
311,27,1318934839
1341,506,1318961962
204,506,1318963896
1341,1474,1318989041
1308,863,1319006992
27,1475,1319025030
745,1341,1319047848
1403,1421,1319144606
1421,1403,1319144645
46,1425,1319158023
1425,46,1319158062
1341,1476,1319165735
1476,1341,1319165935
1408,1341,1319211380
31,677,1319223047
677,31,1319223734
1341,1477,1319229297
1341,1464,1319229798
1349,736,1319294012
314,27,1319299578
1341,1425,1319310663
1425,1341,1319311027
1425,1349,1319311410
1439,1477,1319317679
1477,1439,1319317714
1477,1349,1319317781
27,552,1319321341
1318,1478,1319322842
1478,1318,1319322916
1341,1468,1319334757
1468,1341,1319335031
1290,1479,1319337600
1318,1273,1319337604
1273,1318,1319337610
1479,1290,1319342532
1341,1346,1319410401
1290,506,1319410990
1341,1480,1319427481
1480,1341,1319427649
552,1364,1319431746
1365,1481,1319431804
1481,1365,1319431825
1364,552,1319431884
1365,1341,1319464619
1341,1365,1319465581
1477,27,1319471585
1349,1482,1319479251
1482,1349,1319479366
270,1159,1319488168
1273,1481,1319498414
1481,1273,1319498502
1425,1483,1319507135
1425,1476,1319507160
1476,1425,1319507258
1483,1425,1319507490
1174,204,1319528323
1481,1484,1319548317
11,1485,1319549347
1485,11,1319549452
27,1485,1319562204
1485,27,1319562224
204,734,1319571269
204,1174,1319571322
1349,496,1319572373
270,1318,1319596453
1483,241,1319602990
27,1486,1319617805
1273,1364,1319617836
1364,1273,1319617958
1308,1307,1319633279
1307,1308,1319633356
1308,1349,1319637619
841,1349,1319638381
1341,1364,1319659376
1349,1477,1319739317
1472,863,1319747835
863,1487,1319748023
1487,863,1319748531
1487,1349,1319749401
1273,1341,1319755951
1341,129,1319761695
1477,1341,1319769207
1364,1341,1319773649
1341,1488,1319777006
27,1477,1319780903
7,1341,1319831636
11,1489,1319834201
1489,11,1319834349
1308,1490,1319836394
1490,1308,1319836427
1307,1439,1319844589
1439,1307,1319844752
1307,27,1319867377
27,1307,1319867686
27,1491,1319872348
27,1492,1319872361
1308,1338,1319890666
1349,1308,1319905398
1349,1201,1319905997
1201,1349,1319906030
1303,1415,1319947521
1415,1303,1319947654
1349,588,1319987039
588,1349,1319987051
1202,1338,1320021876
1338,1202,1320022409
1273,1493,1320031048
1493,1273,1320031070
1303,1494,1320042768
1494,1303,1320042871
1307,426,1320045958
426,1307,1320046051
1495,1349,1320066584
1495,1174,1320066607
1495,1477,1320066617
1495,1464,1320066666
1495,1496,1320077898
1496,1495,1320078098
620,1497,1320097728
1341,1498,1320098249
1498,1341,1320099018
27,1499,1320145008
27,1500,1320145019
27,1496,1320145147
1496,27,1320153756
1500,27,1320172895
1499,27,1320184342
1174,1501,1320254874
734,1502,1320256659
734,1430,1320256817
1502,734,1320260976
734,1491,1320264266
1491,1472,1320282895
1491,734,1320283417
76,1442,1320291204
1442,76,1320291280
76,1503,1320292309
1503,76,1320296738
27,1504,1320313837
1174,1495,1320318096
1430,1491,1320318638
1491,1430,1320318639
1504,27,1320325574
1500,1496,1320325891
1496,1500,1320331740
1430,734,1320397490
1174,28,1320401956
28,1174,1320403020
1174,1502,1320403426
1495,1491,1320430662
1323,506,1320430703
1341,1505,1320445126
1505,1341,1320445169
1364,1290,1320477833
1477,1495,1320515229
1477,1290,1320518589
1290,1477,1320518608
1493,1,1320536410
1,1493,1320536477
1478,1290,1320543220
1290,1478,1320543254
1290,1349,1320548103
1349,1506,1320548733
1472,1290,1320551656
1273,1307,1320563066
761,1507,1320614411
1507,761,1320614452
1290,1500,1320621671
1500,1290,1320621883
552,27,1320664827
1472,1508,1320680927
1508,426,1320681843
1,1509,1320692084
1509,1,1320692177
27,1510,1320697365
1509,1500,1320704335
146,1290,1320709577
1290,146,1320710280
27,1509,1320711507
1356,1341,1320727456
1509,27,1320755812
1501,1174,1320757905
1341,1307,1320762365
1491,1495,1320766696
1273,1439,1320774235
1349,27,1320775031
27,1349,1320775184
1491,1500,1320784909
1491,1341,1320784961
1500,1491,1320785052
1341,1491,1320785859
29,1290,1320787599
1290,29,1320787629
1472,1491,1320789942
1338,29,1320791647
29,1338,1320791809
1338,1509,1320799249
140,1416,1320826285
533,1511,1320826701
1511,533,1320828106
1473,1500,1320855779
1472,1493,1320863464
1493,1472,1320863519
1303,1338,1320864587
1338,1303,1320864902
27,1512,1320869426
27,1513,1320869458
1338,1514,1320870589
31,1464,1320875306
1338,1500,1320881948
1500,1338,1320882195
1,1341,1320897150
1330,1471,1320911833
1471,1330,1320912605
1473,1338,1320918139
1491,1514,1320922125
1514,1491,1320922494
1349,1491,1320927199
1491,1349,1320927207
1500,1509,1320934382
1500,1515,1320934442
1464,31,1320948414
1338,1473,1320950159
27,1338,1320952687
1338,27,1320952688
1338,1324,1320953497
1324,1338,1320953662
1174,1338,1320958350
501,1303,1320994476
1303,501,1320994674
1464,1341,1321031850
507,1500,1321041084
1500,507,1321041167
1454,1349,1321050148
1512,27,1321052594
1290,46,1321060950
46,1290,1321061316
1303,1519,1321062293
1519,1303,1321062437
1520,1519,1321065385
1519,1520,1321065419
1519,1341,1321069081
1349,1507,1321133135
1507,1349,1321133147
1514,1521,1321149815
1521,1514,1321150115
1338,1522,1321152935
7,1477,1321159614
1477,7,1321159938
1518,506,1321189998
98,1,1321212238
1,98,1321212290
1,311,1321218985
311,1,1321219055
1481,430,1321221880
430,1481,1321221884
734,1524,1321223007
501,745,1321225049
745,501,1321225274
1430,1338,1321244897
1507,1526,1321277073
1526,1507,1321277363
1524,734,1321294383
1517,1481,1321305091
1481,1517,1321305136
1521,1528,1321307100
1517,1496,1321318638
863,1529,1321355271
1338,1530,1321373838
1530,1338,1321373973
1496,1517,1321378947
1517,1495,1321383037
1500,1473,1321385904
1495,1517,1321392185
1514,1531,1321393106
1531,1514,1321393348
1495,1525,1321403767
1525,1495,1321403882
1349,31,1321410719
31,1349,1321410793
1508,1494,1321416913
1494,1508,1321417006
1430,1307,1321417908
27,1532,1321431015
1532,27,1321450138
1495,1533,1321467961
1533,1495,1321470708
1517,1534,1321480187
1534,1517,1321480359
1,1308,1321484568
1308,1,1321484820
1273,1535,1321485135
1535,1273,1321485233
1349,841,1321485483
1472,1273,1321504268
1273,1472,1321504380
1527,1536,1321508982
1536,1527,1321509506
1341,1478,1321515488
1478,1341,1321515559
1495,1536,1321522693
734,1309,1321530491
734,1174,1321530531
734,84,1321533356
1517,1537,1321567084
1537,1517,1321567355
1517,1538,1321616714
1517,1539,1321621930
1539,1517,1321622186
832,27,1321625867
1536,1540,1321626592
27,832,1321635483
1530,1541,1321645571
1541,1530,1321656118
1258,1290,1321742387
1349,1525,1321743038
1488,1341,1321829581
734,1514,1321830732
27,1544,1321833232
27,1545,1321833242
1514,734,1321870193
1341,511,1321913887
511,1341,1321914049
895,1273,1321950171
1273,895,1321950172
1544,27,1321956493
1517,1278,1321966601
1278,1517,1321966949
1517,1547,1321980144
1547,1517,1321980203
507,1547,1321991174
1547,507,1321991266
1454,863,1321993160
1547,1341,1321993341
1517,1548,1321996805
1548,1517,1321997062
1341,1547,1321997957
1525,1349,1322000558
1341,1525,1322002851
1519,1549,1322006334
1273,1550,1322006601
1517,1549,1322012319
1549,1517,1322012404
1544,1507,1322047033
1507,1544,1322047055
1523,1551,1322049770
27,1552,1322074416
1517,1546,1322082668
734,1553,1322084043
1341,745,1322084140
1553,734,1322084188
6,1341,1322088614
1536,1554,1322096221
1554,1536,1322096283
1430,1555,1322101769
1555,1430,1322120705
1544,1517,1322138189
1517,1544,1322138236
1507,1557,1322157471
1341,1507,1322158054
1557,1507,1322159005
1556,27,1322176007
314,1556,1322180943
1556,314,1322181130
1552,27,1322192645
1309,734,1322206277
1507,1556,1322220160
1556,895,1322220342
895,1556,1322220369
1556,1507,1322220376
1525,1341,1322226949
1273,863,1322256142
1495,1481,1322291036
1507,187,1322301371
187,1507,1322301842
1517,1556,1322316358
1556,1517,1322316504
1338,1519,1322340928
1519,1338,1322340975
1519,1559,1322342050
1559,1519,1322342225
1536,506,1322415709
1536,31,1322447520
31,1536,1322447532
31,1303,1322454731
1303,31,1322454833
314,1560,1322459268
1560,314,1322459362
1341,31,1322460389
1491,506,1322487159
1536,1561,1322500293
1561,863,1322500319
1561,1536,1322500351
1514,227,1322506692
227,1514,1322506711
1517,1562,1322517702
1562,1517,1322518235
1562,1530,1322518648
7,60,1322524170
1430,1562,1322526076
27,1444,1322527383
1560,895,1322552448
1562,1430,1322588909
27,1564,1322593606
27,1548,1322593641
1341,4,1322613381
4,1341,1322613940
1517,1527,1322654955
1564,27,1322678544
507,1202,1322695013
1202,507,1322695263
1517,1558,1322697136
1514,1478,1322725255
1478,1514,1322725359
1517,1565,1322746511
1565,1517,1322746784
27,1566,1322753621
270,1272,1322758128
1341,1272,1322759267
1536,1272,1322759385
1272,1536,1322761524
1514,1559,1322774154
1559,1514,1322774887
1338,1527,1322779094
734,1137,1322783743
1273,1567,1322790970
1567,1273,1322791021
1567,1451,1322794058
1238,1568,1322797307
1568,1238,1322797450
1467,27,1322824968
27,1467,1322825084
1137,734,1322839488
1137,506,1322839602
1517,314,1322854528
1542,1517,1322859575
1517,1542,1322859579
31,1341,1322877388
1519,1569,1322891204
1569,1519,1322891423
27,1569,1322894645
1569,27,1322894690
1290,1569,1322899036
1569,1290,1322899104
507,1290,1322949293
507,1341,1322949372
1517,1570,1322956363
1570,1517,1322956690
1517,4,1322958147
1474,1341,1322958279
1517,1474,1322960878
1474,1517,1322960892
1569,19,1322961904
1519,1290,1322962074
1273,1571,1322962968
1519,1558,1322964726
1519,1536,1322965209
1536,1519,1322965287
1273,498,1322965990
1273,1572,1322966857
1572,1273,1322966932
1536,1572,1322967872
1572,1536,1322968705
4,1517,1322970543
498,1536,1322973819
498,1273,1322974087
1569,1338,1322976194
1536,820,1322977723
1273,1,1323027807
1571,398,1323029748
1517,1569,1323034863
1174,1573,1323078451
1469,1247,1323116615
1341,1469,1323123144
1558,1519,1323138529
1469,1341,1323142967
1341,1574,1323143369
498,7,1323147286
7,498,1323147460
1303,27,1323157215
27,1303,1323157366
1174,1566,1323168852
1247,498,1323204460
498,1247,1323204750
1571,1273,1323223953
1338,1574,1323224000
1574,1338,1323225179
1574,1341,1323243284
1571,1575,1323268825
1543,734,1323274199
1517,1576,1323277785
1546,1517,1323278512
1174,1444,1323283803
1514,1174,1323284169
314,1517,1323290916
1576,1517,1323290959
1507,1542,1323292509
1120,1507,1323292633
1507,1120,1323292663
498,99,1323318493
99,498,1323318520
99,1536,1323319588
1517,1577,1323346609
1577,1517,1323346637
1573,1174,1323358086
27,1578,1323358140
1578,27,1323359690
1507,1439,1323376050
1439,1507,1323376110
314,1514,1323376464
1514,314,1323376473
1507,1303,1323376704
1303,1507,1323376746
1439,1579,1323390076
1439,1470,1323391747
1579,1439,1323391928
1341,1470,1323392120
31,10,1323397729
1579,1580,1323398058
10,31,1323398450
1580,19,1323398651
1247,1582,1323442691
1582,1247,1323442950
1517,552,1323446233
552,1517,1323446236
1536,498,1323456128
1575,1571,1323458710
507,1583,1323473673
1583,507,1323473796
31,1584,1323489255
1584,31,1323489851
1341,1585,1323494795
1585,1341,1323494883
140,1341,1323497201
1341,140,1323497226
140,1,1323497250
140,1159,1323497283
734,1543,1323553127
734,1586,1323553294
1451,1587,1323555770
1290,1587,1323555942
1247,1587,1323555946
1577,1587,1323556026
146,70,1323558421
1,140,1323560232
1349,1425,1323561150
70,146,1323561520
1569,1517,1323575960
1341,146,1323586186
27,1576,1323598935
7,506,1323609246
1586,734,1323640818
1273,1536,1323660180
1536,1273,1323660367
1341,1536,1323662852
507,1588,1323710065
1588,507,1323710111
1517,854,1323712770
498,1517,1323712967
1318,1589,1323713983
1589,1318,1323714063
27,1590,1323714674
1341,1579,1323727577
1579,1341,1323728407
1517,581,1323736507
581,1517,1323736641
31,1,1323744945
1514,1579,1323748037
1579,1591,1323749550
1579,1514,1323749860
1517,1403,1323778345
1403,1517,1323778373
1591,1579,1323779680
1536,1592,1323789042
1592,1536,1323789092
857,1593,1323799971
857,1517,1323801753
1517,857,1323801802
1588,1536,1323806338
1536,1588,1323806359
1467,1517,1323808550
1517,1467,1323808583
1517,498,1323808617
1011,1516,1323813855
1516,1011,1323813905
1011,1579,1323815581
1536,1355,1323832654
1478,1594,1323834724
1303,498,1323841002
498,1303,1323841048
1594,1478,1323858285
1594,506,1323858319
27,1594,1323861545
1516,1595,1323884031
1595,1516,1323884302
1174,1514,1323898978
1500,1341,1323900915
1341,1500,1323901146
1324,1341,1323915905
1341,1324,1323916142
1493,19,1323917484
6,498,1323920006
498,6,1323920028
46,265,1323922485
1579,1011,1323923683
1517,1596,1323965522
1590,27,1323976888
1517,1585,1323986944
1585,1517,1323987028
1349,1454,1323988111
1517,1479,1323989608
1479,1517,1323989627
140,1597,1323992519
1527,1517,1323995561
1517,1598,1323998669
1598,1517,1323998689
863,1159,1324005846
1159,863,1324005893
552,1,1324013210
1,552,1324013224
1308,1430,1324042079
1507,1517,1324061956
1517,1507,1324061985
1542,1507,1324062549
1439,265,1324064254
1430,1308,1324080296
1011,498,1324090752
498,1011,1324090780
7,92,1324093698
1341,1580,1324094390
92,7,1324094397
27,1601,1324123115
1517,1179,1324228948
1179,1517,1324231523
734,1602,1324251730
1273,6,1324260622
6,1273,1324260661
1517,1347,1324262435
1580,1536,1324268950
1536,1580,1324268999
7,1580,1324276905
1580,7,1324277067
27,1603,1324286088
27,1604,1324287280
1603,27,1324296451
146,1571,1324306921
1517,1603,1324307385
1603,1517,1324307949
1517,507,1324320165
507,1517,1324320189
1517,6,1324322191
6,1517,1324322271
1514,498,1324324405
498,1514,1324324437
1303,506,1324338557
1536,1517,1324342673
1517,1536,1324343569
1444,27,1324374326
1373,1341,1324378644
1604,27,1324382717
1517,1604,1324385537
1604,1517,1324385787
1341,1373,1324389680
1517,1608,1324391767
1517,1609,1324404021
1517,1272,1324404378
863,1517,1324406685
1517,1202,1324406919
1202,1517,1324407287
1517,31,1324418463
31,1517,1324423540
1580,1610,1324423542
1610,1580,1324423563
1563,1341,1324427743
1341,1563,1324427750
1536,1341,1324432271
1341,1611,1324434741
483,1495,1324437412
1495,483,1324437473
1519,1612,1324445617
1581,506,1324456906
1517,1526,1324469426
1526,1517,1324469499
27,1613,1324490168
1613,27,1324490449
1517,1614,1324498229
1614,1517,1324501238
1527,1516,1324504663
1516,1527,1324504705
324,1587,1324506586
1517,1615,1324509262
1615,1517,1324509327
1614,1587,1324509943
1587,1614,1324510132
607,270,1324516616
1341,1448,1324517723
1448,1341,1324517849
841,1341,1324529979
1566,1603,1324538469
1238,1174,1324547087
1517,1209,1324565328
1209,1517,1324565374
1517,1617,1324565792
1617,1517,1324566229
4,1613,1324567719
1613,4,1324568248
1613,1517,1324578971
1517,1613,1324589729
1238,1617,1324591477
734,1618,1324593893
1174,1618,1324596592
1174,1389,1324596651
1617,1238,1324605207
1273,1563,1324608349
1563,1273,1324608354
1536,1619,1324616363
893,1514,1324618104
1514,893,1324618419
1619,1536,1324650027
1620,1566,1324653982
1603,1566,1324657865
1603,1604,1324662503
1536,46,1324662640
46,1536,1324662678
1604,1603,1324664078
27,1621,1324667478
27,1606,1324667487
27,1599,1324667497
1621,27,1324667574
1493,863,1324668837
1566,1604,1324672909
1517,1566,1324673954
1517,1622,1324677399
1622,1517,1324677622
1611,1493,1324690650
1493,1611,1324695787
1587,1606,1324695911
1619,1338,1324695937
1606,1587,1324696016
1587,1616,1324696258
1517,863,1324702205
1517,1349,1324741809
1619,1623,1324758726
1623,1619,1324758813
501,1273,1324763464
1273,501,1324763469
863,146,1324771011
146,863,1324771103
1587,146,1324772714
1616,1587,1324780654
1341,1624,1324831946
1624,1341,1324832424
1303,539,1324844969
539,1303,1324845180
1290,1624,1324855542
1624,1290,1324855623
1619,1624,1324856274
1623,1621,1324859800
1621,1623,1324860098
314,1364,1324863222
1364,314,1324863271
1587,539,1324866564
539,1587,1324867513
1341,1625,1324871075
1625,1341,1324871193
539,314,1324873679
314,539,1324873713
1355,1536,1324875436
1606,1517,1324875617
1597,140,1324906928
1517,1626,1324921092
1625,1587,1324936814
1587,1625,1324936817
1580,1613,1324949028
1580,1619,1324950251
1619,1580,1324950302
841,1290,1324970239
27,1627,1324994362
1627,27,1324998799
1517,1563,1325000775
1563,1517,1325000776
1558,1517,1325010942
1517,1493,1325021964
1290,1616,1325027218
1616,1290,1325027258
1619,1628,1325027259
1628,1619,1325027268
1273,1607,1325042050
146,1273,1325050571
1273,146,1325050717
552,4,1325059719
4,552,1325063002
1507,1546,1325070834
1389,1618,1325095111
501,1517,1325106914
1517,501,1325106921
863,1580,1325113653
1517,1624,1325115164
1624,1517,1325115281
1624,1273,1325115287
1273,1624,1325115312
1011,7,1325117789
1517,1011,1325127547
1011,1517,1325127669
1439,1536,1325128124
1536,1439,1325128199
7,1547,1325137743
1547,7,1325137814
1508,1495,1325161426
1566,734,1325171141
1349,1630,1325174423
1630,1349,1325174668
1547,1439,1325177689
1439,1547,1325177699
734,1566,1325182795
1341,1631,1325189235
1631,1341,1325189600
1517,1632,1325193281
1632,1517,1325193769
539,11,1325195937
11,539,1325196019
539,1290,1325215135
1290,539,1325215169
1273,1626,1325221861
1011,539,1325221891
539,1011,1325221992
1633,1634,1325254871
1542,1516,1325261697
1516,1542,1325261771
734,1635,1325267244
498,1636,1325267660
1626,1273,1325268849
1517,1571,1325292675
1536,1625,1325301575
1625,1536,1325301618
1349,1621,1325304037
1621,1349,1325304327
1621,42,1325359352
1580,1349,1325370256
1274,786,1325389795
1547,1535,1325394256
1535,1547,1325394329
1546,1507,1325434357
1349,1636,1325443802
1349,1580,1325443874
1636,1349,1325444198
1515,1500,1325444923
7,1614,1325454845
1614,7,1325455264
1625,1637,1325473671
1637,1625,1325473783
1587,1638,1325484548
1638,1587,1325484582
1341,1587,1325484965
1587,1341,1325485040
244,1508,1325488179
1508,244,1325488769
1273,1086,1325489957
1086,1273,1325490018
1637,1273,1325510368
1273,1637,1325510586
1639,1517,1325529589
27,1640,1325537086
1640,27,1325537389
1597,1454,1325541957
1454,1597,1325542751
1507,1451,1325546980
1451,1507,1325548360
1638,1,1325551509
1639,1,1325551556
1580,1579,1325551876
1517,1639,1325553456
1341,1641,1325586229
1641,1174,1325586595
1639,19,1325602259
863,1597,1325604706
1536,1349,1325628991
1238,1566,1325698086
1566,1238,1325698230
1562,681,1325704593
1566,1641,1325725804
1600,1566,1325727841
1566,1600,1325728315
507,1642,1325730532
1580,76,1325731276
1,42,1325731951
1642,507,1325732465
76,1580,1325739151
863,1439,1325739698
1641,1566,1325754374
1604,1566,1325777730
27,1643,1325778321
27,1580,1325778652
1580,27,1325779305
863,1542,1325781733
12,67,1325782726
12,1405,1325782910
67,70,1325784366
70,67,1325784421
1517,484,1325787607
1394,734,1325787961
484,1517,1325788862
1571,1517,1325788942
1580,1645,1325792809
1645,1580,1325793259
46,151,1325810660
1580,1439,1325813729
1439,1580,1325813767
1442,895,1325825514
895,1442,1325825527
1481,1646,1325852492
1646,1481,1325853178
1517,1647,1325858849
1647,1517,1325858963
324,1517,1325871969
1517,324,1325871999
1542,1341,1325887268
1341,1542,1325891398
1495,1508,1325891959
1589,1517,1325911022
1495,1642,1325932017
27,1648,1325937232
7,1272,1325965759
1272,7,1325965839
1607,1273,1325975629
1649,1349,1325983582
1650,1651,1326014994
1651,1650,1326015042
1571,146,1326027082
146,1536,1326033587
1618,1652,1326036386
1611,1650,1326042196
136,1650,1326047535
1650,136,1326047627
1652,1618,1326053458
1649,483,1326061836
483,1649,1326061867
861,1653,1326070590
1653,861,1326070933
501,7,1326085154
7,501,1326085210
1349,1651,1326098156
1651,1349,1326098159
27,1651,1326104756
1542,1338,1326125845
314,1536,1326125884
1536,314,1326125900
1338,1649,1326155349
1649,1338,1326155372
863,498,1326175093
871,498,1326182520
498,871,1326182548
1349,871,1326186899
871,1349,1326186950
1349,1654,1326187032
1517,1589,1326217211
1349,1303,1326221404
1341,314,1326222515
314,1341,1326222537
1303,1349,1326224502
1519,1655,1326245063
1655,1519,1326245158
1649,1656,1326250885
1656,1649,1326251170
76,841,1326259044
27,1657,1326262451
1648,27,1326263720
1635,1566,1326294512
1566,1635,1326294579
1635,1517,1326295192
1517,1635,1326295243
1542,1658,1326304553
1658,1542,1326304609
1514,1600,1326315724
1600,1514,1326315896
1519,1498,1326331270
1498,1519,1326331564
1606,1238,1326356980
1493,1338,1326374874
1493,1517,1326374905
1493,1341,1326374953
1341,1349,1326389101
1507,1,1326396305
1,1507,1326396349
1341,498,1326411209
1341,1481,1326411238
7,1651,1326432235
1606,1338,1326435447
1338,1606,1326435695
1566,1581,1326448043
1566,1546,1326454096
1517,1660,1326466305
320,1517,1326477569
1650,1349,1326487588
1349,1661,1326516923
976,1662,1326523188
1662,976,1326523253
1527,1663,1326569924
1663,1527,1326570260
1519,1664,1326577510
46,1341,1326580497
1451,1662,1326582007
1662,1451,1326584391
1514,1580,1326587835
1580,1514,1326587972
1514,1566,1326588733
734,1417,1326649059
42,1517,1326655247
1519,1666,1326659682
1666,1519,1326659726
1517,320,1326670542
1517,42,1326670561
1519,863,1326681101
1660,1517,1326724338
27,1669,1326742933
1665,734,1326790447
1566,1514,1326792144
1417,1671,1326811918
30,376,1326812066
1671,1417,1326812467
27,1672,1326816436
1672,27,1326816531
1517,1673,1326816732
1673,1517,1326817435
1338,1674,1326825804
1674,1338,1326826028
1546,1566,1326833139
1349,1623,1326836430
1349,1649,1326836565
28,1,1326839793
1,28,1326840244
1623,1349,1326843873
1623,1290,1326844111
1514,1442,1326846521
1442,1514,1326846783
1,1675,1326863467
1675,1,1326863489
1417,734,1326873887
1491,1238,1326897324
1491,1676,1326899895
1542,1672,1326917824
734,484,1326923717
734,1238,1326924937
734,1665,1326926591
1600,1677,1326929146
1677,1600,1326929200
265,1338,1326942617
1338,265,1326942703
1273,1454,1326947754
1454,1273,1326947897
1642,1454,1326947951
1454,1642,1326947970
1454,1662,1326951742
1662,1454,1326951813
1159,1566,1326993101
1566,1159,1326993116
1517,1516,1326998480
1517,1606,1327008100
1514,1507,1327008401
1507,1514,1327008473
270,841,1327013065
270,1338,1327013163
1594,27,1327024069
1159,46,1327036490
1662,1112,1327046614
1536,1507,1327083456
1507,1535,1327083750
1535,1507,1327083908
1159,1639,1327085833
1273,1405,1327090442
552,1536,1327092488
1536,552,1327092521
27,1680,1327094894
1680,27,1327095013
1273,1642,1327095215
320,1681,1327095673
1642,1273,1327096484
1290,1623,1327099238
27,1681,1327100558
27,1682,1327100567
1676,1683,1327101392
1514,1684,1327117674
1684,1514,1327117842
7,265,1327142574
146,1681,1327149222
1618,1685,1327150456
1349,863,1327165271
1684,454,1327170225
454,1684,1327171388
1439,1642,1327188921
1341,1202,1327189156
1202,1341,1327189203
1341,1514,1327190508
1514,1341,1327190938
1684,217,1327200182
217,1684,1327200200
863,1686,1327203769
1686,863,1327204087
1451,1273,1327246375
1238,1613,1327246502
7,1613,1327248196
484,734,1327248971
1273,1451,1327259924
1613,1238,1327266208
1684,1290,1327269621
1580,1684,1327273234
1290,1684,1327273967
1519,1687,1327282483
1341,1675,1327283344
1687,1519,1327283386
1675,1341,1327283581
498,1159,1327285439
1522,1338,1327292634
1684,1679,1327295852
1679,1684,1327295862
1624,1303,1327300954
1303,1624,1327301078
27,1688,1327316833
1686,1202,1327350150
1202,1686,1327350164
1679,1533,1327350382
1514,820,1327355200
1580,1642,1327369904
1642,1580,1327369916
1349,1238,1327370811
376,30,1327407036
376,1238,1327407374
1238,376,1327409322
1238,734,1327409627
376,1369,1327416039
1668,734,1327424717
1688,27,1327427230
1369,376,1327442291
552,1307,1327445207
1307,552,1327445217
507,498,1327445239
376,69,1327445692
498,507,1327446085
376,218,1327446583
1,1307,1327446649
501,1341,1327452776
454,1689,1327462690
1321,314,1327464564
1684,866,1327501190
866,1684,1327501203
1516,1684,1327515410
1684,1516,1327515542
552,1341,1327517364
1341,552,1327530123
1675,863,1327536761
1566,1659,1327543866
1580,1341,1327544000
1659,1566,1327556455
1159,1693,1327560788
1349,1693,1327562959
1693,1349,1327563179
1642,1508,1327599249
1508,1642,1327599322
1439,1,1327603739
1,1439,1327604119
28,1694,1327609090
1694,28,1327610522
1692,1635,1327631600
1692,820,1327634510
1,90,1327641203
1,1695,1327700513
1527,1338,1327722911
1508,506,1327761600
1442,1290,1327789731
1290,1442,1327789796
1696,1290,1327789809
1321,1159,1327804479
498,1321,1327806601
1514,1639,1327811580
1606,1679,1327811747
1580,1427,1327814701
1321,1697,1327819440
1697,1321,1327820879
1697,665,1327821693
665,1697,1327821750
498,1527,1327849580
1527,1698,1327858188
1698,1527,1327858396
1697,1700,1327872725
1700,1697,1327872769
1527,498,1327878677
1697,1690,1327882530
1690,1697,1327883330
1669,1690,1327890231
1580,1690,1327890759
1690,1580,1327890879
1692,1536,1327894060
1536,1692,1327894094
1690,1669,1327898716
1673,506,1327925967
1278,1690,1327938597
498,1341,1327947547
1321,324,1327955337
1479,1698,1327964251
1698,1479,1327964281
31,265,1327977151
1702,1690,1327979347
1703,1690,1327981703
1690,1703,1327989219
1321,781,1328004038
1702,1536,1328027479
140,1704,1328030785
1704,140,1328033215
1705,1542,1328043914
31,1542,1328044624
1566,1683,1328049098
1451,1349,1328068056
1623,1662,1328078840
1634,1633,1328079600
1634,1611,1328079675
1700,1624,1328092622
1624,1700,1328092657
1542,31,1328107663
1542,184,1328107714
1542,1644,1328107723
1542,1705,1328107732
507,1690,1328112527
1542,863,1328112540
1690,507,1328112789
1566,1706,1328115405
1706,1566,1328123235
501,1542,1328127924
1542,501,1328128461
28,1691,1328129693
1691,28,1328130445
1238,1491,1328142187
265,1341,1328156807
1707,28,1328196355
28,1566,1328199957
1566,28,1328200063
1516,1534,1328218227
1534,1516,1328218375
1273,1566,1328237625
1273,1708,1328250593
1708,1273,1328250701
1273,496,1328250976
1662,496,1328250986
1708,1478,1328255452
1478,1708,1328255542
1690,1428,1328272626
1536,1606,1328275977
1690,1709,1328288521
1202,1700,1328294673
1700,1202,1328295479
1701,1690,1328297548
1711,1698,1328302915
1507,386,1328303013
386,1507,1328303026
28,1707,1328306359
1623,1712,1328321025
1712,1623,1328321156
1338,1713,1328331817
1713,1338,1328331833
1566,1714,1328352622
1714,1566,1328352643
1709,1690,1328362230
1698,1179,1328373449
1179,1698,1328374105
140,1716,1328381869
1716,140,1328381885
863,1273,1328406123
1349,1709,1328407213
1709,1349,1328407314
1638,1717,1328412529
1159,386,1328418425
386,1349,1328418688
1349,386,1328418711
1708,1717,1328422999
1536,1662,1328424829
1700,1717,1328430339
27,1701,1328441260
1566,1417,1328450695
1639,1715,1328454044
1690,1491,1328460008
1690,1508,1328460143
1508,1690,1328460410
1642,1464,1328463127
31,1514,1328469487
1662,1683,1328470695
1683,1662,1328471558
1662,1623,1328474895
1507,1527,1328475611
1527,1507,1328475732
1491,1642,1328476347
1606,1527,1328479152
1527,1606,1328479342
1341,1623,1328498398
1623,1341,1328498627
140,1718,1328516365
1717,140,1328516692
552,1514,1328560727
1514,552,1328560739
324,863,1328561336
863,324,1328561452
1514,311,1328561797
311,1514,1328561820
1514,28,1328562785
1338,1719,1328569516
1719,1338,1328569564
1719,1642,1328569608
140,1717,1328573657
1690,1721,1328583999
1721,1690,1328584372
1442,1721,1328589361
1717,19,1328605878
1417,1566,1328624638
1700,1722,1328645747
386,1321,1328647407
1321,386,1328647432
386,4,1328652566
1642,498,1328653367
1615,1723,1328655355
1563,1338,1328659544
1717,166,1328660848
1349,1718,1328665278
1662,1536,1328672819
1508,1717,1328675664
1717,1508,1328675993
1690,863,1328691002
28,1514,1328691349
1321,1464,1328721468
1464,1321,1328721655
1507,1724,1328725820
1507,1642,1328725910
1724,1507,1328728250
1639,1514,1328732379
1514,1678,1328737034
1514,1690,1328738136
1507,1690,1328739204
1690,1507,1328739256
1690,1514,1328739552
1321,1670,1328741525
1670,1321,1328741533
1690,1726,1328745938
1726,1690,1328746046
1321,919,1328746081
919,1321,1328746346
1690,1687,1328752090
1341,1273,1328753754
1670,1273,1328754025
1273,1670,1328754117
1687,1690,1328758682
1717,1703,1328765273
301,1710,1328820457
301,875,1328820582
1725,1690,1328826264
1717,1728,1328838642
552,1642,1328840008
1642,552,1328840047
4,386,1328843186
1728,1717,1328843740
1724,863,1328856804
27,1729,1328908426
76,1349,1328908770
1174,1730,1328909426
1730,1174,1328909574
27,1731,1328911252
1731,27,1328911323
1725,1732,1328916913
1732,1725,1328916944
1690,1725,1328935913
1729,691,1328954536
1729,1717,1328955154
1729,27,1328955163
265,1700,1328996060
1678,1514,1329003050
1349,506,1329009155
1638,265,1329024949
265,1638,1329024968
140,19,1329025083
1684,1508,1329027339
1723,1615,1329027357
1508,1684,1329027448
1717,1,1329027800
1717,1273,1329027889
386,1690,1329029936
1642,1734,1329030721
1734,1642,1329030739
1734,140,1329030854
140,1642,1329030880
140,1734,1329030941
1717,1700,1329041455
1717,1733,1329053093
1733,1717,1329053201
1733,27,1329055247
1700,1735,1329057837
1735,1700,1329067487
1389,1737,1329080559
1737,1389,1329081600
1724,1736,1329084646
265,1739,1329101616
1684,1733,1329104558
1733,1684,1329104789
1642,1690,1329144549
1690,1642,1329145343
691,1711,1329155373
1711,691,1329155478
1711,27,1329157331
27,1741,1329168781
1741,27,1329169265
1690,1202,1329169709
1202,1690,1329169822
1690,1278,1329171650
1,1642,1329181544
314,1321,1329191323
140,1742,1329194407
1742,140,1329194496
1273,1662,1329194523
27,1733,1329203360
1742,27,1329206101
1742,1690,1329207445
1341,1673,1329211841
1566,1743,1329220774
1743,1566,1329221646
1717,265,1329225563
265,1717,1329225679
1338,1673,1329229990
1735,1717,1329242967
1717,1735,1329243777
1733,1744,1329248248
1744,1733,1329248952
1338,324,1329258348
681,1562,1329258453
1527,1717,1329264165
1717,1527,1329266135
1651,7,1329288592
67,1690,1329295813
1690,67,1329296080
1717,1745,1329297352
1745,1717,1329297384
1439,1516,1329318289
1516,1439,1329318299
1642,1536,1329327971
1536,1642,1329328025
1737,734,1329339402
501,1744,1329345403
681,1321,1329345971
681,1341,1329345987
1690,1746,1329356487
1746,1690,1329356528
1642,1692,1329360401
1692,1642,1329360798
1662,1747,1329362918
1690,1238,1329374754
863,1748,1329378449
27,1740,1329390228
1740,27,1329403383
895,1626,1329408256
1626,895,1329408259
1642,1238,1329441859
1238,1642,1329441958
1624,1642,1329483654
1690,1624,1329483863
1143,50,1329484408
27,1742,1329485837
27,1745,1329485873
27,1341,1329488570
1341,27,1329488664
1744,1711,1329515568
1711,1744,1329515584
1626,1,1329516256
1744,501,1329518831
1711,1536,1329518905
1536,1711,1329518960
1,1202,1329521010
1202,1,1329521111
1341,1053,1329528225
1053,1341,1329528351
1692,1662,1329532675
1692,1749,1329532690
1662,1749,1329532857
1749,1692,1329532889
1662,1692,1329532893
1749,1662,1329532914
1053,1747,1329533575
1053,1629,1329536307
1290,552,1329537830
552,1290,1329537871
1717,895,1329559766
895,1717,1329559879
1717,1750,1329573938
1750,1717,1329573952
1651,27,1329579518
1722,1700,1329590409
1053,1733,1329591182
1733,1053,1329591726
1273,1722,1329600254
1722,1273,1329600280
1369,1011,1329601043
99,1290,1329606237
665,1662,1329607847
1662,665,1329607908
665,1290,1329608044
1536,1719,1329608151
1747,1536,1329614814
1745,27,1329640714
27,1751,1329641304
1751,27,1329641657
166,1690,1329650601
1690,166,1329650670
1690,1752,1329664692
1752,1690,1329664722
1626,1642,1329670382
1575,1751,1329671612
1238,1,1329682303
1,1238,1329682462
1690,1753,1329687323
1753,1690,1329687356
1626,1754,1329692397
1754,1626,1329692430
1754,19,1329698267
1754,1303,1329728745
1303,1754,1329728846
1717,1653,1329730758
1717,782,1329733659
265,1653,1329735020
27,1053,1329737805
1053,27,1329738161
1662,1748,1329758602
1748,1662,1329758788
1699,146,1329760184
1699,1756,1329760211
1756,1699,1329760750
1321,501,1329767069
501,1321,1329767080
1321,1662,1329767558
1662,1321,1329767589
1238,1744,1329767885
1744,1238,1329767973
734,1737,1329769858
734,1668,1329769975
1159,99,1329769995
1159,1439,1329770112
1439,1159,1329770141
1748,863,1329771893
146,1699,1329773931
1754,65,1329777198
356,1754,1329777864
1754,1416,1329777865
1290,1626,1329778177
1626,1290,1329778195
27,1757,1329781153
1690,1626,1329792883
1626,1690,1329792914
1754,1758,1329801511
1758,1754,1329801577
1754,736,1329812251
1717,681,1329814433
681,1717,1329814500
1536,19,1329816993
1159,140,1329852342
1321,1747,1329858454
314,1338,1329861452
1747,1321,1329866561
1566,1759,1329869248
1759,1566,1329869367
1536,136,1329869874
1717,863,1329871820
136,1536,1329871843
1290,992,1329897887
992,1290,1329897890
27,1753,1329902350
1626,1451,1329925673
1451,1624,1329933406
1624,1451,1329933474
1273,1321,1329954958
1321,1761,1329970693
1761,1321,1329970719
1536,841,1329973913
1642,1762,1330013237
1762,1642,1330013281
1757,27,1330018480
1321,1763,1330026194
1763,1321,1330026293
1507,1710,1330031172
1710,1507,1330031284
1710,301,1330042992
1519,1321,1330050464
1662,1764,1330050572
1321,1519,1330050825
1341,1679,1330052039
1679,1341,1330052052
552,1662,1330056728
1662,552,1330056753
1519,1733,1330056962
1733,1519,1330056986
1764,1662,1330063666
1290,1662,1330066500
1747,1662,1330068133
1508,28,1330092621
28,1508,1330097938
28,1766,1330113259
1321,1767,1330116427
1767,1321,1330116654
1341,1321,1330117545
1321,1341,1330117560
1341,154,1330117595
1341,1629,1330117688
1341,270,1330117715
265,324,1330121857
1711,1238,1330126519
1619,1201,1330129475
1290,1201,1330129604
1717,1679,1330131224
1159,1273,1330131719
1717,1290,1330134545
1290,1717,1330134833
1273,1748,1330138983
1748,1273,1330139351
1273,270,1330140429
1307,4,1330145267
4,1307,1330146332
1751,1717,1330179002
1717,1751,1330179132
1507,1536,1330179670
1053,1290,1330183419
1619,1290,1330185387
1278,1338,1330190829
1290,1765,1330195328
1733,1278,1330200754
1278,1733,1330200859
426,1508,1330203702
386,1,1330219290
1341,1,1330219627
1290,1506,1330222314
386,1719,1330247474
1508,1439,1330262127
28,1720,1330275724
1536,1756,1330279401
27,1768,1330287127
1768,27,1330287177
1697,1769,1330290066
1769,1697,1330290112
1635,1692,1330291853
1635,1639,1330292197
1639,1635,1330295849
231,146,1330297591
146,231,1330297673
1717,1765,1330309811
1765,1717,1330309963
1650,1662,1330312330
1439,270,1330320831
1159,270,1330320898
1690,1770,1330341241
1770,1690,1330341271
1743,1771,1330341471
1771,1743,1330341990
1771,458,1330342047
7,1635,1330364319
1635,7,1330364443
1341,1516,1330371018
484,1772,1330371757
1546,1577,1330378645
1577,1546,1330378691
863,1765,1330388677
1717,1662,1330406780
1662,1307,1330414160
1307,30,1330450839
30,1307,1330450888
681,1772,1330453455
1753,1733,1330457966
1733,1753,1330458002
1699,1765,1330458652
11,1321,1330458976
1321,11,1330459077
1563,1699,1330461378
1699,1563,1330463548
1699,1733,1330466182
1733,1699,1330466384
1765,1699,1330467785
1766,28,1330469052
1765,863,1330481483
11,1739,1330484825
1739,11,1330485356
1,265,1330495191
1143,1773,1330514784
1773,1143,1330514819
1619,1143,1330539712
1143,1619,1330539774
1507,1341,1330554715
270,1307,1330557236
1341,1290,1330566610
1639,1774,1330572044
1774,1639,1330572158
1159,1341,1330572222
1690,1775,1330573009
1775,1690,1330573249
863,1738,1330579531
863,1662,1330579789
351,28,1330600116
28,351,1330600184
1690,1738,1330604416
506,27,1330623778
27,506,1330623953
28,1776,1330631767
1776,28,1330632107
1699,1,1330633496
1307,1777,1330636929
1777,1307,1330637038
11,1778,1330643718
1778,11,1330643730
76,18,1330644668
1698,1703,1330658006
1703,1698,1330658018
1747,1,1330664240
1747,1341,1330664268
1,1747,1330664416
1341,1747,1330667589
27,1779,1330688017
28,1780,1330708035
1780,28,1330708168
1273,1703,1330721788
1703,1273,1330721869
27,1781,1330727499
1307,1507,1330727881
1507,1307,1330727960
863,1782,1330729966
1290,1783,1330731906
1783,1290,1330732115
1783,27,1330732674
1778,863,1330737632
1534,1755,1330748483
1755,1534,1330748683
1699,1451,1330748987
1143,1784,1330750073
1784,1785,1330750591
1784,1143,1330750917
863,1786,1330760025
1786,863,1330764961
1785,1784,1330781569
386,1785,1330797471
1785,386,1330797514
863,426,1330805418
1624,1662,1330805513
1662,1624,1330808475
1710,1715,1330815060
1662,1784,1330823442
1784,1662,1330829325
1765,500,1330832874
500,1765,1330832947
1787,1273,1330851450
1273,1787,1330851549
1566,1787,1330855526
1715,1710,1330856226
1355,1718,1330858409
1273,27,1330859618
1715,1517,1330860802
1787,1566,1330862077
1787,1439,1330862109
1571,1535,1330877910
1535,1571,1330877974
1439,1508,1330886663
1439,1787,1330886674
1660,1788,1330889003
1789,1788,1330890996
1788,1660,1330892295
1273,1159,1330896920
99,1790,1330912462
1536,1307,1330991029
1699,1728,1331002206
1728,1699,1331002815
1341,1756,1331009185
1717,11,1331011952
1,782,1331013156
1788,1789,1331048980
1,501,1331067539
1159,1791,1331071352
1516,76,1331075581
1439,1792,1331077446
1792,1439,1331077464
76,1516,1331080735
1667,1792,1331082491
1791,1639,1331085166
1791,22,1331085517
1639,1791,1331089196
11,454,1331101678
454,11,1331101773
1605,1143,1331135152
1143,1605,1331135948
1307,1536,1331150811
1755,1793,1331157046
1159,19,1331157102
1793,1755,1331157779
1626,84,1331160021
84,1626,1331166461
99,863,1331171240
1774,1571,1331174686
1273,1774,1331175461
1774,1273,1331175647
1778,1698,1331175988
1273,841,1331177445
1273,1794,1331177834
1273,1795,1331185041
1795,1273,1331185076
1698,1778,1331201992
1790,1715,1331236492
1790,99,1331236523
1307,200,1331237283
1439,1464,1331245212
1464,1439,1331245813
1273,1730,1331248120
1566,1730,1331249664
507,1462,1331250989
1719,484,1331263939
1717,1796,1331264930
1796,1717,1331265054
1399,1,1331273837
1642,1462,1331295532
1500,1711,1331313971
1711,1500,1331316192
1794,1273,1331340907
1717,1797,1331345998
1797,1717,1331348264
1143,1290,1331350108
1290,1143,1331350130
265,1733,1331358013
1733,265,1331358121
1798,1717,1331365200
1439,19,1331400856
283,1799,1331409208
1439,1800,1331421227
1717,1719,1331428654
1719,1717,1331428754
1747,1303,1331434500
1642,1439,1331439062
1717,1303,1331442780
1303,1717,1331442805
1717,1801,1331443316
1801,1717,1331443351
1798,1536,1331473758
863,1626,1331477102
507,1179,1331480288
1179,507,1331480521
552,1303,1331480806
1303,552,1331480869
1730,1273,1331515556
1730,1566,1331515747
270,1,1331522877
270,863,1331523056
1,1662,1331525944
1626,1802,1331540579
7,1803,1331543166
1495,1804,1331544408
1804,1495,1331544806
1650,484,1331574727
484,1650,1331574766
1626,1202,1331582471
1202,1626,1331582515
1802,27,1331588966
27,1802,1331589094
1703,1321,1331595569
1321,1703,1331596895
1626,1805,1331598607
1805,1626,1331598802
1650,1690,1331603868
1690,1650,1331603951
863,1806,1331610811
1805,484,1331614735
1806,863,1331617076
1626,1771,1331650508
1563,1717,1331650795
1717,1563,1331650959
1754,356,1331655647
1536,1464,1331659787
270,1662,1331660181
20,1807,1331660250
1341,1662,1331660399
1439,1341,1331660820
1662,270,1331661704
1312,484,1331664771
1536,1498,1331669639
1807,20,1331669702
1498,1536,1331669722
1143,1808,1331671671
1808,1143,1331671786
1690,11,1331683238
11,1690,1331683244
1717,1809,1331690053
1809,1717,1331690088
841,1273,1331690502
841,1,1331690555
484,1312,1331695512
484,1811,1331695608
484,1338,1331695973
1536,265,1331697061
1810,1717,1331697725
1717,1810,1331697779
1143,1812,1331699793
27,1783,1331708784
27,1813,1331738558
1813,27,1331738832
841,1805,1331747157
1805,841,1331747272
1635,1571,1331763845
1812,1143,1331766307
841,1814,1331774970
841,1536,1331775323
1692,1717,1331776497
1690,805,1331777183
1439,1756,1331777449
1756,1439,1331777565
805,1690,1331777746
1690,1815,1331777958
1717,1692,1331777996
1439,1338,1331778652
1273,1415,1331783651
1415,1273,1331783693
1764,1690,1331796166
1690,1764,1331796359
1717,1690,1331797954
863,1817,1331808230
1817,863,1331809037
841,863,1331822332
1717,1818,1331826391
1818,1717,1331826947
1639,1819,1331849811
507,1820,1331850025
507,1303,1331850162
1303,507,1331850212
1819,1639,1331850289
1820,507,1331854053
1816,1690,1331855092
1690,1816,1331855495
1290,1690,1331856416
1690,1290,1331856451
1663,1303,1331863594
1303,1663,1331863965
1312,507,1331866973
805,1717,1331869794
1816,1717,1331869795
1717,1816,1331869858
1717,805,1331869881
1717,1815,1331870030
1815,1717,1331870139
1303,1273,1331870501
1273,1303,1331870539
1785,1434,1331872349
1434,1785,1331872526
863,7,1331888764
7,863,1331889075
376,1444,1331893456
1444,376,1331893468
1717,1711,1331894492
1711,1717,1331894573
1605,1821,1331905679
1756,1605,1331905792
1491,1566,1331907188
1639,1822,1331920241
1822,1639,1331920264
1756,1464,1331924287
1464,1756,1331924443
27,1823,1331927407
1,1272,1331930345
1571,1635,1331930654
1571,1774,1331930660
1341,1571,1331931905
1589,498,1331931998
1817,1824,1331936996
1824,1817,1331937404
1817,1825,1331939104
1479,507,1331940083
507,1479,1331940089
1825,1817,1331940869
1661,959,1331950147
1824,1717,1331950171
1717,1826,1331951551
1826,1717,1331951715
507,1824,1331956740
1817,1805,1331968135
1805,1817,1331968167
1823,27,1331995689
1274,1821,1331996915
1823,1717,1331997468
1717,1823,1331997537
1536,1827,1332001280
1827,1536,1332001843
1808,484,1332012649
1700,1273,1332017042
1273,1700,1332017283
863,1824,1332018807
1824,863,1332018860
1273,99,1332031776
1717,1828,1332032421
1828,1717,1332032512
1065,1829,1332044008
1829,1065,1332044012
1626,1829,1332046378
500,1506,1332046869
1830,217,1332048536
1829,1831,1332049138
1508,1626,1332078783
1626,1508,1332079155
1831,1829,1332080946
1820,484,1332085662
217,484,1332096877
1273,1507,1332106579
1507,1273,1332106596
863,1832,1332108691
841,1642,1332113479
841,1832,1332114723
1829,1626,1332116778
863,1833,1332123851
1833,863,1332123869
484,1808,1332127258
42,1,1332128026
1805,1833,1332128224
1833,1805,1332128252
1833,484,1332128254
484,1805,1332128373
484,1833,1332128686
863,841,1332132342
484,1835,1332133293
1835,484,1332133417
507,1836,1332134829
1836,507,1332134838
1566,1491,1332156197
1832,841,1332165753
1805,1832,1332176371
507,484,1332176431
1805,1536,1332176497
1817,484,1332185990
1273,11,1332186883
11,1273,1332188472
27,1838,1332192131
27,1828,1332192183
1816,1817,1332193337
1817,1816,1332193409
1816,507,1332193737
507,1816,1332193771
1838,27,1332194235
1817,507,1332196084
507,1817,1332196085
1816,1785,1332197943
1785,1816,1332198070
507,1839,1332204900
1839,507,1332205010
1840,507,1332205708
507,1840,1332205776
1724,1464,1332228543
1464,1724,1332228583
1841,27,1332246302
1840,484,1332260535
1805,1724,1332269753
1417,1842,1332276076
1842,1417,1332276670
1832,863,1332289182
1517,1159,1332289656
1517,1341,1332289702
1439,1517,1332289821
1341,1439,1332289836
1273,1517,1332289885
386,1517,1332289896
1159,1517,1332289923
1642,841,1332292130
1439,863,1332301123
1580,863,1332301257
1273,1580,1332301596
1580,1273,1332301608
1701,27,1332313051
1843,1844,1332314407
1844,1843,1332314841
1844,27,1332317610
27,1844,1332317702
1690,1701,1332329115
1690,1845,1332331637
1845,1690,1332331731
11,1846,1332358960
1846,11,1332359252
1642,1321,1332360700
1321,1642,1332360717
500,1846,1332361407
1846,500,1332362033
1817,1690,1332368699
1690,1817,1332368751
1661,863,1332379019
863,1661,1332379067
1341,1715,1332384785
1464,1690,1332386591
1690,1464,1332391188
1690,484,1332391298
1720,484,1332440389
1720,28,1332442333
1635,1805,1332447001
1805,1635,1332447093
1817,1843,1332459781
1843,1817,1332460030
1,1805,1332460768
1817,1836,1332460987
1836,1817,1332461017
1690,1002,1332483586
1002,1690,1332484144
484,1624,1332496859
1624,484,1332496957
484,1847,1332497437
1847,484,1332497511
1805,1,1332508018
1711,484,1332535409
1755,1570,1332543899
1570,1755,1332544612
1717,1848,1332550695
1848,1717,1332551077
1516,1661,1332551413
1661,1516,1332551936
1840,1661,1332552250
1661,1840,1332552471
11,386,1332580507
841,140,1332612446
1789,1820,1332615575
1820,1789,1332615623
1514,1849,1332619801
1838,1844,1332672970
1844,1838,1332677820
1535,1850,1332702864
1850,1535,1332703171
863,1851,1332704524
1851,863,1332704678
1756,863,1332706479
31,498,1332706905
498,31,1332707102
1303,1747,1332708752
1850,1852,1332713060
1852,1850,1332713090
11,1853,1332713159
1853,11,1332713202
1832,1805,1332715400
99,1751,1332715964
1751,99,1332717006
11,1854,1332722473
1854,11,1332722652
1536,1855,1332724787
1349,1855,1332731260
500,1855,1332731410
1855,500,1332732386
1481,1717,1332733620
500,19,1332740247
1143,1508,1332742712
1508,1143,1332745680
1715,1857,1332764716
484,1858,1332777420
1859,1238,1332777927
1859,1860,1332777958
1238,1859,1332778217
1580,1724,1332779123
1857,1715,1332779189
484,1516,1332779374
1516,484,1332779376
863,270,1332788172
164,1571,1332789962
1571,164,1332790155
1439,84,1332791197
1860,1859,1332803772
1861,1755,1332811929
1747,1312,1332819405
1312,1747,1332819460
1851,27,1332861525
1690,1862,1332886595
1862,1690,1332886885
1843,1863,1332887081
1863,1843,1332887127
1690,1864,1332890051
1864,1690,1332890214
1341,1517,1332892740
1838,1865,1332897967
1690,1866,1332901408
1866,1690,1332901441
1238,27,1332969610
27,1238,1332969727
1866,139,1332972794
139,1866,1332972925
1717,1481,1332981720
1477,1717,1332987471
1238,1690,1333000490
11,1867,1333005795
1867,11,1333006177
1717,1865,1333029655
1805,1868,1333030351
1868,1805,1333030372
1717,1516,1333030659
1516,303,1333040611
303,1516,1333040905
1865,1838,1333041885
1805,1751,1333056361
1751,1805,1333056570
1855,1341,1333059143
1642,1866,1333062073
42,1865,1333065980
1865,42,1333066764
1536,1869,1333067831
1869,1536,1333067876
1715,1639,1333081537
27,1870,1333095115
27,1860,1333095127
27,1862,1333095146
1820,1871,1333098613
1856,1202,1333131677
27,1872,1333131820
1872,27,1333133292
1536,1836,1333133465
1836,1536,1333133516
1700,1856,1333135195
1856,1700,1333135253
1719,1865,1333135960
1865,1719,1333136189
1866,782,1333143864
782,1866,1333143997
1866,1820,1333146933
1820,1866,1333147010
1202,1856,1333148303
1762,1719,1333152409
1719,1762,1333152600
1272,42,1333157456
863,1642,1333159315
1642,1624,1333160252
1642,1491,1333160268
1642,140,1333160302
1642,1,1333160306
1642,1626,1333160311
1642,1507,1333160316
1836,1873,1333162342
1862,27,1333166300
1873,1836,1333166418
1871,1820,1333176503
42,1867,1333248564
1867,42,1333248864
414,1875,1333313197
1875,414,1333315397
1,1011,1333326244
1159,1307,1333328041
1341,1451,1333328079
1662,1341,1333328375
1307,1159,1333336661
1834,1690,1333338215
1690,1834,1333338314
1874,1755,1333338911
1755,1874,1333339156
1143,1876,1333377247
1856,1725,1333393750
1725,1856,1333393793
27,1877,1333400613
1805,782,1333400643
782,1805,1333400644
1877,27,1333400731
1626,1878,1333406005
1159,1,1333411658
688,1690,1333415093
1690,688,1333415127
1690,1879,1333419162
1879,1690,1333419221
1,1159,1333421158
1580,1880,1333427948
1880,1580,1333428022
782,1881,1333428504
1805,1341,1333430331
1563,1690,1333466818
1690,1563,1333466938
1865,1690,1333468028
1690,1865,1333468324
1690,1884,1333468415
1884,1690,1333468527
1881,782,1333470858
1805,324,1333475214
324,1805,1333475306
863,1355,1333485212
1885,1805,1333485806
1238,1711,1333488359
1517,1715,1333496836
501,1690,1333501378
1690,501,1333501386
1,1321,1333511733
1273,1886,1333512206
1886,1273,1333512251
1690,1711,1333516962
1711,1690,1333516993
1829,1690,1333540212
1690,1829,1333540230
1690,1837,1333545463
1837,1690,1333545486
1837,28,1333546345
1805,1690,1333548096
1690,1805,1333548185
1690,1887,1333548289
1238,1875,1333548656
1875,1238,1333548663
1887,1690,1333549834
28,1837,1333550184
1174,1238,1333550802
1580,1865,1333581915
1865,1580,1333582143
1840,1865,1333583212
1865,1840,1333583431
1865,1888,1333584166
1888,1865,1333584296
1888,27,1333593635
1690,1889,1333596038
1889,1690,1333596181
1,1888,1333598594
1888,1,1333598830
1888,1318,1333599000
1,1318,1333599170
1755,1756,1333603739
1756,1755,1333603771
1700,265,1333607966
1805,1890,1333618081
1890,1805,1333618213
1690,1891,1333622066
1891,1690,1333622326
1880,1690,1333643271
1690,1880,1333643275
1877,1893,1333678941
1893,1877,1333679666
863,1733,1333682962
1733,863,1333683003
1877,863,1333690021
863,1877,1333690035
31,1829,1333696793
1829,31,1333696927
1273,1143,1333723100
1888,1690,1333727306
507,1495,1333743982
863,1179,1333744438
1179,863,1333744993
1349,1755,1333751942
1755,1349,1333752000
1755,1894,1333754008
1894,1755,1333755709
863,1895,1333763061
498,863,1333764648
1715,1791,1333820092
1896,1755,1333821581
27,1895,1333826780
1661,1877,1333845374
1877,1661,1333845380
1307,1661,1333851441
1661,1307,1333851810
1843,1661,1333852073
1661,1843,1333852084
1159,1318,1333904170
1491,27,1333915764
1202,1491,1333918023
1491,1202,1333918092
265,164,1333927317
1580,1881,1334001596
1514,31,1334012608
1805,1782,1334023547
1782,1805,1334027623
1834,1897,1334030475
1897,1899,1334037727
1899,1897,1334037859
1756,1834,1334039120
1834,1756,1334039175
688,1843,1334042461
1843,688,1334042544
1900,1843,1334045665
1900,863,1334049815
863,1563,1334067568
1563,863,1334067574
1159,112,1334079915
1159,498,1334080010
1624,1843,1334081462
1843,1624,1334081539
84,1639,1334088945
84,18,1334089236
1897,1840,1334092942
1840,1897,1334096280
1840,1899,1334096688
1899,1840,1334096795
1881,1756,1334097560
1897,1889,1334098095
1805,1703,1334102501
1703,1805,1334102522
1881,11,1334105829
11,1881,1334105868
27,1901,1334132142
27,1902,1334149457
27,1903,1334149534
27,1904,1334149679
1903,734,1334151899
1903,27,1334151959
27,1888,1334160263
1856,1710,1334166584
1755,1896,1334181488
1866,1881,1334181697
270,99,1334182770
1202,1905,1334185345
1905,1202,1334185699
1866,506,1334192649
1756,1881,1334195060
1273,1464,1334199911
1464,1273,1334200342
1711,507,1334200729
507,1711,1334200821
1834,99,1334202194
1341,99,1334204189
1779,27,1334222002
1626,1517,1334240884
893,1843,1334259490
1843,893,1334259892
1791,1715,1334280154
1791,1906,1334280963
1791,235,1334281344
1755,1882,1334283606
1882,1755,1334283765
1805,1907,1334285139
1805,1885,1334293321
1840,1690,1334297419
1690,1840,1334297578
863,1690,1334298749
1908,1690,1334316018
1690,1779,1334316348
1779,1690,1334316851
863,1881,1334337752
1650,1805,1334340493
1805,1650,1334341218
1861,1536,1334346563
1805,1909,1334365343
1909,1805,1334365372
42,1273,1334374603
1273,42,1334374657
1779,1862,1334389336
27,1908,1334407675
1908,1755,1334418518
1451,1403,1334418863
1451,1341,1334418911
1747,1861,1334422976
1861,1747,1334423217
1906,18,1334423582
1906,99,1334424674
99,265,1334425765
265,99,1334425802
1908,1747,1334428888
1747,1908,1334428905
1805,1495,1334430473
1908,1910,1334439499
1910,1908,1334439628
1866,1911,1334441793
1911,1866,1334442222
688,1238,1334446747
1238,688,1334447009
99,1912,1334448523
1912,1913,1334448584
1913,1912,1334448631
1912,99,1334449460
1717,1805,1334460736
146,1805,1334462377
1805,146,1334462497
1717,1914,1334465403
1914,1717,1334466179
31,1011,1334474976
1843,1866,1334479044
1866,1843,1334479062
863,99,1334517588
1238,1349,1334534096
1755,1915,1334545503
1915,1755,1334545745
1911,1908,1334573293
1908,1911,1334575777
1916,1866,1334587769
1866,1916,1334587859
1690,1908,1334588398
27,1851,1334593877
1908,1917,1334597912
1238,1918,1334598097
1917,1908,1334598236
1918,1238,1334599205
1895,27,1334599586
28,1789,1334605546
1662,1650,1334614042
1908,1916,1334615357
1916,1908,1334616776
1805,1506,1334618965
1891,1920,1334621973
1920,1891,1334622027
99,1834,1334629998
1755,1352,1334641504
1352,1755,1334647069
863,1688,1334664670
1688,863,1334664736
1881,863,1334674788
1516,1238,1334680435
1842,27,1334681421
1843,1895,1334683074
1895,1843,1334683300
1602,27,1334684335
27,1921,1334691486
1921,27,1334691728
1921,1908,1334693546
1908,1921,1334693554
84,196,1334698787
863,1303,1334700981
1303,863,1334701338
1715,1790,1334715438
1921,1922,1334720298
1238,1836,1334721418
1836,1238,1334721594
1922,1921,1334725834
27,1856,1334734026
1843,1830,1334736369
1830,1843,1334736401
1866,1602,1334752095
1602,1866,1334752182
1602,28,1334757342
1710,1856,1334758691
1856,1923,1334761321
1904,27,1334772145
27,1914,1334772180
1923,1856,1334774931
1922,27,1334787426
1805,1895,1334791858
1843,1887,1334800965
1887,1843,1334801204
1805,1925,1334802547
1925,1805,1334802744
1703,1755,1334807038
866,647,1334807677
866,1925,1334809102
1303,1272,1334809160
1925,866,1334809255
27,1922,1334817618
1926,7,1334825611
27,1927,1334831125
27,1602,1334857102
1508,253,1334860039
1904,1238,1334860334
1238,1904,1334863512
27,1842,1334865265
1897,1928,1334871151
1928,1897,1334871200
1507,1805,1334873693
1805,1507,1334873863
1928,1683,1334873868
1675,1238,1334875460
1926,1895,1334876934
1675,1920,1334879016
1928,1273,1334880995
1928,99,1334883358
7,1162,1334885383
1162,7,1334886406
1805,1661,1334897523
84,1650,1334901283
20,1929,1334913962
1929,20,1334930916
1860,1602,1334932437
1602,1860,1334934335
1661,1805,1334935098
1661,647,1334935168
1174,1924,1334938541
1908,863,1334939797
1174,1491,1334943707
1491,1174,1334943772
1756,1747,1334945801
1759,27,1334948918
426,1805,1334953417
1805,426,1334953437
647,11,1334954830
11,1930,1334962465
1805,1755,1334982313
53,1650,1334982400
1755,1805,1334983047
1650,53,1334983515
1662,1159,1334986699
1805,1882,1334988529
1882,1805,1334989497
1805,1700,1335004094
1700,1805,1335004199
1349,1300,1335011189
1238,1931,1335023261
1931,1238,1335023273
1451,1777,1335027439
1895,1272,1335030200
507,1932,1335037719
1897,1933,1335038848
1895,863,1335040604
1930,11,1335042952
1928,1,1335049791
1536,1832,1335053651
1832,1536,1335054344
1698,1711,1335058076
1159,1832,1335060191
1832,1159,1335060782
1934,11,1335061186
270,1439,1335061602
11,1934,1335064649
1925,1717,1335064812
1717,1925,1335064877
1932,1935,1335067132
1935,1932,1335067160
1717,1932,1335070021
1932,1717,1335070154
1915,1717,1335071556
1717,1915,1335071597
1843,1936,1335077005
1936,1843,1335077027
1924,1174,1335094082
1495,1571,1335103634
27,1925,1335106644
1908,507,1335130776
507,1937,1335130807
507,1908,1335130819
1937,507,1335132229
1937,27,1335132244
1352,1785,1335132374
507,1930,1335132575
1785,1352,1335132606
1566,1851,1335134407
1785,1922,1335135335
1930,507,1335136626
1922,1938,1335138663
1922,1785,1335138757
1938,1922,1335138800
1785,1939,1335141524
1939,1785,1335144492
11,3467,1335152786
3467,11,1335152904
1605,1667,1335159663
1605,1756,1335159724
1605,1536,1335159753
1605,1274,1335160701
1605,4,1335172413
4,1605,1335173610
4,1928,1335173624
1928,4,1335173710
1785,1940,1335190244
1940,1785,1335190386
1860,1938,1335196265
1938,1860,1335196982
1843,1934,1335200306
1934,1843,1335200450
1668,1238,1335201686
1938,1941,1335210305
1941,1938,1335210321
1805,1942,1335211974
1942,1805,1335212255
1634,1784,1335212726
1785,1634,1335216851
1634,1785,1335216937
1940,1865,1335220800
1451,1626,1335223749
1634,1943,1335231012
1451,1944,1335232755
1944,1451,1335232911
1943,1634,1335236067
1867,1717,1335239318
1717,1867,1335239345
1945,1495,1335241675
1805,1921,1335242801
1921,1805,1335242868
1945,389,1335247166
1943,1717,1335248162
1717,1943,1335254422
1563,1272,1335273968
1908,1507,1335275765
1507,1908,1335275769
1238,1668,1335276855
12,1238,1335281242
1238,12,1335281322
1202,1724,1335285413
1724,1202,1335285615
1805,1202,1335286480
1202,1805,1335286500
1174,1918,1335299508
1202,11,1335305634
11,1202,1335305634
1840,1717,1335316584
1717,1840,1335316638
1430,1715,1335330977
3467,1947,1335344102
1947,3467,1335344153
27,1948,1335346769
27,1937,1335346774
1947,1945,1335347703
1805,1940,1335348187
1940,1805,1335348387
1937,1785,1335359289
1785,1937,1335359321
1619,1840,1335373947
1840,1619,1335374040
1624,1940,1335374898
1940,1624,1335375050
1895,1805,1335379627
11,1760,1335396155
1760,11,1335396286
177,1639,1335399104
1639,177,1335399131
1945,1947,1335402313
1916,1717,1335402997
1925,27,1335410566
1777,1755,1335417989
11,1949,1335420518
1949,11,1335421298
1717,1917,1335424630
1917,1717,1335424667
1949,1934,1335424858
1934,1949,1335425043
3467,1949,1335425441
1949,3467,1335425504
1917,27,1335428276
27,1917,1335428716
1566,1937,1335433270
12,28,1335434055
1866,1908,1335444728
1908,1866,1335444775
1937,1566,1335452164
1717,1916,1335460493
1908,27,1335466719
1566,1950,1335482605
1935,1881,1335486667
1717,1881,1335490097
1881,1717,1335490141
1881,1935,1335490446
1662,1290,1335495462
11,1011,1335499375
1011,11,1335499388
1950,1566,1335522890
1917,1602,1335546032
1602,1917,1335546208
1855,1805,1335569438
1940,507,1335573921
507,1940,1335573981
1777,1938,1335580174
1938,1777,1335581937
1495,1352,1335584275
1352,1495,1335584311
1866,1238,1335625174
1624,1434,1335642302
1434,1624,1335642395
1571,1341,1335643953
112,1159,1335645068
112,1341,1335645075
112,4,1335645163
112,129,1335645328
112,496,1335645965
112,6,1335645983
12,200,1335646760
1349,1434,1335651788
1434,1349,1335652064
1724,1805,1335683976
1605,1,1335688305
1238,1892,1335696133
1517,164,1335709535
164,1517,1335709635
1940,863,1335724575
863,1940,1335725136
1495,1952,1335728406
1952,1495,1335728713
1602,1953,1335732148
1953,1602,1335732188
1785,1930,1335749777
1930,1785,1335749895
1352,1954,1335755804
1954,1352,1335755883
1865,1955,1335772614
1955,1865,1335772620
11,1953,1335778835
1953,11,1335779036
863,1349,1335786105
1940,1957,1335794647
1957,1940,1335794722
1571,1495,1335794915
1940,1911,1335797176
1589,841,1335817343
1843,1834,1335820791
1834,1843,1335821704
27,1947,1335822644
1899,1717,1335840211
1717,1899,1335840275
1951,1717,1335841192
1717,1951,1335841254
1959,1911,1335844477
11,311,1335867869
311,11,1335867924
1911,1959,1335875508
1403,1934,1335882675
1934,1403,1335882980
1865,1960,1335897555
1960,1865,1335897692
1290,1962,1335901027
1865,1,1335904420
1,1865,1335904474
1238,1956,1335911771
1238,1866,1335912775
1956,1238,1335912973
270,1755,1335916967
1238,1963,1335924759
1963,1238,1335924776
1238,1862,1335929094
1862,1238,1335929593
1899,1811,1335937535
1811,1899,1335937895
1717,1964,1335953216
1964,1717,1335953404
1964,1965,1335953841
1958,1966,1335965636
1966,1958,1335965671
27,1967,1335967295
1967,27,1335967452
1566,1602,1335968423
1901,1968,1335977984
1920,1675,1335981260
1968,1901,1335981438
1566,1969,1335981641
1969,1566,1335981982
1535,863,1335987678
863,1535,1335988604
1906,1791,1335995679
1880,1755,1335996652
1755,1880,1335996863
1,1650,1336016017
1947,1717,1336016045
1717,1947,1336016100
27,1971,1336023719
1866,1002,1336033423
1002,1866,1336033458
1602,1566,1336044342
1602,734,1336044962
863,1973,1336072016
1973,863,1336072191
1777,1535,1336074750
1956,1439,1336078225
11,1972,1336081718
1972,11,1336081795
1273,1974,1336083842
1974,1273,1336083873
1460,1975,1336090814
1975,1460,1336090854
1899,1976,1336091890
1970,1934,1336100311
1934,1970,1336100491
1480,19,1336104476
1724,1977,1336105723
1977,1724,1336105773
1834,1717,1336106255
1717,1834,1336106321
1,1273,1336107393
1977,1717,1336112103
1495,1755,1336112122
1717,1977,1336112159
1717,1970,1336112580
1717,1602,1336125693
1602,1717,1336125969
1602,1174,1336131392
507,1976,1336150430
1460,164,1336150533
164,1460,1336150594
1976,507,1336163765
863,1978,1336171591
1717,1979,1336173281
1979,1717,1336173402
1650,1980,1336174467
1290,1976,1336180636
1662,1,1336188327
1980,1650,1336189641
1,1605,1336230301
1516,1662,1336233794
1956,11,1336234468
1273,1117,1336239277
1117,1273,1336239980
27,1981,1336244564
1971,27,1336246885
1639,1982,1336258499
1982,1639,1336258565
1982,1341,1336258733
1982,1791,1336259153
1982,1287,1336259245
1982,1430,1336260178
1517,1982,1336260236
1341,1982,1336260354
177,1808,1336260468
1403,1451,1336309881
1956,863,1336317335
1865,1940,1336323554
320,1982,1336331434
1982,320,1336334031
1272,31,1336334605
31,1273,1336359071
1273,31,1336359089
31,1983,1336361178
1982,1984,1336367064
893,1860,1336375585
1860,893,1336377074
1238,1675,1336383247
1566,1626,1336402643
1495,1756,1336408608
1756,1495,1336408700
1955,1174,1336414075
1639,1892,1336419939
1536,863,1336433140
1349,1860,1336440273
1860,1349,1336442014
1451,1970,1336446292
1970,1451,1336446360
1,1843,1336449239
1843,1,1336449266
7,1986,1336455431
1589,265,1336483133
1619,1987,1336490923
1987,1619,1336491026
1,1988,1336494115
1988,1,1336499071
1639,1989,1336504247
1989,1639,1336504559
11,1516,1336505841
1516,11,1336505859
76,1991,1336510292
1991,76,1336510511
76,11,1336515510
11,76,1336517158
11,551,1336522049
551,11,1336522142
265,1635,1336529250
1635,265,1336529320
265,1993,1336536186
1473,1976,1336568939
1884,1238,1336579759
1473,1865,1336580654
1865,1473,1336580718
507,1895,1336580851
1238,1884,1336581407
1956,1800,1336581534
1865,1994,1336581750
1994,1865,1336582080
42,1995,1336586111
496,146,1336586609
301,1639,1336588156
1755,1997,1336612054
1997,1755,1336612140
1451,1998,1336614680
146,496,1336616444
1933,863,1336659799
1865,1999,1336671089
1999,1865,1336671103
1865,2000,1336674232
1956,1964,1336674379
1865,2001,1336678104
270,1571,1336690336
270,1883,1336690339
1883,2002,1336691977
1883,94,1336692076
1883,99,1336692437
1883,1341,1336701775
1341,1883,1336701828
2000,1865,1336703551
1405,1755,1336705386
1755,1405,1336705451
270,112,1336705544
1755,2000,1336708453
2000,1755,1336708544
67,1451,1336713518
1536,1605,1336755245
782,1605,1336755462
1272,1516,1336755920
407,1,1336769368
1238,1915,1336779623
1915,1238,1336779846
1755,2003,1336787635
1460,42,1336791267
42,1460,1336791385
2003,1755,1336792117
1711,1460,1336792377
1460,1711,1336793009
863,1536,1336794981
1238,2004,1336835868
2004,1238,1336837117
1748,1843,1336839220
866,1892,1336841895
1865,1934,1336843810
1934,1865,1336843969
1865,2005,1336845344
2005,1865,1336845444
1755,1238,1336849604
1238,1755,1336849736
1495,2005,1336850541
1639,2006,1336851090
2005,1495,1336851928
2006,1639,1336853764
2006,1822,1336854902
1970,2007,1336861049
2007,1970,1336861123
2001,1970,1336865351
2001,1865,1336865414
1748,1238,1336869564
501,31,1336871045
31,501,1336871135
1624,1999,1336877516
1999,1624,1336877527
595,2008,1336878494
2008,595,1336878549
1970,2001,1336884722
1495,1843,1336896996
1843,1495,1336897019
1840,1495,1336910619
1495,1840,1336912441
1892,2009,1336916520
407,1619,1336920029
1619,407,1336920268
1575,1690,1336920581
1517,1996,1336921044
1996,1517,1336921875
1970,1517,1336928485
1639,1273,1336937684
1273,1639,1336937753
1439,1272,1336961969
407,1755,1336966384
863,1,1336972250
1639,2010,1337010222
2010,1639,1337011356
1976,1820,1337027126
27,2011,1337027288
1820,1976,1337027751
356,1238,1337036610
1238,356,1337042103
1238,2012,1337044384
1287,2013,1337047584
2012,1238,1337053399
1883,1755,1337097249
1755,1883,1337097493
1995,2014,1337098340
27,2015,1337103099
1755,2004,1337107400
2004,1755,1337107749
1840,1935,1337118251
1935,1840,1337118377
2014,1995,1337182110
2011,27,1337188187
1679,1650,1337190305
1650,1679,1337190456
28,1985,1337204282
782,1,1337217522
782,2018,1337217826
11,2012,1337219368
2012,11,1337219975
1717,1994,1337221860
1994,1717,1337222048
1580,2012,1337225176
1840,552,1337225299
552,1840,1337225354
1635,1801,1337225477
1717,2019,1337229429
2019,1717,1337229493
1717,1002,1337234840
1002,1717,1337234841
1878,782,1337267453
782,1878,1337267735
31,164,1337282915
164,31,1337283033
1988,154,1337283306
2017,1755,1337302377
1755,2017,1337302469
1481,1785,1337302484
1785,1481,1337302554
1481,1238,1337302780
1238,1481,1337304855
1536,1958,1337314797
1958,1536,1337314938
1925,895,1337315395
895,1925,1337315409
1639,164,1337355074
2005,1700,1337376164
1700,2005,1337376445
1566,2020,1337383477
1755,2021,1337385579
2005,1859,1337385780
2021,2005,1337385897
2021,407,1337386810
407,2021,1337387076
2020,1566,1337388570
2005,2021,1337388583
1755,1859,1337389235
164,1970,1337393146
1970,164,1337393200
1460,1970,1337393494
1970,1460,1337393862
7,1970,1337395643
1970,7,1337395980
1840,1970,1337459419
1970,1840,1337459465
2021,1755,1337460425
2020,2011,1337465522
2020,2022,1337469439
2020,19,1337469767
2022,2020,1337469951
1566,19,1337469984
1970,42,1337477777
426,2024,1337482123
2024,426,1337482210
7,14,1337482515
2009,1575,1337483517
1970,1148,1337483961
1619,1911,1337487003
1911,1619,1337487106
2009,1892,1337516503
112,407,1337526325
407,112,1337526460
1341,42,1337527934
42,1341,1337527997
386,1159,1337530076
386,270,1337530152
1995,42,1337531621
1970,1341,1337545930
4,1321,1337546128
1915,1892,1337546442
1843,1748,1337560025
1352,2025,1337565866
2025,1352,1337565891
2026,2025,1337565955
1238,2020,1337614042
2020,1238,1337614103
1589,1805,1337615933
1805,1993,1337620914
1789,506,1337625888
200,1307,1337629288
27,2027,1337632186
2027,27,1337632352
311,200,1337635470
2025,2028,1337654229
2028,2025,1337654319
164,1639,1337660063
1755,1864,1337667813
1864,1755,1337667848
1911,2030,1337669192
2030,1911,1337669710
164,2031,1337673657
2031,164,1337673738
164,1258,1337674933
1638,2029,1337675941
2029,1638,1337675963
2029,27,1337676121
1690,1575,1337677586
1624,1690,1337694824
1566,1517,1337702746
1566,1273,1337704185
1566,1321,1337704254
1566,1272,1337704291
1566,7,1337704337
1566,154,1337704381
1566,4,1337704462
1566,1349,1337704469
498,1566,1337704557
1566,498,1337704723
1566,1439,1337704820
1566,386,1337704858
1566,270,1337704915
386,1566,1337704959
386,498,1337705031
1662,324,1337712893
324,1662,1337712936
498,270,1337724098
2011,2020,1337725756
1934,2008,1337726130
2008,1934,1337726213
1933,1897,1337728138
164,2032,1337729076
2032,164,1337729170
270,1023,1337730861
1663,2033,1337735616
1536,2033,1337737533
2033,2028,1337738534
2028,2033,1337738553
265,2025,1337739619
2025,265,1337739643
265,426,1337739645
2025,2033,1337741590
2033,2025,1337741620
1179,2033,1337743830
1179,1321,1337743868
2033,1179,1337743924
1238,2034,1337789173
2034,1238,1337789352
1536,2035,1337797825
2027,2036,1337802623
2036,2027,1337802650
1273,2037,1337803942
1679,1538,1337814434
507,2039,1337825969
2039,507,1337826010
1970,2040,1337827037
2040,1970,1337827476
2030,2020,1337855090
1338,386,1337872386
1338,1159,1337872404
1338,1341,1337872430
1338,1,1337872448
1338,1272,1337872521
1338,7,1337872542
1338,1273,1337873136
1338,1174,1337873160
1338,1791,1337873203
1338,1639,1337873236
1338,1536,1337873368
1338,1349,1337874079
1338,270,1337874091
1338,1516,1337874112
1338,1290,1337874599
1338,1437,1337874606
1338,484,1337874616
1338,1308,1337874683
1338,841,1337874696
1338,314,1337874705
1338,739,1337874715
1338,863,1337874755
11,863,1337879459
1535,506,1337884087
1238,2041,1337884862
1430,1341,1337886534
1430,1791,1337886608
1430,1982,1337886655
1679,2042,1337886695
1430,1159,1337886698
1430,1517,1337886766
2042,1679,1337886775
2041,1238,1337889890
200,311,1337890831
1805,2043,1337893923
1840,2043,1337896615
2043,1840,1337896757
1840,1949,1337897027
1949,1840,1337897414
1662,1843,1337898034
1843,1662,1337898319
1679,2044,1337899756
2044,1679,1337899857
2039,1536,1337907365
2025,2044,1337913250
2033,1970,1337916910
1970,2033,1337916942
1970,2045,1337918016
2044,2025,1337923911
1202,2046,1337945139
2046,1202,1337945222
1202,2047,1337946670
2047,1202,1337947153
1536,1986,1337962047
1843,1425,1337968562
1425,1843,1337970032
1805,1425,1337970162
1425,1805,1337970174
1760,1662,1337973103
1662,1760,1337975312
1273,1791,1337983661
501,2048,1338001947
2048,501,1338002322
2029,1972,1338006973
1755,1972,1338008713
1972,1755,1338008746
2036,2035,1338046160
11,2048,1338047646
2030,2016,1338047799
2048,11,1338047873
1964,1800,1338049581
1964,2035,1338049636
27,2049,1338059758
498,1755,1338064652
1755,854,1338067569
2042,2051,1338070086
2051,2042,1338070146
1349,1662,1338071566
1970,2052,1338073226
2052,1970,1338073245
270,1970,1338073952
2043,1970,1338077511
1970,2043,1338077550
1352,2043,1338082402
2042,1972,1338083733
1972,2042,1338083807
1662,2030,1338098716
1662,1954,1338098736
2030,1662,1338099173
324,2030,1338100522
2030,324,1338100680
2043,1352,1338115506
1996,291,1338116739
2008,2043,1338124451
2043,2008,1338124581
2035,1970,1338130537
1970,1425,1338142639
1425,1970,1338142790
1273,1425,1338144302
1425,1273,1338144318
1425,1996,1338145069
1996,1425,1338145205
2053,2006,1338150938
1972,2008,1338153644
782,863,1338154295
2008,1972,1338160344
1972,1662,1338163569
1662,1972,1338163619
1970,1356,1338165453
1356,1970,1338165749
1662,2054,1338167299
1662,2055,1338167304
2055,2054,1338167330
2054,1662,1338167347
1662,1642,1338168861
1865,2040,1338188098
2040,1865,1338188555
1820,1865,1338189115
1865,1820,1338189299
1430,1535,1338220867
2006,2053,1338232058
2006,1808,1338232318
2008,2056,1338236143
2056,2008,1338237316
27,1994,1338237581
2053,1535,1338240569
2025,2026,1338244837
1972,42,1338265948
1159,1321,1338267035
1535,1430,1338273072
1535,2053,1338273215
863,2057,1338273736
2057,863,1338273967
2043,1805,1338285225
2031,2043,1338286980
2043,2031,1338287002
2049,27,1338295466
1662,1897,1338305175
1897,1662,1338305218
1755,1606,1338310864
1941,1865,1338311364
1865,1941,1338311464
1837,2058,1338318149
2058,1837,1338318285
1011,1865,1338324768
1865,1011,1338324979
1679,2055,1338329303
2055,1679,1338329391
2029,2059,1338336916
2059,2029,1338337489
2050,1970,1338345850
1996,2060,1338355347
2060,1996,1338355364
1972,2029,1338357612
863,2060,1338365762
2060,863,1338365845
1002,2008,1338366262
1425,1726,1338397945
1726,1425,1338398018
1425,2005,1338400852
2005,1425,1338401849
2060,2005,1338409354
2005,2060,1338409552
1911,1760,1338414727
1760,1911,1338414854
1011,2043,1338439387
1865,1002,1338446098
1002,1865,1338448896
1986,1865,1338449128
1865,1986,1338449217
2025,2008,1338471680
1679,2037,1338495270
2037,1679,1338495462
51,1566,1338499138
576,2061,1338505571
2061,576,1338506048
576,11,1338506605
11,576,1338506639
1566,2062,1338511617
2062,1566,1338511775
11,1364,1338517021
1364,11,1338517262
2008,2025,1338518436
11,2063,1338518652
1352,2064,1338518816
2064,1352,1338518971
2063,11,1338521353
11,1347,1338521769
1352,1341,1338522006
1341,1352,1338522094
1341,1011,1338522121
1011,1341,1338522207
1273,2064,1338523224
1347,624,1338526673
1347,1341,1338526700
1347,1451,1338526710
1347,1517,1338526721
1347,11,1338526729
1143,2066,1338530304
1143,2067,1338531165
2067,1143,1338534035
11,1544,1338538536
1544,11,1338538772
2058,2062,1338561954
1840,2027,1338579470
2027,1840,1338579664
1949,1507,1338586528
27,2069,1338586711
2069,27,1338587016
1679,1642,1338588565
1642,1679,1338588631
2065,1619,1338595261
1507,1949,1338601234
552,2065,1338603911
2065,552,1338605362
2029,2025,1338607464
1011,1347,1338619306
1788,1622,1338640233
1622,1788,1338641275
20,2070,1338659569
1662,863,1338668723
2070,20,1338672927
2029,1273,1338694873
1959,2072,1338705354
2072,1959,1338706241
1972,1958,1338738295
1878,1626,1338738999
1,2063,1338748836
2063,1,1338749679
1273,7,1338754705
1936,2073,1338761335
2073,1936,1338761397
2074,506,1338763784
863,2075,1338763927
2075,863,1338764130
2074,2058,1338764277
2058,2074,1338764283
1,2064,1338778776
1273,1162,1338782173
1162,1273,1338782306
1202,2076,1338786376
2076,1202,1338786408
454,2075,1338793393
7,1273,1338794508
2030,2077,1338795542
2077,2030,1338795598
1202,2078,1338799644
2078,1202,1338799801
1202,2079,1338803221
2079,1202,1338803449
895,1202,1338805829
1202,895,1338805961
1788,2062,1338806001
1788,1238,1338806292
2020,1683,1338815086
2078,84,1338821425
1917,1238,1338823511
1856,1544,1338833566
1970,177,1338833660
1544,1856,1338833710
1349,1710,1338838655
27,2057,1338841566
863,2080,1338848610
2080,863,1338849369
1238,2064,1338851724
2029,31,1338851779
31,2029,1338851928
1349,2082,1338854645
1911,2082,1338854732
1755,1464,1338857241
231,2083,1338858071
2083,231,1338858104
2008,1996,1338860409
1996,2008,1338860468
1143,2084,1338863791
2025,1679,1338867390
1679,2025,1338867482
2025,1970,1338868976
1970,2025,1338869014
1162,2025,1338870975
2025,1162,1338871648
2084,1143,1338873155
1162,1679,1338876226
1679,1162,1338876418
20,2068,1338879314
2081,1238,1338887697
1238,1788,1338896140
1238,2081,1338896378
1856,2068,1338909509
1495,1805,1338918752
1679,691,1338918772
691,1679,1338918803
2068,20,1338920422
2068,1856,1338920501
2008,1941,1338920575
1941,2008,1338920598
1464,1749,1338920792
1749,1464,1338920902
1495,1290,1338926242
2085,2086,1338928494
2085,4,1338928588
4,2085,1338928608
164,1162,1338928682
1162,164,1338928706
1970,1748,1338931491
1748,1970,1338933067
863,2087,1338940006
2087,863,1338940162
2060,2088,1338941798
2088,2060,1338941814
595,782,1338941942
782,595,1338942105
1162,2071,1338948687
1970,2089,1338950314
2089,1970,1338950406
1143,2090,1338961608
164,1128,1338972998
164,2091,1338973034
2091,164,1338973098
1972,1748,1338989059
2090,1143,1338992231
1566,2092,1338994803
2092,1566,1338994862
2092,1592,1338994869
1495,2080,1338997125
2080,1495,1338997650
1777,27,1338998866
27,1777,1338998922
1748,1972,1339005674
1843,2027,1339009734
2027,1843,1339009878
1976,227,1339015673
227,1976,1339015903
2064,42,1339018198
2089,2093,1339020630
14,4,1339024627
4,14,1339024627
2050,1349,1339025493
4,1936,1339033102
1936,4,1339033404
2083,2095,1339034201
2095,2083,1339034361
2088,2096,1339040728
2088,2097,1339041685
2094,1698,1339047331
1698,2094,1339062835
1710,1834,1339084475
1642,265,1339093838
265,1642,1339093925
2086,2085,1339098043
1710,1777,1339099070
1777,1710,1339099127
2082,2086,1339102282
1290,2098,1339111825
2098,1290,1339111914
11,2098,1339112143
1843,2095,1339114975
507,11,1339115526
11,507,1339115964
2075,1806,1339120011
2099,2075,1339120443
2064,1273,1339121743
2099,863,1339126755
863,782,1339126861
1143,2100,1339152651
1865,2101,1339160447
2101,1865,1339160746
2095,1843,1339176893
1464,1536,1339182778
2008,2102,1339182919
1162,1970,1339183681
1663,1976,1339183966
1536,11,1339184765
2065,1425,1339188028
2095,1290,1339188158
1425,2065,1339191416
1650,235,1339192504
235,1650,1339192575
235,1791,1339192758
235,1982,1339192822
133,2082,1339197723
2082,133,1339197830
133,2098,1339199089
2098,133,1339199155
1711,1755,1339199935
177,235,1339202960
235,177,1339203631
177,1996,1339208062
1996,177,1339208085
1996,164,1339213439
164,1996,1339213536
2102,2008,1339218677
2055,1755,1339221056
322,1273,1339223172
1202,2103,1339250640
2103,1202,1339250814
1451,67,1339253007
1710,2065,1339259503
2064,1321,1339261923
1755,1498,1339263338
1498,1755,1339263342
1143,2104,1339273809
11,1536,1339274301
507,212,1339281673
2008,212,1339283126
1663,2106,1339283953
212,2008,1339284185
2008,2106,1339285320
2106,2008,1339285405
1159,2107,1339287561
1843,1639,1339313787
1789,2074,1339320690
1495,2095,1339321880
2008,2108,1339323958
1349,1892,1339327650
2108,2008,1339344543
1788,2109,1339345126
2109,1788,1339345790
1202,1962,1339346384
1962,1202,1339346523
1892,2053,1339349196
1536,1892,1339349382
1892,1536,1339349774
1202,1938,1339350172
1202,1893,1339352921
1893,1202,1339352955
1938,1202,1339354587
212,507,1339356632
2095,1495,1339359064
200,2037,1339361332
27,2110,1339364719
454,1843,1339398170
1843,454,1339398188
454,863,1339398338
1865,2081,1339407687
2081,1865,1339407922
1002,863,1339409519
863,1002,1339409539
1995,1892,1339423720
1892,1995,1339423801
27,2061,1339426608
1878,715,1339430376
76,875,1339430774
2097,2088,1339437876
1788,1837,1339439974
1837,1788,1339439993
112,1318,1339442969
863,1318,1339444348
1341,1642,1339444484
1642,1341,1339444500
1642,1662,1339444527
27,1002,1339452517
1002,27,1339454828
1290,1439,1339460614
2088,2106,1339461445
2035,1536,1339465567
1755,1760,1339479443
1958,1972,1339482525
11,1958,1339483007
1958,11,1339483164
2075,2081,1339483845
2075,1970,1339484335
1970,2075,1339484440
1507,2081,1339491367
2081,1507,1339494237
2020,2081,1339502894
2081,2020,1339504331
2081,1566,1339505494
2088,2111,1339506751
2111,2097,1339506779
2037,200,1339510112
2061,303,1339510585
303,2061,1339510720
2065,303,1339511668
303,2065,1339514369
2074,1789,1339517465
2081,506,1339521638
27,2112,1339523507
1673,2113,1339524549
2113,1673,1339524636
2065,2008,1339531204
1290,324,1339531551
324,1290,1339531562
2105,2065,1339538370
2065,2105,1339538374
1970,2114,1339541616
2114,1970,1339543922
2113,2035,1339554078
2035,2113,1339554142
1911,1143,1339560065
2058,2079,1339578380
1865,2079,1339586253
2079,1865,1339586471
2081,27,1339587996
1174,1955,1339591477
12,2081,1339602312
2081,12,1339602393
863,2115,1339605060
2115,863,1339605069
863,2065,1339605267
1843,2031,1339605546
27,2117,1339615182
1911,19,1339615758
2115,2118,1339619120
2118,2115,1339619385
2031,1843,1339622276
1566,2119,1339626464
1159,2120,1339634991
2043,1011,1339636750
1762,1755,1339637929
1321,1290,1339640158
1290,1321,1339640178
1755,1762,1339646086
2086,2082,1339690615
2081,863,1339692240
863,2081,1339692489
1987,2121,1339705572
2120,1159,1339709752
2025,2122,1339729551
2122,2025,1339729675
2025,1849,1339730517
1849,2025,1339730713
2064,2116,1339733192
2116,2064,1339733322
1970,1976,1339736168
2081,1495,1339778934
2065,1290,1339783612
164,2124,1339786099
2124,164,1339786510
133,1987,1339789647
1987,133,1339789649
2114,1290,1339789718
2098,2125,1339791429
2125,2098,1339791492
1987,2126,1339792460
2126,1987,1339792570
2082,1,1339798147
1566,2081,1339799822
2082,551,1339800163
551,2082,1339800232
322,1783,1339806423
1783,322,1339806469
133,2113,1339806837
2113,133,1339806987
2065,177,1339809470
177,2065,1339809576
7,1926,1339811634
2082,2008,1339813137
2008,2082,1339813911
1536,2065,1339819733
1820,2098,1339837651
1975,1970,1339854777
1982,235,1339856112
2107,863,1339856151
2107,1159,1339856561
863,2107,1339856922
1238,1917,1339862645
1272,1303,1339871439
1272,1895,1339871471
1272,1563,1339871480
1272,1566,1339871550
1272,1290,1339871624
1272,270,1339871765
235,2127,1339873291
235,96,1339873314
2127,235,1339873581
216,2008,1339874886
1439,1290,1339895419
1011,1970,1339901190
1970,1011,1339901336
1791,2128,1339906751
1791,2120,1339906850
1791,2084,1339907009
1791,1857,1339907116
1791,1790,1339907401
1791,1341,1339907523
1791,1517,1339907558
1791,1892,1339907728
1791,1982,1339907882
1791,177,1339907925
1791,1159,1339908049
1624,2129,1339911104
2129,1624,1339911402
11,1162,1339913503
1162,11,1339913616
1341,1791,1339916635
2084,1791,1339917003
688,1481,1339919170
1481,688,1339919243
27,2130,1339922362
27,2131,1339922385
2098,1987,1339925099
1987,2098,1339925100
11,1700,1339927293
1700,11,1339929304
164,1974,1339944852
1974,164,1339944891
1566,51,1339951964
1995,1307,1339964698
1976,1290,1339977792
2128,1791,1339982423
1995,506,1339982910
1011,1272,1339985613
1272,1011,1339985671
7,1733,1339995454
1733,7,1339995646
2030,2114,1339999633
2114,2030,1339999716
1901,2132,1340006412
2132,1901,1340006458
2081,1300,1340023253
2067,506,1340025575
2061,27,1340028698
1892,2134,1340037235
2134,2127,1340038708
2127,2134,1340039100
1290,1883,1340046544
1883,1290,1340046587
1747,2135,1340046884
2135,1747,1340046998
2058,2068,1340048582
2132,27,1340049874
27,2132,1340050030
2105,688,1340051067
688,2105,1340051317
1710,1202,1340060165
1911,2127,1340061716
2127,1911,1340062441
1843,2127,1340063112
2127,1843,1340063420
507,2095,1340064686
2095,507,1340064861
2114,1273,1340068183
1273,2114,1340068231
1273,2136,1340068306
1747,1891,1340069051
1891,1747,1340069134
2065,265,1340069412
265,2065,1340069500
1273,1331,1340070048
1713,2065,1340070557
2065,1713,1340070622
99,688,1340073934
1536,2116,1340074583
2116,1536,1340074667
1331,1273,1340081005
164,2137,1340085367
2116,1162,1340085441
1162,2116,1340085555
2137,164,1340085972
1901,2081,1340096959
2081,1901,1340097233
2081,2139,1340104551
2139,2081,1340104627
895,2140,1340108039
2140,895,1340108086
1266,496,1340122751
1495,2065,1340129059
688,2082,1340141442
2082,688,1340141537
482,2082,1340142805
2082,482,1340142883
1619,2141,1340143733
2141,1619,1340143760
1696,2141,1340144082
2082,2075,1340146330
2075,2082,1340146392
1747,2142,1340146950
2142,1747,1340147025
1481,185,1340148216
2065,2143,1340154307
2143,2065,1340154368
2144,1970,1340159993
1911,1843,1340165539
265,2118,1340168140
507,2145,1340171557
2145,507,1340171670
2114,2146,1340172555
2146,2114,1340172624
11,2147,1340188808
2147,11,1340188912
11,1002,1340190120
1002,11,1340190437
1849,1514,1340193818
2116,2148,1340199637
2148,2116,1340200763
1202,1710,1340216431
2064,2008,1340222097
2113,863,1340227676
863,2113,1340227680
1330,2065,1340231792
2065,1330,1340232189
1747,2084,1340253320
1174,2149,1340263719
2148,2150,1340267646
2150,2148,1340267687
1918,1174,1340304704
1897,1843,1340307248
1843,1897,1340307296
1349,1290,1340313455
863,2151,1340313938
2151,863,1340314062
1516,2114,1340317802
2114,1516,1340326255
1690,2152,1340326356
1290,1566,1340326611
1566,1290,1340326619
2152,1690,1340330826
265,1349,1340334279
1970,2153,1340334465
11,1865,1340360032
1865,11,1340360068
2149,1174,1340362172
27,2154,1340363869
2154,27,1340364632
1865,2155,1340368743
1290,1911,1340369812
1202,2069,1340372312
2069,1202,1340372490
1865,2156,1340373219
2156,1865,1340373551
1865,2012,1340374792
2012,1865,1340382158
2058,1566,1340385696
1911,863,1340394059
863,1911,1340394150
1998,1451,1340395143
1566,2058,1340395877
2151,1516,1340396441
1834,1272,1340408247
1986,164,1340410516
164,1986,1340410656
2157,1970,1340421739
2145,2158,1340429403
2158,2145,1340429434
1970,2159,1340430649
2159,1970,1340431510
1970,2160,1340433834
2160,1970,1340434038
1751,1575,1340435851
2133,1349,1340450074
1273,2121,1340459205
1272,1834,1340459363
2046,2071,1340462123
2071,2046,1340462229
2161,1788,1340464480
1788,2161,1340464504
1789,2058,1340466018
2058,1789,1340466093
11,1507,1340469153
1507,2163,1340469700
1970,2156,1340481938
2156,1970,1340482128
1415,1755,1340484820
1755,1415,1340484866
2164,863,1340493336
1970,1881,1340508445
1881,1970,1340508494
895,2158,1340525835
2158,895,1340525918
57,1639,1340543400
1991,2156,1340552888
2156,1991,1340554144
11,595,1340554322
1987,2065,1340555050
2065,1987,1340555083
1507,199,1340555138
595,42,1340555159
199,1507,1340555167
1626,11,1340555353
11,1626,1340555368
595,1507,1340555502
1507,595,1340555547
2025,2165,1340557293
2165,2025,1340557508
2162,2025,1340558186
2086,782,1340565141
2113,595,1340566222
2113,1290,1340566230
2031,1762,1340571847
1762,2031,1340571878
2113,2135,1340572941
2135,2113,1340573004
2113,1987,1340573764
2113,1273,1340577256
1273,2113,1340577296
1747,2166,1340580391
2166,1747,1340580450
1747,2167,1340583333
2167,1747,1340583424
177,2127,1340592640
177,1791,1340592734
2127,177,1340593271
133,2081,1340641238
2081,133,1340641240
90,11,1340645318
11,90,1340645348
2081,675,1340648761
1290,270,1340648783
675,2081,1340648902
2114,1507,1340649956
1507,2114,1340649980
1507,2158,1340650009
2158,1507,1340650161
90,675,1340650922
2168,1987,1340658075
1805,1290,1340658826
1987,2113,1340659474
2168,1238,1340664114
2168,1605,1340664142
2113,1,1340664290
2113,11,1340664311
2113,270,1340664334
11,2113,1340664340
11,231,1340664404
231,11,1340664448
2168,2169,1340665286
1349,265,1340665773
177,1517,1340670991
1970,1162,1340673975
1805,1860,1340679696
99,2170,1340680083
7,177,1340680246
507,1002,1340683483
1002,507,1340685078
2170,1159,1340685147
1970,1002,1340687916
2113,1112,1340689088
1002,1970,1340692199
2081,1456,1340701409
2160,1755,1340703854
1755,2160,1340703927
2172,2081,1340709845
2081,2171,1340710047
2081,2172,1340710066
2168,1349,1340713081
2168,2173,1340714356
2173,2168,1340714545
2082,2081,1340715859
2081,2082,1340715883
1460,1430,1340728454
1460,1290,1340729546
1290,1460,1340729549
265,19,1340730999
2168,2174,1340731139
1349,2133,1340731637
1930,1271,1340732657
1271,1930,1340732699
177,1273,1340738910
177,7,1340738987
1273,177,1340739429
1911,1,1340743926
1911,1318,1340744023
1911,1982,1340744336
1911,1430,1340744664
2013,1849,1340751615
2013,1287,1340751821
2013,1056,1340751881
2013,1517,1340751997
2013,2127,1340752187
1056,2013,1340752544
1755,2175,1340764419
2175,1755,1340765402
1935,2081,1340767444
2081,1935,1340767490
1834,507,1340769776
507,1834,1340769809
2127,2013,1340770343
1805,1747,1340771096
1747,1805,1340771157
1159,2170,1340771541
1970,2158,1340772101
2168,1747,1340783181
895,2081,1340784097
2081,895,1340784117
2168,2098,1340784846
1430,1460,1340800263
863,1891,1340810463
2158,1290,1340818082
1271,1575,1340819868
1174,2176,1340821861
2176,1174,1340821973
177,2118,1340822502
1911,1290,1340824143
2118,177,1340824340
1202,1755,1340826571
1755,1202,1340826647
1891,863,1340829248
2082,1805,1340832210
2098,2168,1340833550
1987,2168,1340834481
1911,1897,1340836181
800,265,1340844769
2113,1143,1340856950
1143,2113,1340857285
1747,2168,1340872130
2020,2178,1340872418
1480,2168,1340872688
2168,1480,1340875041
2168,2179,1340877842
2179,2168,1340877968
2171,2081,1340879958
27,1668,1340887182
1668,27,1340887343
2058,459,1340894493
459,2058,1340894571
1,2082,1340901838
2178,2020,1340903814
2113,2158,1340906614
1290,507,1340909425
1516,90,1340914855
90,1516,1340914943
1970,2177,1340925117
2177,1970,1340927370
2181,2182,1340953678
11,2005,1340984378
2005,11,1340984807
2064,1805,1341006266
1805,2064,1341006343
1987,501,1341007265
501,1987,1341007359
2182,2181,1341024575
1162,2065,1341025207
164,2102,1341030948
2081,2183,1341036400
2081,2184,1341036811
27,2081,1341043672
1642,1911,1341080343
27,2185,1341088127
27,2186,1341088133
1290,1805,1341090132
1571,681,1341094280
1571,1987,1341097763
1987,1571,1341097875
1970,1987,1341098293
1970,2188,1341103722
2188,1970,1341103858
2098,11,1341112823
2102,164,1341154700
1837,506,1341155088
2189,2065,1341159695
1507,1987,1341160537
1987,1507,1341160602
1987,2030,1341162162
2184,2081,1341164518
1970,1708,1341172994
2113,1619,1341181289
1619,2113,1341181458
1897,552,1341194587
552,1897,1341194656
552,2114,1341194882
2114,552,1341194912
1542,2181,1341197038
1159,1805,1341199281
1805,1159,1341199409
1795,2144,1341207794
2084,1747,1341217003
1834,1805,1341218113
1805,1834,1341218168
1834,2168,1341218859
1865,895,1341219030
895,1865,1341219048
1479,895,1341219986
895,1479,1341220002
2081,1892,1341224741
1892,2081,1341226750
1970,2191,1341240983
2191,1970,1341241004
2134,1987,1341242711
139,1892,1341248573
2065,2135,1341253035
2135,2065,1341253116
2082,2192,1341255698
2192,2082,1341255739
2082,2193,1341255920
2193,2082,1341255950
1892,1639,1341259015
1571,2194,1341261255
1571,1536,1341261448
1536,1571,1341261455
2064,2114,1341262023
2114,2064,1341262184
2144,1795,1341266302
2156,1338,1341270929
1805,2065,1341272422
1805,2195,1341272786
11,1941,1341272933
1941,11,1341272946
665,2065,1341273770
1338,2196,1341274121
2113,2075,1341278108
2182,2197,1341278282
1481,2198,1341282531
2198,1481,1341282576
1481,863,1341283800
1430,1673,1341286055
2194,1571,1341287633
322,2168,1341295480
2198,1987,1341314901
1987,2198,1341314934
1987,2134,1341315925
1976,1663,1341316714
1976,1473,1341316729
1976,1662,1341316737
1733,19,1341317956
1897,19,1341322470
1987,2027,1341323581
1349,2190,1341323733
2027,1987,1341323743
1290,2027,1341324322
2027,1290,1341324422
2027,2035,1341325042
2035,2027,1341325052
895,2139,1341330179
2139,895,1341330273
2181,1542,1341331863
2140,1571,1341333496
1571,2140,1341333789
552,11,1341337692
11,552,1341337705
2198,1349,1341338387
27,20,1341338689
231,1349,1341338787
1715,1681,1341339139
2023,1755,1341339928
2168,2201,1341344404
1755,1272,1341347696
1272,1755,1341347762
1624,2156,1341349361
2156,1624,1341349442
551,2158,1341350652
2158,551,1341350703
2199,1897,1341352209
1897,2153,1341352451
1976,896,1341352775
1970,324,1341359686
1349,1733,1341365251
1733,1349,1341365334
2065,2195,1341376295
2195,2065,1341376542
863,1341,1341381950
2134,320,1341385133
27,2202,1341392686
2202,27,1341397024
1834,895,1341402557
895,1834,1341402562
2113,2182,1341415816
2182,2113,1341415816
2182,1791,1341416280
1990,11,1341419341
11,1990,1341420055
1349,2203,1341421642
2037,2065,1341422930
1451,2168,1341424298
386,1341,1341431942
1451,2203,1341434028
2113,1733,1341436099
2113,1451,1341440301
1451,2113,1341440429
2203,1349,1341446164
2113,1747,1341448247
1747,2113,1341448289
1272,1,1341455871
1272,1341,1341456118
1430,1996,1341468319
2194,2067,1341475705
1747,863,1341476689
1430,863,1341477184
863,1430,1341477216
2067,2194,1341477336
314,1747,1341477522
1747,314,1341477530
1892,1989,1341479443
1985,506,1341496098
1883,1571,1341507783
1571,1883,1341507823
1341,320,1341517825
2144,2065,1341527387
2065,2144,1341527406
2118,2204,1341530690
1733,11,1341533208
11,1733,1341533214
1733,2113,1341533287
2038,265,1341533675
265,2038,1341533889
1639,506,1341535079
2204,2118,1341535114
1970,2205,1341543624
2182,2206,1341543945
2206,2182,1341544078
863,2207,1341564344
895,1884,1341565594
1884,895,1341565641
2113,2208,1341566117
2208,2113,1341566346
2194,2113,1341579394
2113,2194,1341579436
459,506,1341593874
1517,177,1341602159
1970,2113,1341610558
1290,407,1341612272
2075,2113,1341615218
1747,2209,1341615243
2209,1747,1341615342
1911,11,1341621055
11,1911,1341621413
1349,231,1341623216
386,1273,1341626943
1341,386,1341627072
1822,1791,1341632007
1822,19,1341632490
1273,386,1341643033
1976,2127,1341645017
2127,1976,1341645263
467,1143,1341653000
1143,467,1341653006
467,1290,1341653319
2113,1849,1341672570
1849,2113,1341672625
1970,2210,1341681702
501,42,1341681734
2210,1970,1341681985
2113,2168,1341688691
2209,2065,1341691256
2065,2209,1341691488
1626,1958,1341696066
1958,1626,1341703483
1970,2121,1341703791
2153,2121,1341704526
2065,2212,1341724510
2212,2065,1341724602
2189,1970,1341726863
2134,1430,1341727418
1349,2113,1341749083
1988,7,1341752050
1822,1626,1341754810
1626,1822,1341754931
863,895,1341756056
2210,2215,1341760701
2215,2210,1341760808
2170,99,1341772432
1290,99,1341772460
1290,2113,1341772681
2216,1970,1341781424
2170,1273,1341781597
2113,2030,1341782716
2182,507,1341789197
7,1988,1341790707
1273,2170,1341801696
1891,2118,1341813629
2118,1891,1341813718
2113,2217,1341817097
2217,2113,1341817187
1747,2218,1341819737
2218,1747,1341819799
736,1892,1341829756
1892,736,1341829941
2113,2084,1341840551
2084,2113,1341840715
507,2182,1341840748
1679,1805,1341849024
1805,1679,1341849108
1795,1755,1341851322
1755,1795,1341851387
2219,506,1341853199
2219,1535,1341853322
2081,1002,1341858157
1002,2081,1341860134
688,2008,1341869207
11,1805,1341871316
1679,303,1341872656
303,1679,1341872658
2127,2220,1341874725
2145,2204,1341876117
265,2075,1341881239
2008,1585,1341883953
1585,2008,1341883988
2082,2064,1341885534
2064,2082,1341886932
314,2181,1341906578
863,2134,1341908833
863,2221,1341918060
863,2222,1341934174
2222,863,1341934285
1805,11,1341939890
1911,1996,1341942495
1996,1911,1341942610
2220,2127,1341943502
1877,2224,1341952232
1692,1679,1341952817
1679,1692,1341952823
2113,4,1341953565
4,2113,1341953593
2065,2037,1341957985
467,2225,1341958465
1747,1755,1341963789
1755,1747,1341963855
2065,2127,1341965532
2127,2065,1341965549
2181,2138,1341975084
2023,2226,1341979306
265,2023,1341982692
1056,1639,1341985036
1056,1791,1341985773
2189,2227,1342015490
2227,2189,1342015499
1338,177,1342016896
2226,2023,1342017477
1710,959,1342018105
1795,2228,1342035189
2228,1795,1342036084
265,2204,1342037608
1883,1626,1342037643
1626,1883,1342037646
1639,1843,1342041429
1755,2230,1342055686
2230,1755,1342055844
265,782,1342057215
782,265,1342057234
1352,2181,1342070892
2030,2065,1342078185
7,2037,1342097600
2231,1964,1342118884
265,1626,1342129467
1626,265,1342129755
2008,1481,1342129836
1481,2008,1342129857
2230,2232,1342142302
863,1843,1342142397
1843,863,1342142416
2232,2230,1342142525
1764,552,1342162443
2030,1238,1342175685
507,511,1342184623
511,507,1342185654
2134,2222,1342190823
2134,1984,1342190850
1984,2134,1342192204
2065,1834,1342193618
1834,2065,1342193635
863,2234,1342194311
2234,863,1342194480
2234,511,1342194619
2114,2138,1342195727
1940,2138,1342196544
1883,2207,1342198559
2008,2207,1342199208
2207,2008,1342199284
2207,1883,1342199673
265,1883,1342199983
2222,2134,1342200528
1238,2030,1342204506
2134,506,1342204693
2008,2235,1342206494
2235,2008,1342206623
2008,1834,1342208502
511,2234,1342212198
2053,2236,1342212295
1843,2234,1342212527
2234,1820,1342213787
1820,2234,1342214172
782,2234,1342215644
2234,782,1342215730
1805,1843,1342221307
2081,1174,1342231588
1215,2237,1342233053
1159,1988,1342233281
1970,2216,1342237956
2189,552,1342241633
552,2189,1342241638
322,2189,1342243774
2189,322,1342243831
2065,1764,1342244579
1764,2065,1342244636
1976,6,1342245183
6,1976,1342245532
2113,2065,1342246425
2065,2113,1342246427
2134,2156,1342262362
2156,2134,1342263895
7,42,1342274605
895,1940,1342275654
1940,895,1342275689
265,2238,1342279223
2020,2234,1342279247
2238,265,1342279279
27,2239,1342284180
2239,27,1342284359
1911,1940,1342292197
2153,2065,1342294599
2153,1349,1342294632
2153,1897,1342294643
265,1755,1342300157
1755,265,1342300252
1791,2206,1342302173
1791,1273,1342302833
99,2233,1342303161
2053,1934,1342307319
1934,2053,1342307424
2008,1509,1342310586
2213,2008,1342310598
2213,2138,1342311016
1272,2138,1342317212
2204,2223,1342323202
2223,2204,1342327961
1174,2081,1342356205
1174,2219,1342357106
2219,1174,1342357127
2134,1149,1342359558
1149,2053,1342360045
1149,2134,1342360051
356,2241,1342381481
2241,356,1342381500
1747,1626,1342381619
1626,1747,1342381668
2008,1580,1342382026
1580,2008,1342382075
2008,133,1342382718
133,2008,1342382735
2008,2160,1342382868
946,2242,1342383271
2242,946,1342383312
2160,2008,1342383353
2038,2243,1342388127
2243,2038,1342388174
2008,2166,1342390995
2166,2008,1342391066
1352,2138,1342408619
2214,2065,1342414449
2212,1843,1342417883
1843,2212,1342418088
265,2212,1342418885
2212,265,1342419282
1892,2236,1342425889
895,1972,1342433277
1972,895,1342433314
2079,2058,1342440076
2236,397,1342456180
2134,2244,1342456336
2244,2134,1342456398
1566,2245,1342458176
397,2236,1342458197
2113,2240,1342460235
1930,2234,1342461547
2220,2246,1342461936
2246,2220,1342462215
1843,2198,1342463146
2198,1843,1342463243
1679,2005,1342465399
2005,1679,1342465667
1991,2247,1342466252
2240,19,1342466369
1159,2248,1342466600
2247,1991,1342467192
2058,2249,1342468590
946,1991,1342470642
1991,946,1342471016
946,2250,1342476331
2014,196,1342476762
1843,4,1342477264
4,1843,1342477401
1536,2243,1342481162
2243,1536,1342481534
265,2116,1342484802
895,1272,1342489074
1272,895,1342489184
1349,2153,1342489307
2181,1352,1342489568
2181,2207,1342490876
2207,2181,1342491085
2086,1679,1342492997
895,1817,1342493877
1817,895,1342493894
1679,2086,1342493996
1988,1970,1342497768
1970,1988,1342498194
265,895,1342499433
895,265,1342499449
27,2251,1342505261
895,1002,1342519226
1002,895,1342526857
1788,1720,1342540322
2246,1527,1342540331
2116,1516,1342542675
1516,2116,1342542702
2013,2253,1342543158
1224,1747,1342544190
1747,1224,1342544212
27,2236,1342547726
2008,2254,1342548213
2254,2008,1342548245
2236,27,1342548471
1843,2008,1342551805
2008,1843,1342551805
2065,2255,1342556230
494,2059,1342557488
2249,2058,1342560222
1970,2071,1342560360
2071,1970,1342560482
1840,2016,1342561879
2059,494,1342562049
1817,2249,1342563061
1996,2246,1342566073
2246,1996,1342566181
2254,1817,1342569937
2254,1986,1342569949
1817,2254,1342569976
1986,2254,1342570133
2013,1352,1342571465
1352,2013,1342571594
2253,2013,1342573834
7,2145,1342579909
2016,1840,1342583835
2213,2181,1342585303
2181,2213,1342585670
2145,7,1342588444
397,2227,1342594409
2227,397,1342594858
2256,7,1342603171
2256,2145,1342603190
2058,2257,1342613392
1174,2132,1342620833
2129,2008,1342624241
1720,1788,1342629754
1843,2258,1342632435
2258,1843,1342632711
27,1159,1342634091
1,2259,1342637362
1964,2231,1342637401
1159,2259,1342637630
1843,2260,1342638610
2260,1843,1342640383
1760,1755,1342641136
1514,27,1342643967
2132,1174,1342645058
2158,2248,1342645838
2008,2129,1342646467
2065,2118,1342653395
2153,483,1342653875
2153,1159,1342653906
2153,1321,1342654019
2134,2261,1342657633
1747,1179,1342658090
2261,2134,1342658809
1179,1747,1342658912
688,2138,1342668538
2008,2262,1342669351
1970,19,1342671063
1774,19,1342671133
1970,2262,1342672875
2262,1970,1342672966
4,2138,1342680253
2170,1805,1342683009
1805,2170,1342683109
2203,2065,1342684764
2170,2065,1342685163
2236,2263,1342693658
1883,2264,1342704387
2264,1883,1342704409
1273,1976,1342709475
133,1777,1342710988
2240,2113,1342718029
1976,1273,1342719985
1988,1159,1342720836
2008,1454,1342721494
1454,2008,1342721569
2182,1536,1342724446
2158,1970,1342725873
1755,1783,1342726756
1783,1755,1342727416
1976,1970,1342733388
2179,1079,1342737297
1079,2179,1342737853
1970,2144,1342738171
265,2267,1342740309
2267,265,1342740409
2023,265,1342741385
2030,2207,1342744939
2263,2236,1342749906
1834,2008,1342751901
1536,2182,1342752195
1697,265,1342752759
265,1697,1342752797
1516,320,1342753453
1834,1935,1342753911
1935,1834,1342753956
2195,1536,1342762800
2255,2268,1342763806
2263,2138,1342764308
2268,2138,1342764324
494,1755,1342766465
1755,494,1342766481
2113,2255,1342773619
2255,2113,1342773738
2107,2248,1342790776
959,1710,1342797265
2269,2270,1342798488
1883,265,1342804361
1159,2153,1342808287
1571,2255,1342816908
2255,1571,1342816985
2030,177,1342818148
27,2271,1342819809
2271,27,1342819862
2153,2158,1342826833
265,2193,1342829727
2193,265,1342829953
2158,2153,1342832502
2248,2158,1342833977
501,2170,1342834355
483,2153,1342835349
895,2248,1342842844
2248,895,1342842969
1536,1451,1342854325
2262,2138,1342854721
688,1805,1342854992
1805,688,1342855024
1159,688,1342856207
1481,1480,1342862482
552,895,1342882535
895,552,1342882593
1174,2272,1342883891
688,356,1342887559
356,688,1342887567
2170,501,1342893864
2241,407,1342894609
2241,1619,1342896127
1619,2241,1342896144
2053,235,1342897227
688,1454,1342903757
1454,688,1342903778
265,2195,1342903928
2195,265,1342904021
1911,2008,1342905736
2008,1911,1342906433
2193,2138,1342919237
1349,1451,1342920579
866,1988,1342926939
1536,2195,1342929708
1495,2195,1342933519
2195,1495,1342933670
1976,2153,1342936020
1843,1764,1342943544
1764,1843,1342943771
2139,2145,1342944417
2145,2139,1342944476
1755,2273,1342980106
2273,1755,1342980674
2204,265,1342981894
688,2233,1342983474
2129,2274,1342985607
2274,2129,1342985643
688,1,1342985825
1,688,1342985886
2008,2059,1342995920
2059,2008,1342995969
2234,1866,1343003240
1509,2008,1343004333
2262,2065,1343008280
2243,2065,1343012283
2065,2243,1343012290
2065,1890,1343012930
1890,2065,1343012985
895,314,1343014187
314,895,1343014216
2008,2230,1343016137
1349,1834,1343016399
1834,1349,1343016433
2230,2008,1343019866
2030,2275,1343025253
2275,2030,1343025405
2234,2138,1343046317
2242,2163,1343049112
2169,2168,1343057832
1911,1892,1343059708
2030,265,1343066773
27,2276,1343068231
27,1514,1343068493
2105,1892,1343073117
1892,2105,1343073401
1162,1843,1343077062
235,2053,1343080919
1143,1892,1343087599
1580,2132,1343087723
1843,1162,1343092077
1843,7,1343092224
7,1843,1343092380
1273,1881,1343094333
1881,1273,1343094414
2193,1364,1343102700
1364,2193,1343102752
507,2233,1343105380
2064,1,1343105415
1,2277,1343106885
2277,1,1343106981
1,1536,1343107074
1,4,1343107173
4,1,1343107243
1536,1,1343107428
507,2065,1343107791
2065,507,1343107828
1536,99,1343108106
1764,2255,1343109314
2255,1764,1343109654
1735,2278,1343126067
2278,1735,1343127548
2132,1580,1343133255
1795,2071,1343154959
2071,1795,1343155013
1883,2279,1343159456
2279,1883,1343159764
1517,1970,1343161150
1883,270,1343161577
1273,1910,1343167148
231,1162,1343168862
1162,231,1343169705
1162,2280,1343169922
2280,1162,1343170036
1843,2281,1343183458
2281,1843,1343183493
1509,453,1343185973
2280,2233,1343188026
235,2065,1343189537
2064,1755,1343189812
1755,2064,1343189898
2284,2233,1343217032
1970,2284,1343217381
2284,1970,1343217541
2065,2285,1343226336
2285,2065,1343226398
1911,1321,1343230077
2020,2132,1343232183
2248,2285,1343234962
2285,2248,1343235074
2248,1159,1343235894
1897,1159,1343236034
2272,1174,1343237182
1272,1321,1343241225
2132,19,1343242431
2132,2020,1343242502
1272,386,1343254586
386,1272,1343254657
1536,2262,1343264066
2262,1536,1343264937
2240,2233,1343269202
1272,1439,1343269208
2128,1639,1343276604
1159,27,1343277068
283,1341,1343283086
12,1517,1343309212
2065,2193,1343314525
2193,2065,1343314575
2163,1507,1343316169
2163,2242,1343316198
1777,1624,1343317762
1624,1777,1343317906
2215,1624,1343318406
1624,2215,1343318449
2058,2288,1343318682
2288,2058,1343318810
2005,2215,1343325705
2215,2005,1343325805
507,1509,1343327328
1509,507,1343327343
2243,507,1343328102
507,2243,1343328336
2144,1843,1343329905
507,2285,1343330228
2285,507,1343330445
507,2163,1343331360
2065,800,1343332021
800,2065,1343332180
2163,2200,1343332288
507,1516,1343334619
1516,507,1343334657
1624,1856,1343338449
1856,1624,1343338505
2008,2282,1343339851
314,1938,1343340068
1938,314,1343340116
2282,2008,1343340724
2132,1955,1343342050
2193,1962,1343351152
1962,2193,1343351185
1795,265,1343353572
2215,2213,1343355409
2213,2215,1343355470
133,1,1343355699
2075,2285,1343355802
1,133,1343357724
1321,1,1343366691
691,2282,1343383820
2282,691,1343384300
2058,2289,1343386157
2289,2058,1343392391
2285,2075,1343395055
2169,2058,1343407221
1955,2132,1343407355
1849,2013,1343416836
1619,2292,1343417384
2292,1619,1343417423
314,1516,1343417579
1516,314,1343417592
2200,2163,1343417638
1273,2277,1343418342
2277,1273,1343418359
1349,2064,1343419988
1897,2293,1343422192
2293,1897,1343422368
2285,1162,1343424609
1897,1910,1343425962
1162,2285,1343426081
1970,2294,1343430561
2294,1970,1343430569
1451,2248,1343443380
1639,2128,1343446072
2248,1451,1343446460
500,2296,1343456658
2296,500,1343457137
11,2163,1343467326
2163,11,1343467407
2298,2138,1343473248
2236,2282,1343503813
1843,2299,1343514892
2299,1843,1343515077
1321,2065,1343518365
1843,2243,1343521511
2243,1843,1343521512
2300,2233,1343531354
691,2116,1343547662
1566,2301,1343574569
2301,1566,1343575061
2206,2053,1343575875
2153,1976,1343582228
1389,1562,1343586790
1562,1389,1343588536
2282,2236,1343592602
11,2153,1343594815
2008,1238,1343595700
863,2243,1343599023
2243,863,1343599059
2241,863,1343599887
189,2303,1343604910
2303,189,1343605141
1988,866,1343605655
1843,2030,1343616089
2030,1843,1343616179
2148,2169,1343617057
2265,2295,1343620609
2295,2265,1343620646
2295,42,1343620684
2265,42,1343620692
2153,2138,1343626660
265,2304,1343627840
2304,265,1343628086
1143,2169,1343630900
2113,2278,1343642589
1865,2247,1343646798
2247,1865,1343648473
1238,2306,1343654076
2306,1238,1343654101
1349,4,1343654404
2300,2138,1343664860
2058,2307,1343668080
1954,2138,1343670855
1987,154,1343671156
2307,2058,1343675655
863,2241,1343677739
2064,1349,1343678550
2234,2020,1343679879
2193,2280,1343698173
2280,2193,1343698299
2280,1970,1343699926
2234,76,1343700091
76,2234,1343700311
2113,2308,1343706370
2308,2113,1343706704
2255,863,1343712881
27,2295,1343721753
11,1935,1343723388
1935,11,1343723404
863,1480,1343725063
1976,1535,1343726375
2008,1865,1343736895
1865,2008,1343736968
2204,2309,1343742475
2309,2204,1343743284
2302,2008,1343746677
2308,2134,1343746841
2008,1679,1343750429
1679,2008,1343750461
2113,2227,1343754025
2227,2113,1343754082
2204,2240,1343755848
1960,2310,1343756727
2310,1960,1343757332
1777,1987,1343759249
2233,2013,1343759301
1970,1897,1343765222
2008,1897,1343765267
1976,1899,1343768809
688,1516,1343771737
2243,2282,1343786236
2282,2243,1343786280
11,1479,1343812957
1479,11,1343812985
2013,2233,1343839458
1795,1805,1343841390
1805,1795,1343841853
1843,2113,1343843786
2113,1843,1343843835
2295,27,1343848310
1970,1563,1343849087
1563,1970,1343849105
2242,2312,1343850923
2312,2242,1343851158
2312,2250,1343851347
265,595,1343855204
2030,1755,1343857490
2053,2181,1343859898
2295,1805,1343863899
2113,2204,1343865041
2204,2113,1343865171
1970,2180,1343872525
2180,1970,1343872669
2064,2065,1343876237
1481,1843,1343878540
2285,2064,1343878876
2153,2280,1343880566
1843,1481,1343880570
42,189,1343884032
1566,1524,1343898100
2306,2314,1343918333
2314,2306,1343919344
1843,2144,1343933771
1159,1481,1343939990
1960,2134,1343943434
27,2050,1343947451
2050,27,1343947858
1970,1890,1343948972
2280,2153,1343949502
1273,1272,1343949801
1805,2295,1343951107
2008,314,1343952482
314,2008,1343952505
1535,1976,1343959668
1795,2255,1343962064
2255,1795,1343962203
265,1535,1343970834
1535,265,1343970881
2282,2233,1343972956
265,688,1343974492
688,265,1343974569
2148,2231,1344013916
2255,1777,1344015818
1777,2255,1344015824
2148,2300,1344021607
2300,2148,1344021673
27,2313,1344023421
1747,2315,1344029107
2315,1747,1344029161
2148,2316,1344048249
2316,2148,1344048326
2065,2145,1344050898
2145,2065,1344050948
2255,2317,1344054546
2317,2255,1344054597
2248,2107,1344062978
2240,1739,1344067346
2318,2250,1344074408
2318,2319,1344074455
1341,1639,1344110976
1571,2187,1344111549
2187,1571,1344111918
1272,1273,1344118858
1791,2320,1344123242
1791,2321,1344123789
1791,2322,1344124010
1791,1822,1344124302
863,1834,1344124481
1834,863,1344124552
2322,1791,1344124562
2053,2321,1344124872
1843,1469,1344125097
1469,1843,1344125349
2148,2265,1344142703
1174,2324,1344181225
2324,1174,1344185629
2141,1290,1344186003
2195,1795,1344190439
1795,2195,1344190702
2325,2231,1344191456
2231,2325,1344191484
1890,1970,1344192826
2325,27,1344194816
2305,1619,1344199803
2005,2243,1344203288
11,2160,1344206163
2160,11,1344206917
1580,2005,1344207303
2005,1580,1344207323
1866,2326,1344207580
1866,2234,1344208598
1864,1970,1344216190
265,303,1344218732
303,265,1344218742
2265,2327,1344226959
2327,2265,1344227530
2328,2233,1344228570
1834,2233,1344229320
27,2328,1344231993
2328,27,1344232141
2148,2104,1344255709
2113,2329,1344258924
2329,2113,1344259146
1516,2153,1344267230
2153,1516,1344267279
1866,2231,1344272006
2231,1866,1344272035
2236,2324,1344274577
2169,2148,1344275566
2169,1143,1344275618
2324,2236,1344276322
1700,2138,1344278946
2326,1866,1344281056
1856,2324,1344282779
2061,2067,1344283736
2324,1856,1344287995
1755,2330,1344297756
2330,1755,1344298161
1777,2280,1344300764
324,265,1344301556
2067,2061,1344306916
1970,2282,1344311868
2282,1970,1344312055
1865,1755,1344326622
1755,1865,1344326693
1856,2297,1344343594
2297,1856,1344344524
2204,552,1344349867
552,1764,1344349952
552,2204,1344349961
133,2138,1344353422
1866,11,1344355574
11,1866,1344355623
2252,2138,1344358481
2065,2332,1344359553
2332,2065,1344359673
2204,1624,1344359987
2285,2144,1344362157
1996,1430,1344362749
1755,1897,1344372503
27,2252,1344374749
2252,27,1344374777
27,2333,1344375286
2333,27,1344375352
2252,2333,1344377394
2333,2252,1344377414
1747,1290,1344378659
2299,2334,1344380061
2334,2299,1344380096
1972,2138,1344380412
660,2138,1344390007
314,2335,1344399445
2335,314,1344400097
1970,1536,1344407461
2334,2134,1344410442
2134,2334,1344410583
1860,1805,1344416758
2148,2336,1344427950
2336,2148,1344428014
2286,2065,1344454210
2065,2286,1344454294
1624,2204,1344455122
2114,19,1344456798
2334,1892,1344462340
1892,2334,1344462566
265,1011,1344470019
1011,265,1344470081
2339,2280,1344476042
265,1605,1344483813
1011,1,1344485343
1605,265,1344485604
1605,595,1344486196
595,1605,1344486267
1481,2138,1344491610
1481,1341,1344492023
11,303,1344494605
303,11,1344494611
688,2333,1344495787
2333,688,1344495799
27,2325,1344498242
2341,2332,1344504375
2332,2341,1344505329
1624,2342,1344510211
2342,1624,1344510411
1865,2138,1344522885
2190,2343,1344526613
2343,2190,1344528184
895,494,1344531165
494,895,1344532753
863,2255,1344534048
27,2292,1344536162
2292,27,1344536186
1843,2343,1344538475
2343,1843,1344539451
1460,688,1344549932
688,1460,1344549988
1703,1843,1344553093
1843,1703,1344553129
1777,11,1344553851
11,1777,1344554053
1703,11,1344555993
17,2134,1344558302
231,2346,1344561202
2340,2342,1344562915
2340,2138,1344562924
2342,2340,1344563202
2204,2230,1344563512
1535,1777,1344574595
2342,2347,1344575462
2347,2342,1344575605
2230,2204,1344578093
2340,2332,1344581966
2332,2340,1344582102
863,2127,1344583680
2127,863,1344583791
2113,2265,1344587317
2265,2113,1344587331
1856,27,1344607963
2187,2349,1344610595
1703,2204,1344616159
2204,2200,1344619462
2200,2204,1344623285
265,1795,1344625060
265,2187,1344629885
2231,2138,1344632239
2187,265,1344633132
1159,1272,1344638098
1272,1159,1344638144
1849,2059,1344645271
660,265,1344646073
265,660,1344646089
265,452,1344650088
452,265,1344650145
265,7,1344650240
1710,1318,1344651016
1318,1710,1344651314
265,2352,1344651487
2352,265,1344652582
1307,1273,1344652942
863,1307,1344653024
2280,1843,1344654269
1843,2280,1344654288
314,2138,1344662632
2343,27,1344663128
1843,2138,1344663684
2190,1027,1344678145
2324,2346,1344693707
42,2346,1344694103
2346,2324,1344694365
2346,42,1344694500
1624,2343,1344700792
2343,1624,1344700970
11,2346,1344703425
2346,11,1344703541
1755,2138,1344711656
2229,2138,1344715520
166,2240,1344716278
2240,166,1344716292
863,2327,1344726127
2327,863,1344726316
2204,2327,1344732641
2327,2204,1344732714
2233,2204,1344733160
2233,1834,1344733178
2233,2328,1344733204
2233,2300,1344733251
2233,2240,1344733375
2233,2284,1344733439
2233,2280,1344733473
2233,507,1344733508
2233,688,1344733726
1349,2138,1344733950
265,1805,1344736361
1805,265,1344736430
1843,2200,1344747156
11,2354,1344747233
2354,11,1344747696
2280,314,1344747931
501,2138,1344748689
2200,1843,1344752915
2233,2354,1344754541
2354,2233,1344754544
1480,2255,1344761986
2134,2308,1344773258
2134,17,1344773290
2134,291,1344773796
2354,2355,1344785375
2355,2354,1344785420
2354,2227,1344789217
2227,2354,1344789583
2280,2356,1344804038
2153,1679,1344806772
1843,2356,1344809285
2356,1843,1344813757
2356,2280,1344814608
2065,2357,1344823868
2357,2065,1344824359
146,1341,1344827612
2065,2287,1344829328
1535,2134,1344830193
1843,2181,1344839113
2181,1843,1344839297
1897,2358,1344856079
2358,1897,1344856154
1272,1517,1344866727
1911,2138,1344872714
1843,70,1344879177
70,1843,1344880061
1679,2153,1344880901
1679,1605,1344881005
2204,1507,1344881989
1507,2204,1344882015
2181,2359,1344882472
1507,2332,1344882502
2332,1507,1344882571
2359,2181,1344882579
2172,265,1344882632
265,2172,1344882837
2280,1777,1344884828
2230,2360,1344887421
1238,1959,1344887450
1692,2138,1344888048
1892,1566,1344889342
2059,1849,1344891970
1703,2138,1344895130
42,1272,1344902875
1389,2351,1344906033
2204,2280,1344909935
42,1159,1344910259
1747,265,1344910294
265,1747,1344910340
265,1563,1344912751
1563,265,1344912805
1703,2230,1344913402
2346,2361,1344915620
2361,2346,1344916207
1703,2233,1344916319
27,2343,1344928755
2058,2169,1344929343
2362,2058,1344933151
1566,1892,1344935135
1430,2362,1344938734
27,2363,1344941725
2363,27,1344941924
2364,2362,1344950784
2362,2364,1344955907
2362,1430,1344961694
2359,2332,1344962250
1788,2338,1344963881
2338,1788,1344967054
1755,2359,1344968890
2359,1755,1344968954
2362,2365,1344974909
2134,1845,1344975414
1,106,1344980398
106,1,1344981129
2280,19,1344982299
1537,1843,1344993584
1843,1537,1344993654
1843,2104,1344993724
2233,386,1344998139
2280,2138,1344999825
2255,805,1345003545
1690,2335,1345031600
2290,452,1345033453
27,2367,1345039396
27,2368,1345039408
133,2065,1345052794
2065,133,1345052797
2335,1690,1345053320
1516,1642,1345053402
2255,2200,1345053565
2200,2255,1345053590
453,1,1345054592
1970,2369,1345057784
2369,1970,1345057824
2324,2113,1345063312
1692,1892,1345063339
2113,2324,1345063899
2350,2370,1345064950
2370,2350,1345064979
1747,2153,1345065109
2369,1843,1345068674
1843,2369,1345068696
2350,1970,1345068855
2370,2280,1345070576
2153,1747,1345071645
2280,2339,1345072897
453,511,1345074132
511,453,1345074173
1,453,1345075709
1159,2371,1345079409
1747,2280,1345086241
2280,1747,1345086250
2071,2138,1345088285
2255,2372,1345091532
2372,2255,1345091556
805,2255,1345092421
2355,2138,1345098838
1174,2362,1345105856
1892,1692,1345111151
453,1389,1345131432
1642,1516,1345133470
2065,2373,1345138000
2345,1970,1345145858
1970,2345,1345145956
2269,2008,1345146707
2008,2269,1345151424
1755,2374,1345151786
7,2339,1345152842
2339,7,1345153517
1970,2375,1345160170
4,2280,1345160673
2280,4,1345162938
2375,1970,1345165250
1755,1890,1345165921
1890,1755,1345165999
2072,1755,1345177181
314,2233,1345189587
2233,314,1345189653
688,895,1345194981
895,688,1345195012
314,2116,1345198366
2116,314,1345198404
660,2350,1345199361
2350,660,1345199429
595,2377,1345203850
2377,595,1345203886
595,2378,1345203896
2378,595,1345203903
2377,2378,1345203968
2378,2377,1345204020
507,595,1345226955
595,507,1345226973
2379,376,1345228455
376,2379,1345228552
688,511,1345234145
511,688,1345234251
164,265,1345235820
2020,2250,1345241523
2280,1516,1345242504
1338,1517,1345242623
2373,2065,1345243115
2116,2344,1345244740
511,2042,1345244741
1970,2280,1345245747
27,2380,1345245897
1389,453,1345246618
2327,507,1345257607
507,2138,1345258098
2072,2381,1345258603
1777,2344,1345259819
507,2327,1345259855
2375,2347,1345263766
265,1619,1345264029
2225,2138,1345265348
511,2138,1345265659
2065,2372,1345266032
2372,2065,1345266050
2381,2072,1345268290
27,2383,1345269219
27,2384,1345269228
2065,2375,1345269465
2375,2065,1345269468
2116,11,1345270745
11,2116,1345276480
2369,1829,1345278283
452,2290,1345286045
1174,1243,1345289611
453,1700,1345293246
1700,453,1345293288
2008,2383,1345298116
2383,2008,1345298317
2005,1349,1345299544
2385,1349,1345299929
42,2386,1345303594
2386,42,1345303716
2248,1179,1345310821
2008,2387,1345310916
1179,2248,1345311177
1341,2388,1345312400
453,1509,1345317679
2380,27,1345321280
2156,2389,1345322882
1662,2065,1345329476
1970,1805,1345330418
2065,1662,1345331358
106,2389,1345331925
1011,2389,1345332775
3467,2391,1345333892
2391,3467,1345333913
2243,265,1345334029
2065,2392,1345342744
2392,2065,1345342759
2255,2116,1345345149
595,2393,1345346091
2393,595,1345346110
2339,2394,1345353544
2394,2339,1345356978
279,45,1345357216
314,1349,1345394593
1349,314,1345394682
688,1349,1345395104
1970,2395,1345396669
2395,1970,1345397214
2382,2363,1345398675
2320,2389,1345399395
2072,1575,1345401039
31,2389,1345404271
1892,2389,1345405536
1349,11,1345405870
11,1349,1345406044
1517,2389,1345407064
2388,1341,1345408454
2339,1509,1345409756
1509,2339,1345409864
2339,2396,1345410356
2390,2113,1345411279
2396,2339,1345411378
2153,2265,1345413361
2153,2187,1345413440
1509,1970,1345414019
1970,1509,1345414051
607,2259,1345415983
2259,607,1345416009
220,2389,1345419047
2187,2153,1345420253
511,863,1345423727
1341,1774,1345428800
1516,1774,1345428858
2233,27,1345429084
2233,2397,1345433913
2397,2233,1345434229
2397,27,1345434240
1536,2113,1345437232
1,2389,1345437549
2342,2138,1345452274
2233,2368,1345459118
2396,27,1345465448
1481,1829,1345468339
1481,453,1345468342
1849,1624,1345477806
1624,1849,1345477811
1638,2005,1345478163
2005,1638,1345478244
453,1562,1345479746
1829,1159,1345480576
1159,1829,1345480728
1507,1679,1345483124
1679,1507,1345483338
1481,1349,1345487118
1481,386,1345487149
2353,2138,1345489780
7,1507,1345492059
1507,7,1345492096
1507,2339,1345492108
1970,2295,1345492203
2295,1970,1345492210
2339,1507,1345492528
6,2389,1345501525
1829,1970,1345510303
1970,2399,1345511111
2399,1970,1345511435
863,2399,1345513539
2399,863,1345513601
1642,1159,1345515137
1755,2400,1345516299
2351,1389,1345516485
2400,1755,1345516826
863,2339,1345518839
2233,2401,1345519142
2401,2233,1345519343
1805,1764,1345528906
1764,1805,1345530445
1010,1321,1345532249
2381,863,1345534387
2313,7,1345540546
7,2313,1345541528
2365,1619,1345546873
1619,2365,1345546903
2372,2138,1345559467
1536,2138,1345560125
1174,2402,1345563416
2345,2403,1345563904
27,453,1345564142
2403,2345,1345564466
1976,146,1345564786
2204,2405,1345565331
2405,2204,1345565517
2404,1496,1345567536
1507,2008,1345570406
2008,1507,1345570408
1507,1516,1345572663
1516,1507,1345572682
1507,1725,1345572856
1725,1507,1345572886
1496,2404,1345573435
356,2255,1345575371
1562,453,1345575450
1507,2138,1345582183
2020,2406,1345586158
2020,2407,1345586281
946,2408,1345587663
1451,2008,1345589133
2332,2409,1345594685
2409,2332,1345594824
1349,2410,1345595959
2410,1349,1345600365
1843,2376,1345606849
2376,1843,1345607241
1159,4,1345615362
4,1159,1345615389
2408,946,1345620505
2407,2020,1345631669
1321,1010,1345642841
2059,1755,1345645969
1970,2411,1345647431
2411,1970,1345647486
1,595,1345650003
1755,2059,1345650942
453,1481,1345660324
386,1481,1345661439
2204,2286,1345662042
2286,2204,1345662185
453,2339,1345682489
2339,453,1345682824
1451,1791,1345683578
1976,265,1345689248
2233,2138,1345701156
2113,2390,1345702104
27,2387,1345706191
27,2397,1345706210
27,2412,1345706221
27,2413,1345706230
27,2396,1345706239
2037,1970,1345736012
1849,2416,1345739983
2416,1849,1345740090
2241,2134,1345740148
1673,2417,1345743934
2417,1673,1345744024
1509,2415,1345745365
2415,1509,1345745538
2134,2241,1345752856
2233,2008,1345755363
2008,2233,1345755494
453,1856,1345758686
1856,453,1345758834
2204,2418,1345767360
2418,2204,1345767416
2381,2339,1345773537
2233,2419,1345774051
2419,2233,1345775131
2243,171,1345778078
1755,2274,1345778126
171,2243,1345778128
2274,1755,1345778241
2063,1509,1345795348
1509,2063,1345795379
2414,27,1345799551
2414,1566,1345799657
863,2381,1345801626
2062,1788,1345803486
2062,2058,1345804183
2270,2269,1345817603
2113,2116,1345819034
2416,1290,1345822468
1290,2416,1345822508
1788,1985,1345824958
1985,1788,1345825961
2332,2138,1345825989
1516,386,1345828559
386,1516,1345828579
1507,2420,1345834508
1290,2204,1345834518
1174,2420,1345847086
2020,2421,1345851744
1642,2067,1345854601
2116,2422,1345860436
2422,2116,1345862760
1642,217,1345866258
356,1970,1345866945
1970,356,1345866974
1970,2423,1345867422
2423,1970,1345867526
356,2424,1345867814
2424,356,1345867952
1755,2211,1345872438
2211,1755,1345872511
27,2426,1345875703
27,2427,1345875712
1495,2116,1345878953
2116,2255,1345879742
146,1710,1345898127
2421,2020,1345900029
1307,1642,1345909174
265,2058,1345909871
217,2425,1345919236
1970,2388,1345919368
2388,1970,1345919394
2425,217,1345919434
27,2160,1345920922
2160,27,1345920970
1454,453,1345925282
1341,2428,1345938786
2428,1341,1345940941
4,151,1345946574
1405,2431,1345964310
2431,1405,1345964382
151,4,1345964946
301,2053,1345986695
2432,171,1345995114
171,2432,1345995170
314,2332,1345998202
2332,314,1345998339
171,314,1345999894
314,171,1346000376
146,1976,1346000415
2332,171,1346000537
171,2332,1346000676
2153,2243,1346016243
920,1970,1346016851
1970,920,1346016942
1535,1987,1346017607
1535,2153,1346017658
1535,2145,1346017746
2145,1535,1346018090
3467,2425,1346018512
2425,3467,1346018531
1535,3467,1346018806
1987,1535,1346018855
2425,2433,1346020849
2433,2425,1346020965
2248,2332,1346021036
2332,2248,1346021076
2417,2434,1346026821
2434,2417,1346027067
386,7,1346030132
7,386,1346030522
1834,11,1346040045
11,1834,1346040064
2153,2334,1346040907
863,2138,1346045289
146,1673,1346076392
1673,146,1346077844
231,863,1346088810
511,2204,1346089662
2204,511,1346089664
231,511,1346090663
511,231,1346090693
2248,2138,1346097023
1624,2138,1346100605
2255,2138,1346101584
2204,2435,1346101602
2435,2204,1346101891
2383,2118,1346104243
2118,2383,1346104781
2383,2436,1346113570
2436,2383,1346113684
1970,1480,1346114772
453,2138,1346120923
453,4,1346125827
4,453,1346127083
1843,1805,1346132410
2426,27,1346139099
27,2437,1346144608
2113,2438,1346147224
2438,1143,1346147413
2438,2113,1346147553
524,1624,1346174621
1624,524,1346175249
1673,1338,1346175738
1755,2439,1346177765
2439,1755,1346177973
1972,1777,1346178195
1777,1972,1346178198
2432,2306,1346196075
2306,2432,1346196183
314,2280,1346201253
2334,2138,1346204463
665,2383,1346207961
2334,665,1346209346
665,2334,1346209567
2127,2219,1346234994
27,2440,1346235435
2257,2058,1346245174
2374,1755,1346256017
1679,2332,1346260213
2332,1679,1346260430
265,2243,1346264583
314,2383,1346269133
2383,314,1346269138
2334,2255,1346273594
2255,2334,1346273729
2255,1972,1346277190
1517,2441,1346278065
2441,1517,1346279452
2441,1791,1346279549
2441,2053,1346279811
2441,1681,1346279856
1976,2197,1346281525
1976,1791,1346281606
1972,265,1346286332
265,1972,1346286523
1829,1481,1346296604
2416,2442,1346316703
2440,27,1346319867
1976,1,1346321007
1698,2407,1346336991
2407,1698,1346337512
1843,2443,1346343931
895,1454,1346345799
1454,895,1346345848
1454,1679,1346346221
1679,1454,1346346339
2444,1843,1346348387
1,1976,1346349635
2064,2138,1346352162
2436,2445,1346361946
2445,2436,1346361972
1843,2231,1346363723
2231,1843,1346363814
2446,2407,1346365831
2436,2447,1346365893
2447,2436,1346365903
1341,1566,1346365950
1566,1341,1346366093
2407,2446,1346366629
2436,2448,1346367205
1843,2449,1346371176
2334,2153,1346372404
1970,2450,1346382669
2243,2153,1346382937
314,2425,1346383683
2425,314,1346383817
1935,2347,1346390088
2347,1935,1346394307
2233,2265,1346397707
2265,2233,1346397719
2058,2451,1346403937
2451,2058,1346404166
2371,1159,1346412454
314,1755,1346433832
1755,314,1346433851
2283,2250,1346447884
207,2236,1346448765
265,1536,1346448855
2236,207,1346448868
2338,506,1346451751
1536,1755,1346455139
1273,2153,1346455828
2449,1843,1346457925
2447,2453,1346463865
2441,2454,1346504527
2452,27,1346526105
1642,133,1346530282
133,1642,1346530315
1840,1755,1346535380
1755,1840,1346535430
2334,511,1346536140
511,2334,1346536179
1755,511,1346537878
511,1755,1346537891
1642,1535,1346542577
1535,1642,1346542644
2450,1970,1346550141
2451,2008,1346551264
2334,2455,1346552119
2455,2334,1346552435
2455,1970,1346553031
2455,2065,1346553146
1517,2196,1346553395
1307,202,1346554835
2255,2065,1346555533
2334,2265,1346556428
2265,2334,1346556653
2262,2340,1346556824
1349,2255,1346558193
2265,2456,1346558213
2456,2265,1346558366
2265,2270,1346559322
2270,2265,1346559342
2340,2262,1346559623
7,2332,1346560164
1755,2262,1346574292
2262,1755,1346574624
2233,164,1346574995
164,2233,1346575056
2196,1517,1346582788
595,1849,1346595433
1849,595,1346595474
2417,660,1346597081
660,2417,1346597138
27,2452,1346610227
27,2458,1346610249
27,2444,1346610260
27,2459,1346610269
2196,2053,1346619013
2362,2407,1346620123
2407,2362,1346620598
1970,1866,1346650093
1866,1970,1346650317
1972,2416,1346672109
2416,1972,1346672236
2451,2416,1346672989
2222,2197,1346681750
2200,2008,1346698040
265,1710,1346700753
782,2011,1346708053
2011,782,1346708098
1755,1898,1346717266
1898,1755,1346717390
2127,2460,1346718569
2460,1527,1346721912
2460,2127,1346722748
265,863,1346724018
2332,2334,1346740936
2334,2332,1346740983
2416,2451,1346758495
2276,27,1346759735
27,2461,1346779276
2415,2355,1346781253
1805,1454,1346783567
1454,1805,1346783618
595,265,1346790853
2241,27,1346791193
27,2241,1346791215
27,1866,1346792907
1866,27,1346792916
2355,2415,1346797550
1855,1755,1346799090
7,2462,1346801419
2334,1725,1346805102
1725,2334,1346805211
2334,1958,1346812087
2415,1760,1346812450
1970,2463,1346816057
2463,1970,1346816205
1958,2334,1346818974
2454,19,1346820984
2170,2255,1346825589
2255,2170,1346825601
1865,2416,1346836368
2416,1865,1346836409
1865,1959,1346838681
1959,1865,1346839378
2464,2416,1346839410
2170,265,1346864974
2231,2170,1346865383
2170,2231,1346865774
1321,1679,1346868177
1679,1321,1346868205
1679,2465,1346877597
2008,2249,1346884475
1843,2466,1346887250
2466,1843,1346887360
20,27,1346890534
1866,815,1346907562
1866,2291,1346911696
2467,1959,1346914638
1681,1849,1346915855
1849,1681,1346932620
2447,2468,1346937243
2468,2469,1346937359
2447,2470,1346937495
2470,2469,1346937525
2447,2471,1346937678
2471,2469,1346937703
2447,2472,1346937861
2472,2469,1346937892
2447,2473,1346937986
2473,2469,1346938007
2447,2474,1346938099
2474,2469,1346938123
1349,1975,1346943589
1777,1481,1346943863
2190,2475,1346947475
2475,2190,1346948184
1970,146,1346948191
27,2476,1346952004
2291,1843,1346952712
1843,2291,1346952784
2249,2008,1346958370
202,210,1346959921
202,1318,1346961893
2475,2416,1346966996
1667,2098,1346969085
11,670,1346973647
2334,2452,1346980648
2452,2334,1346981348
2469,2477,1346981739
2469,2478,1346981906
2334,2233,1346983608
2233,2334,1346983697
1805,1970,1346987783
1481,1777,1346994400
2233,2479,1346997490
2479,2233,1346997863
27,2480,1347006954
2278,2305,1347008737
2305,2278,1347008804
2233,2416,1347011717
2416,2233,1347011881
670,11,1347026750
863,2481,1347027222
2416,2407,1347027444
2407,2416,1347029009
507,2407,1347041867
2407,507,1347042208
507,2464,1347042461
2464,507,1347042472
265,507,1347043663
265,2350,1347043680
2350,265,1347043774
507,265,1347043876
2065,2482,1347044487
2482,2065,1347044569
2481,863,1347048134
670,2481,1347048335
507,2481,1347050582
2481,507,1347050602
507,2466,1347054216
2466,507,1347054263
11,2483,1347054308
2483,11,1347054416
2481,670,1347055997
2008,2484,1347056268
2407,2008,1347056553
2008,2407,1347056653
2484,2008,1347057548
1843,2452,1347060233
2452,1843,1347060796
2265,2116,1347062077
2404,2008,1347063346
11,2485,1347072830
2485,11,1347073085
11,2481,1347073513
2481,11,1347073583
2465,1679,1347076612
203,1843,1347078520
345,2138,1347078752
1843,203,1347078790
2484,2467,1347080297
189,2255,1347087623
2255,189,1347088482
1638,19,1347094868
2270,70,1347100821
2461,27,1347102585
4,2402,1347104729
2407,1566,1347105443
1566,2407,1347105521
863,1338,1347118863
863,1747,1347118945
1866,863,1347119734
2,1318,1347122757
2,129,1347122785
2,30,1347122790
2,185,1347122796
2,206,1347122805
2,140,1347122821
2,18,1347122835
2,99,1347122875
2,6,1347122880
1866,2486,1347131416
2305,863,1347135966
2332,1866,1347136450
1866,2332,1347136459
863,2008,1347141798
2008,863,1347141837
2008,2487,1347149846
2487,2008,1347150859
1481,2407,1347158584
2407,1481,1347158605
7,2170,1347180542
2170,7,1347180598
1507,27,1347189007
27,1507,1347189089
27,2486,1347191596
2486,27,1347191731
2236,2053,1347204967
1536,2488,1347242475
2488,1536,1347242734
2084,2053,1347243115
507,2489,1347245781
2489,507,1347246007
507,2490,1347246124
2489,166,1347250541
166,2489,1347250652
2116,2332,1347251483
2332,2116,1347251565
1318,2098,1347257451
1959,2467,1347257586
2265,19,1347257713
1959,1747,1347257940
1959,1238,1347258273
1959,1619,1347258507
1959,2226,1347258579
1959,1755,1347258662
2416,2464,1347266719
2464,2492,1347270614
2492,2464,1347270657
2478,2493,1347280339
2478,2494,1347280366
2494,2493,1347280395
2493,2495,1347280510
2494,2495,1347280527
2495,2494,1347280546
2495,2496,1347280749
2496,2495,1347280764
2496,2493,1347280810
2496,2497,1347281224
2497,2496,1347281252
2497,2493,1347281285
2493,2497,1347281321
2493,2496,1347281355
2496,2498,1347281454
2498,2493,1347281490
2493,2498,1347281514
2493,2499,1347283656
2499,2493,1347283663
2493,2500,1347283776
2500,2493,1347283780
2493,2501,1347283904
2501,2493,1347283917
1805,2082,1347287021
1321,1272,1347294243
2464,670,1347296051
670,2464,1347296129
2426,2065,1347302638
2334,2231,1347306377
2231,2334,1347306379
1624,1751,1347307428
1349,1536,1347307574
2116,2378,1347307691
1349,270,1347307729
1349,1273,1347307806
1751,1624,1347307871
1349,22,1347307962
1349,7,1347308257
1509,2502,1347309027
2502,1509,1347309097
1777,2153,1347309205
1777,670,1347312390
670,1777,1347312434
2484,2464,1347314659
2464,2484,1347314670
2255,1349,1347317006
1509,670,1347317538
670,1509,1347317541
1976,2465,1347318106
1970,2503,1347318157
2503,1970,1347320614
2465,1976,1347323767
496,2389,1347335090
27,2504,1347342579
2219,2058,1347350914
2058,2219,1347352073
1143,2505,1347354474
2505,1143,1347354579
27,2506,1347362761
2491,2464,1347364127
11,1624,1347370437
1624,11,1347370494
1566,2179,1347372243
1892,2507,1347375706
2505,1785,1347375892
2507,1892,1347376387
1624,2065,1347388139
2065,1624,1347388145
2350,1755,1347396871
1755,2350,1347396885
595,2138,1347404665
2488,1843,1347407297
2506,27,1347407649
1970,2064,1347407671
2064,1970,1347408580
1760,2508,1347409006
2508,1760,1347409041
552,1829,1347410077
1829,552,1347410087
1976,2509,1347410377
2509,1976,1347410400
11,1703,1347418144
2233,1711,1347418540
1711,2233,1347418598
146,1970,1347419477
2134,279,1347431545
7,1274,1347437472
2058,265,1347446484
1517,2321,1347455735
1970,2510,1347456916
2510,1970,1347456976
2321,1517,1347456987
2321,2053,1347457018
2321,1791,1347457055
595,1495,1347458498
595,2486,1347458514
2486,595,1347461395
2486,1624,1347462327
1624,2486,1347462348
1624,2311,1347462565
2311,1624,1347462614
2481,1624,1347462950
1624,2481,1347462986
1970,2350,1347466145
279,2134,1347466178
2511,2467,1347494628
1755,1495,1347496203
507,2512,1347504446
507,2513,1347505392
2513,507,1347505421
2512,507,1347507816
2467,2461,1347508020
2467,2484,1347508086
2467,1768,1347508142
2511,507,1347509858
507,2511,1347512312
2432,2479,1347517310
2461,2467,1347519910
1970,2514,1347522664
27,2515,1347544241
2515,27,1347544382
2516,2313,1347546930
2005,2515,1347553099
2515,2005,1347553232
2492,2515,1347556625
2515,2492,1347557366
1822,2517,1347558054
2518,2065,1347558701
453,11,1347560148
11,453,1347560285
2518,2467,1347562366
2467,2518,1347562442
2466,2065,1347565114
2065,2466,1347565191
2517,1822,1347572048
2407,1777,1347575952
1777,2407,1347575965
1970,2037,1347576690
501,11,1347584597
11,501,1347584658
11,2515,1347588084
2515,11,1347588172
265,2138,1347594764
265,1843,1347594769
1843,265,1347594851
27,2520,1347614328
27,2521,1347614338
27,2522,1347614343
1970,2270,1347629104
2518,2523,1347629176
2523,2518,1347629191
2270,1970,1347629220
2518,2524,1347636230
2524,2518,1347636259
2518,2501,1347636451
2416,2313,1347636799
2313,2416,1347636950
1902,2190,1347652360
1536,2526,1347673928
2526,1536,1347673943
1755,2503,1347674674
2511,2008,1347714760
1349,2008,1347715434
1349,1318,1347715531
2511,2527,1347716198
2527,2511,1347716669
2527,2528,1347717893
2527,2529,1347717905
2529,2511,1347718315
2529,2528,1347718354
2529,2527,1347718375
2511,2530,1347722227
1777,2531,1347728380
1777,2532,1347728405
2531,1777,1347728473
2532,1777,1347728485
2531,2532,1347728539
2532,2531,1347728565
1777,2332,1347730861
2332,1777,1347730967
1349,507,1347744724
1349,828,1347744906
1349,2234,1347745536
1635,2534,1347767226
1595,27,1347774561
2534,1635,1347808126
1970,2520,1347811790
1755,2536,1347822219
2536,1755,1347822262
2488,2233,1347827355
2053,2537,1347827485
2233,2538,1347828370
2538,2233,1347828908
2531,2053,1347831346
2520,2415,1347832510
2526,2520,1347832624
27,2539,1347835197
27,2540,1347835211
2116,1755,1347835991
2116,99,1347836293
863,11,1347840003
1536,2479,1347851693
2479,1536,1347851724
1321,1785,1347853076
11,2541,1347854970
2541,11,1347855066
11,1830,1347856683
1830,11,1347856844
1830,2280,1347858541
2280,1830,1347858596
27,2542,1347882617
2542,27,1347895897
670,1860,1347896963
1860,670,1347897857
11,1860,1347902397
2537,2053,1347907163
2011,1566,1347911025
99,2116,1347915600
1760,2415,1347916237
202,1,1347924781
202,301,1347925850
2488,1777,1347934403
2488,2415,1347935235
1976,2138,1347935735
1679,2544,1347939054
1777,2114,1347940719
2114,1777,1347940878
2544,1679,1347941023
2511,2545,1347943864
21,27,1347944480
2511,2546,1347944510
2511,2547,1347944522
2547,2546,1347944609
2547,2545,1347944628
2546,2545,1347944703
2546,2547,1347944734
1764,2138,1347945311
27,21,1347946352
2313,2548,1347971459
1982,2549,1347979199
1982,1571,1347979364
1982,863,1347979750
1982,1159,1347979809
1982,1892,1347979895
1777,2313,1347988026
2112,27,1347989198
1679,2313,1347992858
2248,2116,1347995162
2116,2248,1347995208
2262,2265,1347995596
2262,1987,1347995609
1987,2262,1347995739
1535,2334,1347997767
2334,1535,1347997773
2065,2550,1347998261
2550,2065,1347998330
507,2551,1347999102
2551,507,1347999394
2495,2552,1348000131
2495,2553,1348000159
507,2554,1348004508
2554,507,1348004559
2554,2063,1348005003
2554,2552,1348008133
2063,2554,1348009213
2495,2555,1348010262
1996,2134,1348012932
1911,2190,1348013637
2190,1911,1348013851
1349,1321,1348017184
2495,2557,1348023336
2495,2556,1348023364
507,2099,1348025472
2099,2559,1348028129
1986,2065,1348030577
1566,2011,1348058799
2416,2138,1348072999
2519,42,1348079383
2464,2491,1348080966
42,2519,1348084166
1349,2385,1348086138
1307,1480,1348100707
1307,386,1348100822
386,1307,1348100860
265,2560,1348108026
2559,2561,1348111922
2561,2559,1348112640
2248,1273,1348117609
1273,2248,1348117728
1755,2562,1348118028
2562,1755,1348118106
2467,27,1348120252
324,2563,1348125210
2563,324,1348125235
2563,1755,1348125259
27,2467,1348126145
2313,27,1348139824
2313,1679,1348139858
2313,2516,1348139881
1566,2132,1348154359
2564,2560,1348159378
1720,1698,1348160243
2565,2416,1348160406
1698,1720,1348160461
2362,1174,1348161145
2114,2323,1348171215
1970,2266,1348171382
2332,7,1348172853
2065,2519,1348173462
2531,1755,1348176256
1755,2531,1348176277
2559,2520,1348180626
2265,2373,1348181187
2373,2265,1348181234
2416,863,1348181446
2334,1843,1348182679
1698,2566,1348182775
2566,1698,1348183516
1970,2373,1348183611
2373,1970,1348184003
2566,2567,1348184062
2567,2566,1348184090
1843,2334,1348184148
2566,2334,1348184164
2334,2566,1348184416
2265,2138,1348185112
2265,2145,1348185345
2233,2568,1348203463
2568,2233,1348204309
2559,2569,1348214008
2569,2559,1348214874
2313,2570,1348231756
1566,1917,1348236915
2560,2571,1348239032
2113,2560,1348241115
2560,2113,1348241287
96,1,1348246186
1755,2065,1348247910
2113,1516,1348250272
2516,2572,1348250300
2572,2516,1348250319
1516,2113,1348253550
2516,1679,1348254654
1679,2516,1348254680
1970,2372,1348254744
2372,1970,1348254888
1760,1843,1348255841
1710,265,1348258143
1843,1760,1348258597
2465,2065,1348260656
1970,1516,1348260777
2570,27,1348265222
1970,2573,1348279276
2573,1970,1348279427
1755,2574,1348283066
2574,1755,1348283172
27,2576,1348303400
27,2578,1348303434
2113,2305,1348312396
2305,2113,1348312622
2559,2252,1348328075
1970,2252,1348329981
1307,1341,1348343867
1364,1725,1348344480
1307,624,1348344500
1725,1364,1348344517
1307,1430,1348344591
1307,1662,1348344657
1307,270,1348344680
1970,1911,1348348535
1911,1970,1348348633
1970,1,1348349293
1290,1760,1348351317
2580,1794,1348364940
2581,2582,1348384424
2582,2581,1348384720
2581,27,1348388738
2277,2113,1348411551
133,895,1348417710
1785,1321,1348418450
1970,2560,1348434816
2560,1970,1348435097
1970,1733,1348443520
1733,1970,1348443574
2560,2583,1348445497
2583,2560,1348446116
2113,42,1348447234
2116,2584,1348459815
2227,2585,1348475274
2585,2227,1348475323
2585,2578,1348475720
27,2134,1348478569
2134,27,1348478604
461,2053,1348479891
2134,2113,1348492275
2113,2134,1348492392
2416,2581,1348494197
2581,2416,1348494456
27,2570,1348504731
27,2586,1348504740
2065,2331,1348505455
2508,265,1348518620
203,2246,1348524408
2559,2587,1348533815
2587,2559,1348534010
2246,203,1348537938
1566,2588,1348539747
2580,2589,1348541668
2589,2580,1348541706
2559,1970,1348543856
2065,2590,1348547255
2590,2065,1348547401
1755,1774,1348547830
1509,2515,1348550847
2515,1509,1348550861
1755,1764,1348552524
1755,2591,1348558197
2591,1755,1348561388
1349,154,1348570411
2580,2592,1348573451
2592,2580,1348573573
2592,2593,1348573646
2593,2592,1348573715
2580,2593,1348573865
2593,2580,1348573948
2594,2593,1348574216
99,1341,1348575452
2593,2594,1348576009
2593,2595,1348576076
2593,2557,1348576087
2593,2596,1348576105
2580,2595,1348576699
2580,2597,1348577744
2597,2598,1348577849
2597,2600,1348578209
2600,2597,1348578286
2597,2599,1348578338
2600,2599,1348578351
2600,2598,1348578397
2599,2597,1348578647
2598,2597,1348578741
2598,2557,1348578839
2580,2601,1348579054
2601,2594,1348579132
2601,2595,1348579179
2601,2597,1348579222
2595,2008,1348579314
2595,2555,1348579550
2595,2553,1348579576
2595,2556,1348579589
2595,2552,1348579605
2556,2552,1348579848
2556,2553,1348579868
2556,2555,1348579890
2556,1495,1348579955
2555,2558,1348580179
2555,2501,1348580219
2555,2589,1348580228
2555,2497,1348580268
2555,2498,1348580289
2552,1755,1348580350
2552,1495,1348580382
2552,2501,1348580394
2552,2498,1348580413
2552,2477,1348580435
2508,2465,1348589498
2588,1566,1348591416
2588,1892,1348591579
2351,2604,1348594009
2604,2351,1348594090
2247,2113,1348597768
2113,2247,1348598480
27,2058,1348602210
2603,1495,1348602711
2603,2605,1348602716
2603,1755,1348603124
2603,2116,1348603132
2605,2116,1348603206
2605,1495,1348603318
2467,203,1348603337
2605,1755,1348603385
2605,2603,1348603392
2605,1159,1348603405
2603,863,1348603603
2025,1495,1348605482
1495,2025,1348605541
1495,2606,1348605667
2603,2606,1348605752
2605,2606,1348605818
2603,2416,1348605838
1495,2605,1348605878
1495,2603,1348605897
2606,1495,1348605906
2606,2605,1348605943
2606,2416,1348605964
1495,2607,1348606644
2603,2607,1348606704
2607,1755,1348606710
2607,2065,1348606860
2607,863,1348606876
2607,1970,1348606950
2605,1970,1348606998
2134,2197,1348607078
2008,2213,1348608468
2559,2099,1348608873
2099,507,1348609511
2213,2339,1348609941
2339,2213,1348610002
2591,1495,1348613729
2606,2608,1348620261
2608,2606,1348620524
1755,99,1348626249
2233,99,1348626518
2233,2099,1348632860
2099,2233,1348632919
2467,2609,1348636837
2609,2467,1348638018
2416,2559,1348645970
2113,1897,1348650632
1768,2467,1348655644
164,2516,1348663387
2516,164,1348663423
1349,2560,1348670170
2560,1349,1348670352
27,2610,1348684789
1349,1272,1348689032
1349,1341,1348689078
2134,1535,1348692159
1683,2172,1348692751
1970,2233,1348701558
1970,1898,1348703298
164,1843,1348704701
1843,164,1348704751
2116,2277,1348717173
2277,2116,1348717302
2467,2465,1348719597
1774,2065,1348720514
2113,2571,1348736940
2113,2533,1348737234
2571,2113,1348737540
2068,2058,1348743069
2559,2416,1348750466
2465,2467,1348751243
2134,2200,1348760245
2600,2612,1348767891
2599,2612,1348767954
2613,1843,1348768384
2200,2134,1348772992
863,42,1348775085
2113,468,1348781554
1159,2134,1348782028
1863,2609,1348783909
2008,1898,1348785396
2526,2134,1348791060
2134,2526,1348791371
11,2134,1348793158
2134,11,1348793461
2134,2138,1348793855
2233,2270,1348796575
2270,2233,1348796893
2233,1829,1348798528
1829,2233,1348798544
2609,1863,1348813852
2011,1892,1348816791
1307,31,1348825490
1972,2233,1348826073
1307,1911,1348826852
1307,1516,1348826934
1307,1481,1348827376
1307,1897,1348827451
2233,2514,1348828018
2514,2233,1348828079
27,1727,1348833214
2362,2616,1348836326
1349,1481,1348837141
2604,2416,1348840472
2416,2604,1348840869
2063,1840,1348850108
1777,2063,1348852728
2063,1777,1348852876
2501,2617,1348857250
2501,2618,1348861563
2618,2617,1348861580
1843,2619,1348863463
2619,1843,1348863651
2617,2620,1348864183
2617,2621,1348864199
2065,1246,1348864881
1246,2065,1348864981
2597,2622,1348866427
2597,2595,1348866471
2595,2622,1348866499
2622,2597,1348866581
1481,1307,1348867226
1307,159,1348868453
2113,207,1348876604
1897,1287,1348879183
2501,2624,1348879298
2501,2625,1348879367
2625,2624,1348879401
2625,2623,1348879412
2624,2625,1348879446
2624,2623,1348879479
2623,2625,1348879523
2623,2624,1348879542
265,2233,1348881984
265,148,1348882497
265,453,1348882531
1619,265,1348882720
2422,1843,1348887910
2501,2623,1348888772
2623,2626,1348888871
2626,2627,1348888972
2627,2628,1348889081
2628,2627,1348889091
2490,507,1348889835
2464,2629,1348897248
2629,2464,1348897809
2629,2138,1348905865
2630,2138,1348910740
2630,1,1348917189
1777,863,1348937006
2204,2138,1348955679
1454,1970,1348956256
1970,1454,1348956263
2455,2632,1348958305
1580,1863,1348958328
2632,2455,1348958921
2455,830,1348958953
2455,2013,1348959060
2455,1493,1348959078
2455,2566,1348959176
2455,45,1348959210
2559,203,1348975497
2422,1970,1348976382
1970,2422,1348976406
1535,2138,1348987469
2236,1892,1349002644
27,2581,1349010791
27,2513,1349010801
27,2634,1349010809
1683,2635,1349011012
2631,2636,1349015400
2636,2631,1349022266
2636,2637,1349022461
2637,2631,1349022548
2634,27,1349026720
1987,2635,1349036787
2219,2127,1349038795
2116,1866,1349038833
2153,1,1349041338
2153,1405,1349041498
1405,2153,1349041623
1405,1970,1349041645
1679,2065,1349041792
1970,2638,1349041837
2638,1970,1349042051
1777,2065,1349045210
1777,2236,1349046151
2623,2639,1349056855
2623,2640,1349057242
2639,2501,1349057608
2639,2640,1349057615
2639,2623,1349057629
1996,2053,1349059777
2255,1508,1349064070
2467,1725,1349065138
1725,2467,1349065219
2236,1777,1349094363
2526,2641,1349101756
2641,2526,1349102006
2526,1860,1349104714
1860,2526,1349104746
27,2644,1349124877
1481,2641,1349125381
2641,1481,1349125423
2644,27,1349125437
2641,27,1349125445
2011,2525,1349125460
1321,2138,1349127938
2644,1970,1349133772
1970,2644,1349133807
2182,1940,1349141897
1970,1777,1349143271
1159,2138,1349145843
1970,2645,1349147905
2233,2647,1349151554
2647,2233,1349152193
1159,1747,1349153329
2236,1480,1349161338
1755,2514,1349163373
2514,1755,1349163434
1866,2116,1349175674
2645,1970,1349188908
1755,2465,1349196887
2525,2011,1349205453
2525,1892,1349205486
494,2138,1349209515
2646,2649,1349213086
2649,2646,1349213172
1777,1935,1349218694
1935,1777,1349218706
2633,2138,1349224404
2331,2065,1349229551
1970,2138,1349242699
2635,2650,1349245928
2581,322,1349252649
322,2581,1349252684
2571,2652,1349255482
2322,2053,1349262466
1970,1615,1349275953
1615,1970,1349276281
1970,2571,1349280636
2631,2653,1349281475
2653,2654,1349281615
2654,2653,1349281663
2571,543,1349282150
2513,27,1349286295
2571,1229,1349286949
863,1667,1349287286
1364,2247,1349292895
2247,1364,1349292916
1229,2571,1349299599
2116,265,1349300226
2599,2655,1349306569
2655,2656,1349306833
2656,2655,1349306870
2656,2599,1349306938
386,99,1349307113
2646,2657,1349307268
2657,2646,1349307332
1349,2658,1349308991
2160,507,1349309938
507,2160,1349310570
2559,2577,1349315998
2248,2646,1349317276
2577,2559,1349319746
2577,2233,1349320822
2233,2340,1349320970
2340,2233,1349321286
2233,2577,1349321288
543,2571,1349324044
2646,2248,1349324846
2646,2515,1349325725
2515,2646,1349325858
2233,2646,1349326203
2646,2233,1349326204
2656,2659,1349326749
2646,2577,1349328744
2660,2332,1349329782
2332,2660,1349330746
27,1595,1349335342
2599,2661,1349348836
2661,2662,1349352438
2662,2663,1349352744
2663,2664,1349352893
2664,2663,1349352946
2570,2313,1349355046
2559,2570,1349357226
2570,2559,1349358237
507,2577,1349358676
2094,2053,1349363078
1777,2660,1349371975
2660,1777,1349372121
1843,2465,1349373423
2646,863,1349373550
863,2646,1349373674
1566,2665,1349374501
2665,1566,1349374588
1777,1843,1349376241
1843,1777,1349376346
1481,2646,1349377204
2663,2666,1349377394
2662,2666,1349377483
2646,2667,1349377672
2667,2646,1349377712
2646,1481,1349377750
2646,2339,1349379525
2339,2646,1349379571
1970,1481,1349381235
1481,1970,1349381256
2571,1970,1349384089
511,1777,1349389877
782,2222,1349391091
2416,2565,1349391120
1970,2012,1349399807
2625,2669,1349404895
2636,2669,1349404984
2643,2670,1349412602
2670,2643,1349412699
11,2138,1349421061
1679,2630,1349422881
2658,2671,1349454623
2671,2658,1349454711
1321,2643,1349457074
2643,1321,1349457113
1571,2650,1349459251
2650,1571,1349459556
2467,2152,1349461640
2559,2672,1349463431
1228,1970,1349467367
1228,74,1349467457
2673,1755,1349470968
2467,1970,1349472709
2674,203,1349473517
1970,1624,1349474831
1624,1970,1349474856
1454,2138,1349475657
2672,2559,1349476483
133,1817,1349477151
1817,133,1349477217
2287,2676,1349483062
2630,1679,1349491496
1481,2577,1349493520
203,2674,1349493700
2678,1970,1349499459
1935,1228,1349504048
1228,1935,1349504102
1535,2455,1349509087
2455,2265,1349509088
2455,1535,1349509116
2265,2455,1349509134
2265,1535,1349509166
1535,2265,1349509183
11,2533,1349512571
2533,11,1349513211
2486,2679,1349525207
2679,2486,1349525342
2679,2538,1349526637
2538,2679,1349526667
11,2247,1349528287
2247,11,1349528705
2116,2265,1349558484
1987,2455,1349561516
2455,1987,1349561648
2455,2138,1349562866
2053,2094,1349565042
552,2138,1349568142
1777,453,1349568709
453,1777,1349568974
976,2673,1349575041
2233,976,1349575086
976,2233,1349575119
2673,976,1349575377
976,2138,1349575410
2116,691,1349578550
2673,2680,1349589237
2679,2427,1349589565
2427,2679,1349589703
2680,2673,1349589729
2427,27,1349589920
2673,2681,1349591708
2681,2673,1349592712
27,2526,1349630678
2526,27,1349630679
1710,2415,1349630744
1,2415,1349635337
2415,1,1349636971
2415,1710,1349637012
2415,2520,1349638545
2642,2138,1349641118
1970,2063,1349644023
2063,1970,1349644314
2012,1970,1349646095
1272,1605,1349648104
2650,2635,1349648605
2116,1,1349649258
2649,1,1349649459
2181,1517,1349650091
2181,2053,1349650247
1481,1804,1349654213
1804,1481,1349654234
976,31,1349656479
31,976,1349656494
1804,2683,1349663125
1580,1804,1349663273
1804,1580,1349663280
2683,1804,1349663297
2677,552,1349663892
1970,2467,1349672480
1804,2571,1349686346
2571,1804,1349686372
27,2684,1349691264
863,2642,1349710028
2642,863,1349710101
1692,1272,1349712651
1755,2685,1349717472
2685,1755,1349717584
1692,986,1349718024
986,1692,1349718072
2609,2686,1349718415
1272,1692,1349718918
2686,2609,1349720322
1755,2614,1349722593
27,2249,1349728357
2116,1509,1349728935
1509,2116,1349728994
2116,2635,1349729162
1755,2650,1349734106
2650,1755,1349736705
453,2415,1349740526
2415,453,1349740866
453,1011,1349751228
1011,453,1349751256
1755,2668,1349752249
2668,1755,1349752297
2236,2687,1349764548
2687,2236,1349765043
2643,324,1349770761
324,2643,1349771208
27,2688,1349774475
2323,2114,1349776236
2689,2571,1349791390
2116,2065,1349792391
863,18,1349792477
2116,2113,1349792486
2571,2538,1349795829
2538,2571,1349795851
1892,2588,1349803457
1892,2011,1349803493
1892,2525,1349803614
164,2642,1349804146
2642,164,1349804156
207,2065,1349811452
2065,207,1349811469
2571,2689,1349814685
1228,2065,1349817277
2065,1228,1349817388
2460,2467,1349825782
1970,2691,1349829438
2065,2692,1349830475
2692,2065,1349830595
2467,2460,1349833137
2065,2694,1349847238
2694,2065,1349847306
2651,2646,1349850756
1860,2683,1349851022
2683,1860,1349851027
2646,2651,1349851066
2646,2695,1349853777
1970,1860,1349855603
1860,1970,1349855701
2571,2696,1349872739
2571,2697,1349873386
2697,2571,1349874802
27,2571,1349876122
2571,27,1349876160
2696,2571,1349878107
2571,2698,1349883902
2698,2571,1349884091
2566,2460,1349886813
2332,1454,1349887310
1454,2332,1349887350
27,2690,1349889914
27,2701,1349889945
2519,2332,1349891719
2332,2519,1349891819
1970,2702,1349892845
2702,1970,1349892895
2571,2703,1349896721
2703,2571,1349896760
2460,2566,1349898041
2323,2229,1349902126
2679,2339,1349902194
2339,2679,1349902363
2559,2704,1349903019
2704,2559,1349903135
2704,27,1349903329
2646,2243,1349903827
2699,2243,1349903836
2697,2705,1349905718
27,2706,1349906103
2706,27,1349906114
2693,42,1349906451
2243,2646,1349907391
2243,2699,1349907411
2691,1970,1349908432
2571,2707,1349909925
2707,2571,1349910192
2693,2708,1349910736
2708,2693,1349911373
1785,2505,1349914080
164,1642,1349916595
1642,164,1349916629
42,2693,1349917528
203,2467,1349919851
2646,511,1349920510
511,2646,1349920513
511,2332,1349924853
2332,511,1349924861
2233,2332,1349925398
2332,2233,1349925417
2674,2710,1349926231
2710,2674,1349926238
2233,2602,1349927063
2630,2113,1349945850
2113,2630,1349945915
27,2712,1349949148
2571,2699,1349949956
2699,2571,1349950136
2649,2426,1349969060
2305,2713,1349978261
2713,2305,1349978467
1642,2650,1349980516
2650,1642,1349980598
2635,2693,1349980996
2693,2635,1349981100
2695,2714,1349982882
2714,2695,1349982977
2699,2714,1349986871
2714,2699,1349986959
1679,820,1349988639
2693,1970,1349989109
2416,2715,1349989856
2715,2416,1349989933
2716,2323,1350016395
507,2651,1350019810
2651,507,1350020300
2701,27,1350026192
2695,2699,1350039055
2699,2695,1350042308
2633,2065,1350059636
2065,1774,1350059958
2467,1755,1350061673
1755,2467,1350061758
2219,2132,1350062528
1970,2717,1350062869
2717,1970,1350062928
2699,2467,1350063374
2467,2699,1350063409
27,2695,1350063829
2695,27,1350065459
2717,2643,1350066441
27,2718,1350066942
2718,27,1350067458
2644,2718,1350069583
2718,2644,1350069747
21,2543,1350070793
164,2644,1350072366
2644,164,1350072400
1970,2719,1350072476
2719,1970,1350072698
1,2677,1350077134
2677,1,1350078989
2643,2065,1350105623
164,605,1350110938
2715,2679,1350122369
2679,2715,1350124120
1970,2526,1350127245
2526,1970,1350127285
2699,1970,1350145258
1970,2213,1350145344
2213,1970,1350145366
2577,27,1350149734
2699,1700,1350156342
1700,2699,1350156352
2526,1943,1350162156
2526,2720,1350162387
2720,2526,1350164188
2416,2531,1350165904
863,2718,1350170535
2718,863,1350171038
7,600,1350176359
1619,2065,1350176533
1970,2711,1350181172
1970,2344,1350184119
2233,1229,1350184790
1229,2233,1350184879
507,2679,1350187316
2679,507,1350187595
507,1970,1350188182
1970,507,1350188229
2535,27,1350209492
27,2535,1350210079
1698,2721,1350215561
2721,1698,1350215680
1785,2452,1350222392
2526,2722,1350230308
2722,2526,1350230586
2535,1970,1350238597
1970,2535,1350238718
863,2415,1350239400
2415,863,1350239434
27,2577,1350241977
2452,1785,1350242441
2526,2252,1350242938
829,1349,1350247562
2697,2252,1350249162
2252,2697,1350251534
2252,2559,1350251690
2252,2526,1350251714
2252,1970,1350251740
2693,2116,1350252450
2693,1755,1350252553
2695,2646,1350252946
2697,2720,1350253326
2720,2697,1350253732
1897,2723,1350253930
2559,2689,1350254324
2689,2559,1350254708
2693,2724,1350256032
1624,2200,1350259036
2705,2697,1350262046
265,2723,1350268934
2723,1897,1350269119
2252,2725,1350269365
2725,2252,1350269440
2695,2726,1350272051
2726,2695,1350275256
976,2727,1350277980
2727,191,1350278020
2720,2727,1350278567
2727,2720,1350279851
2728,2560,1350281772
2560,2728,1350281936
2728,2729,1350287334
2729,2728,1350287376
2693,2730,1350291702
2543,21,1350297790
2699,2731,1350303784
2731,2699,1350303830
2404,2679,1350307652
2679,2404,1350307811
2200,1970,1350308864
1970,2200,1350308914
2540,27,1350315870
1970,2005,1350318202
2172,1683,1350319098
2697,2540,1350323247
2540,2697,1350324178
2190,2732,1350327723
1580,2646,1350328647
2646,1580,1350328709
27,2704,1350329746
27,2734,1350329765
27,2735,1350329772
2733,1897,1350330066
2733,27,1350330086
27,2733,1350330258
2732,2190,1350330570
27,2382,1350332046
2382,27,1350332365
1970,1747,1350338044
2344,1970,1350339862
1536,1698,1350340632
2711,1970,1350341003
2153,2692,1350341170
2153,1273,1350341250
2153,2646,1350341272
2153,322,1350341292
2153,42,1350341327
2153,863,1350341343
2153,1290,1350341443
2153,1777,1350341494
1698,1605,1350341566
1698,1290,1350341658
2734,27,1350353705
1679,2650,1350356425
2650,1679,1350356500
2651,1843,1350358668
2467,1679,1350358790
1843,2651,1350359179
1986,2646,1350360941
2646,1986,1350361732
2712,27,1350379292
2699,1507,1350390316
2738,2697,1350396007
2697,2738,1350398599
1507,2699,1350402871
2577,2646,1350403501
976,2299,1350405280
2299,976,1350405404
863,2114,1350408330
2114,863,1350408428
2648,2571,1350412116
2571,2648,1350412199
2739,1897,1350413007
2719,2740,1350413063
2710,2559,1350414519
1970,2677,1350418909
2677,1970,1350419519
2559,2721,1350420388
2721,2559,1350420588
2742,1897,1350428031
2710,1970,1350429302
1970,2716,1350452834
1970,2737,1350452855
2571,2743,1350473907
2740,2719,1350474364
2743,2571,1350475198
2190,2247,1350482028
2700,27,1350491512
2247,2190,1350497977
27,2700,1350498383
27,2314,1350503035
2314,27,1350503226
2065,2270,1350504860
2270,2065,1350505104
1843,1711,1350519176
1711,1843,1350519246
7,2256,1350523882
2526,2679,1350523909
2467,1681,1350549722
27,2744,1350562314
1883,2722,1350576890
2722,1883,1350576999
1970,2699,1350589679
2233,2736,1350598128
2736,2233,1350599631
1843,1290,1350602249
2747,1897,1350607559
2727,42,1350609092
2339,2748,1350610077
2748,2339,1350610768
2745,2690,1350618636
2602,42,1350623698
7,2323,1350623810
2323,7,1350623845
27,2749,1350652973
1012,2751,1350659397
1987,2153,1350666454
2720,2753,1350673230
2753,2720,1350673429
2643,2754,1350673810
2754,2643,1350674375
2754,2755,1350675780
2755,2754,1350675793
2744,27,1350676218
2344,2720,1350683173
2720,2344,1350683214
863,2323,1350688430
2651,2710,1350704558
2710,2651,1350704575
2651,2581,1350715776
2643,1584,1350715887
2757,2643,1350716148
1698,2756,1350731914
2756,1698,1350733314
203,2586,1350747156
2586,203,1350747166
2204,1451,1350753300
1451,2204,1350753374
2190,2008,1350757162
1960,2643,1350761866
2323,2138,1350763541
2643,1638,1350765503
1638,2643,1350765550
2516,2643,1350768109
2643,2516,1350768175
1243,1174,1350785025
27,2323,1350808561
27,2758,1350809228
2516,2679,1350824281
2679,2516,1350824309
1349,829,1350827801
507,2008,1350829834
2008,507,1350829864
2008,1624,1350833809
1624,2008,1350833835
2559,2741,1350846846
2760,1970,1350848546
2744,2727,1350850170
2727,2744,1350850314
1681,2549,1350857486
1681,2467,1350857544
2233,2709,1350862260
2709,2233,1350862753
2746,1970,1350866298
2549,2233,1350866529
1970,2746,1350867070
1970,2760,1350867099
2549,1982,1350867641
2549,1517,1350868920
2252,2762,1350879961
2762,2252,1350880085
2762,2763,1350880693
2763,2762,1350880715
2486,2762,1350896962
2762,2486,1350896977
2759,2764,1350912551
2764,2759,1350912645
1517,2549,1350913467
2416,2570,1350917375
2559,2765,1350919095
2516,1624,1350923429
1624,2516,1350923466
2765,2559,1350925076
2727,19,1350927485
2758,27,1350929555
2765,2766,1350935026
1290,1747,1350939885
2767,1897,1350943023
2710,2750,1350945387
2750,2710,1350945431
2643,863,1350948488
863,2643,1350948494
2762,2770,1350953560
2770,2762,1350953719
2581,2651,1350953884
2769,1970,1350954583
2766,2765,1350959891
2153,265,1350959924
265,2153,1350959938
2771,1897,1350960019
2153,2737,1350960444
2153,2651,1350960470
2008,2200,1350960793
2616,2362,1350968416
2065,2758,1350968502
1970,2724,1350969775
1970,2762,1350969782
2762,2724,1350969817
2724,2762,1350970098
2724,1970,1350970109
2416,2772,1350983953
2762,1751,1350997162
1751,2762,1350997174
2759,70,1350999579
1683,2773,1350999608
70,2759,1351000925
2642,2762,1351003373
1940,2182,1351003531
2774,1897,1351006676
2570,2416,1351011697
1970,2602,1351015295
2602,1970,1351015338
1624,1679,1351016824
27,2754,1351017546
1642,1933,1351019112
1933,1642,1351019254
2776,1897,1351020994
2768,1897,1351022036
2759,2777,1351026465
863,2651,1351032064
2727,2778,1351032091
2778,2727,1351032125
1970,2779,1351038140
2762,2684,1351039616
2233,2549,1351039747
2684,2762,1351039887
1238,1748,1351042910
1238,1516,1351043251
2762,2642,1351045958
2781,2762,1351045977
2781,2643,1351046042
1843,2422,1351052532
2233,2651,1351056493
2233,1972,1351056616
2723,2782,1351060966
2782,2723,1351061080
2644,1755,1351061537
1755,2644,1351061628
2682,2783,1351066660
2783,2682,1351066764
1566,2773,1351082182
2780,1897,1351082916
2738,2784,1351083494
2784,2738,1351083527
2153,1970,1351094918
2566,2785,1351103803
2354,1897,1351108899
2643,2781,1351113549
1897,2786,1351116779
2611,265,1351118142
2775,1970,1351126317
2762,2773,1351126703
2785,2566,1351130326
42,2727,1351132722
42,1516,1351132795
42,46,1351132955
42,2153,1351133074
2651,2750,1351133507
2750,2651,1351133597
1970,2775,1351134890
2679,2526,1351143586
2443,1843,1351147124
265,2611,1351163604
2416,2766,1351164499
2766,2416,1351164630
2651,501,1351173435
501,2651,1351173464
2780,2313,1351173592
2313,2780,1351173954
2787,2313,1351175235
2313,2787,1351175258
2738,2788,1351177177
507,2616,1351182401
1897,2616,1351189157
2616,1897,1351189203
2616,1970,1351192024
2204,2710,1351192803
2710,2204,1351193013
1563,1755,1351193328
1755,1563,1351193447
1970,2790,1351197912
2425,1970,1351198552
2773,1837,1351199307
1837,2773,1351199322
2790,1970,1351206489
1970,2425,1351207758
203,2791,1351208103
203,1228,1351208142
2773,1566,1351210422
1970,2340,1351214503
1970,1975,1351216566
2668,2792,1351218072
2762,1970,1351222366
1970,2793,1351228058
2762,2795,1351237322
2795,2762,1351237403
2794,2762,1351240093
2762,2796,1351243045
829,1791,1351250069
1624,2797,1351256958
2797,1624,1351257045
1624,895,1351258726
2773,2798,1351259100
2798,2773,1351259302
1860,1624,1351264632
1624,1860,1351264862
1970,2752,1351266003
2752,1970,1351266139
1624,1681,1351267515
1681,1624,1351267563
2559,2788,1351271641
2773,42,1351272668
42,2773,1351272714
2779,2611,1351277653
2611,2008,1351279091
2779,1755,1351280463
1755,2779,1351280492
1970,2797,1351282670
2797,1970,1351282810
1755,2790,1351282964
1747,2737,1351284301
453,2685,1351287953
1970,2789,1351294484
2789,1970,1351294588
265,1764,1351295980
1759,506,1351297334
2646,2632,1351303858
2632,2646,1351304074
2084,1829,1351308745
2646,2531,1351309462
1829,2084,1351309857
2710,2153,1351310696
2799,2643,1351321808
2581,2100,1351322012
453,2800,1351323657
2100,2581,1351324210
2100,1143,1351324323
524,1575,1351340786
2773,2762,1351343716
2313,2801,1351348536
2801,2313,1351348780
507,2803,1351363209
2803,507,1351363251
1571,2804,1351363968
2804,1571,1351364697
99,1843,1351371150
1451,2098,1351372942
2611,2805,1351375350
1843,99,1351378953
1843,2806,1351379010
2806,1843,1351379092
2559,2807,1351379888
2233,2805,1351380062
2805,2233,1351380337
2807,2559,1351380678
2531,2646,1351385655
1760,1290,1351385725
1760,1228,1351385735
1760,2651,1351388669
1970,2808,1351398766
2808,1970,1351398862
1970,2568,1351399305
265,2773,1351434024
1987,1290,1351434131
2810,2803,1351436482
2803,2810,1351436538
1987,2803,1351438393
2803,1987,1351438424
1760,203,1351441621
2710,203,1351453835
2791,203,1351456101
2674,2566,1351464970
27,2785,1351469571
2204,1777,1351470255
2651,863,1351471386
895,1624,1351478498
2800,453,1351480621
452,2699,1351484525
2699,452,1351485362
1843,895,1351493686
895,1843,1351493691
2804,2812,1351515258
2812,2804,1351515497
1755,2344,1351531523
2344,1755,1351531600
1843,2444,1351534222
2116,1201,1351534909
84,2134,1351539933
2646,2643,1351540364
84,1439,1351540725
84,70,1351560069
2233,2813,1351566927
2153,2710,1351570724
2005,2809,1351571007
1843,2793,1351580504
2190,2710,1351580720
1897,2016,1351580808
2793,1843,1351580845
2710,2190,1351580922
1866,2416,1351597474
2416,1866,1351597573
2816,2773,1351607760
2416,2298,1351617562
2815,2279,1351624092
2279,2815,1351624540
2816,376,1351626752
2269,2571,1351627810
2571,2269,1351627880
2817,1897,1351628511
2695,2818,1351631734
2818,2695,1351632331
2559,2648,1351639270
2788,2559,1351640949
2116,1290,1351641754
1290,2116,1351641904
2526,2629,1351643549
2629,2526,1351643838
2788,1897,1351644127
2788,2738,1351644371
2065,2820,1351647262
2820,2065,1351647356
895,133,1351651113
2331,2646,1351653455
2793,2646,1351653491
2559,1897,1351655693
863,1897,1351655726
2265,2750,1351661759
2750,2265,1351661924
2788,2571,1351673190
2571,2788,1351673214
70,84,1351681058
27,2821,1351687253
2821,27,1351687382
2799,863,1351688421
2559,2822,1351689869
2799,2823,1351698715
2643,1960,1351707159
2824,1897,1351707204
2809,2005,1351707785
2559,2743,1351709060
84,1430,1351719138
84,2078,1351719151
2826,1897,1351721081
1970,2753,1351724602
2753,1970,1351724910
2233,2643,1351726066
2786,1897,1351727920
1364,2821,1351729411
2821,1364,1351729801
2786,2723,1351731433
1755,6,1351732738
6,1755,1351733352
895,863,1351737368
2233,2526,1351741462
2526,2233,1351741514
2723,2786,1351741765
2526,863,1351742797
863,2526,1351743259
2762,2794,1351756936
2822,2827,1351772951
2827,2822,1351773211
453,27,1351774433
2559,2827,1351779216
2827,2559,1351779218
2773,2816,1351786040
815,1866,1351786781
2559,2828,1351793950
2828,2559,1351794022
1970,1598,1351794121
1970,2829,1351796037
2016,2323,1351796280
2775,2116,1351820706
2116,2775,1351820803
2815,1755,1351825336
1755,2815,1351826029
2813,1755,1351831531
2830,2762,1351837519
1290,2832,1351855231
2832,1290,1351855348
2787,2822,1351861599
2822,2787,1351861697
2354,2559,1351873788
1536,1970,1351877661
2758,2065,1351878084
2141,1755,1351878434
1755,2141,1351878470
2822,1897,1351881010
1536,2834,1351882060
2354,2822,1351882273
2822,2354,1351882315
2765,1897,1351882347
2831,2833,1351888804
2775,2699,1351892047
2833,2831,1351895498
2559,2354,1351896872
2834,1536,1351898885
2699,2775,1351899938
1970,2834,1351901947
2834,1970,1351902317
1755,2835,1351907068
2835,1755,1351907211
1970,2836,1351915832
2836,1970,1351915870
27,2837,1351924007
2762,2838,1351936313
2838,2762,1351936439
2720,2833,1351943883
2838,27,1351954775
863,1760,1351960268
2233,2838,1351980294
2838,2233,1351980316
2643,453,1351980598
2333,53,1351992909
2200,2643,1351995041
2643,2200,1351995047
53,2333,1351998221
2233,2718,1352007711
2718,2233,1352008233
2840,1897,1352043443
1580,1338,1352051607
2559,19,1352063612
2559,2761,1352064430
2761,2559,1352064875
2743,2559,1352065754
2113,2842,1352070228
2559,2843,1352071514
1755,2315,1352085748
2315,1755,1352085799
2581,2116,1352089467
2116,2581,1352089530
2727,1970,1352091941
1970,2727,1352098309
84,2460,1352100279
2098,2138,1352106860
1601,27,1352115049
2519,2629,1352131140
2629,2519,1352131267
2116,2416,1352135732
2416,2116,1352135778
1683,2116,1352141581
2252,1580,1352146492
1580,2252,1352146662
2252,1755,1352146812
2252,2845,1352148371
2845,2252,1352148445
2065,2846,1352150857
2846,2065,1352151111
2846,2233,1352151174
2847,1229,1352156161
1843,507,1352156698
2233,2846,1352160511
1710,2848,1352166791
2775,2635,1352167058
2635,2116,1352167728
2635,2775,1352168071
2849,2252,1352168557
2252,2849,1352168612
1849,1747,1352169866
2233,2850,1352171774
2850,2233,1352172814
2692,2643,1352173663
1970,1785,1352174310
1785,1970,1352174335
2851,2849,1352175478
2849,2851,1352175533
2849,19,1352178676
2851,19,1352178691
2323,2852,1352184762
2809,2853,1352190779
2809,2710,1352197058
2773,2854,1352197070
2854,2773,1352197114
2809,2855,1352212412
2855,2809,1352212502
27,2856,1352217937
27,2838,1352217946
2754,27,1352221649
1202,1987,1352222568
1987,1202,1352222587
2519,2857,1352225481
2857,2519,1352225719
2643,2692,1352229338
1897,507,1352240683
507,1897,1352240702
2846,1755,1352240960
1755,2846,1352241011
1796,2579,1352244941
1673,1341,1352247696
2852,2323,1352261646
2710,2809,1352274731
552,2677,1352282209
2830,1897,1352285048
1897,2733,1352293192
1897,2739,1352293204
2204,1897,1352293743
2773,2861,1352293975
1897,2767,1352294824
1897,2747,1352294828
1897,2742,1352294856
1897,2771,1352294917
1897,2765,1352294936
1897,2774,1352295003
1897,2776,1352295123
1897,2354,1352295145
1897,2788,1352295165
1897,2817,1352295190
1897,1866,1352295197
1897,2824,1352295218
1897,2822,1352295247
1897,2840,1352295262
1897,2841,1352295268
1897,2768,1352295331
1897,2780,1352295350
1897,2826,1352295390
1897,2843,1352295429
552,1987,1352296840
1987,552,1352296843
2809,2516,1352298355
2516,2809,1352298387
1987,453,1352303554
863,2863,1352308462
2863,863,1352308478
2204,2864,1352308718
2864,2204,1352309992
1660,1580,1352317029
1580,1660,1352317037
2065,1760,1352318579
453,2643,1352320542
453,1987,1352320590
1897,2866,1352343289
2863,2775,1352343423
2866,1897,1352343583
2775,2863,1352343790
1866,1897,1352349836
265,2868,1352350129
1843,1785,1352351306
1785,1843,1352351575
1843,1143,1352352678
1866,2868,1352352725
1755,2853,1352358132
552,1755,1352360465
1755,552,1352360524
2651,2869,1352360824
2869,2651,1352360852
2679,2870,1352365263
2870,2679,1352365409
2870,2867,1352366026
2771,2871,1352379854
1755,2872,1352386360
2559,2776,1352392532
2776,2559,1352392660
507,1843,1352396626
863,2857,1352406853
2005,2204,1352407484
2204,2005,1352407488
2857,863,1352408496
2867,2857,1352412204
2857,2867,1352412339
2772,2416,1352414245
11,19,1352414354
2011,1562,1352417512
2566,2874,1352420627
1755,2050,1352421013
2566,2674,1352421552
2566,2526,1352421664
2566,2455,1352421795
99,2852,1352422466
2852,99,1352427004
2050,1755,1352430837
1755,1919,1352432699
2581,750,1352436878
750,2581,1352437228
1755,1855,1352441680
2643,2727,1352443418
2727,2643,1352443587
1535,1575,1352445406
2233,2853,1352445450
2853,2233,1352445593
27,2876,1352446475
27,2877,1352446496
2815,70,1352455325
70,2815,1352455388
1454,1481,1352481356
1481,1454,1352482009
2879,1349,1352483711
1349,2005,1352485637
2811,27,1352489127
1349,2852,1352489984
1897,2880,1352492483
2880,1897,1352494051
27,2881,1352503115
27,2852,1352503149
2881,27,1352503358
2105,2114,1352504374
2114,2105,1352504428
31,1755,1352506248
1755,31,1352506304
2852,27,1352508716
2882,2050,1352508868
2050,2882,1352508906
2852,1349,1352509247
2853,2643,1352519991
2643,2853,1352520104
2869,11,1352522124
2646,2793,1352522486
2509,2883,1352530854
2883,2509,1352532306
2853,2050,1352535016
2050,2853,1352535076
2720,2643,1352540894
2643,2720,1352540898
1760,863,1352564136
2720,31,1352565700
31,2720,1352566409
2127,2820,1352577991
2579,1796,1352580168
2651,1970,1352581837
11,2869,1352583385
2869,2695,1352584178
2695,2869,1352584603
11,750,1352584828
750,11,1352584828
2415,1970,1352586075
1970,2415,1352587512
140,2323,1352590681
2643,2813,1352594378
2820,2127,1352595919
2153,2857,1352598958
2710,1843,1352601024
1843,2710,1352601123
2869,2643,1352601472
2643,2869,1352601486
2643,2710,1352602088
2710,2643,1352602099
3467,1970,1352605966
1970,3467,1352606034
1970,2884,1352609124
2233,265,1352609160
2884,1970,1352609379
2869,2581,1352615127
2869,99,1352615141
2190,2844,1352641497
2844,2190,1352641511
2868,1866,1352645762
2020,2886,1352649394
2775,2643,1352661872
2886,2020,1352671908
2886,27,1352671918
2643,2775,1352676634
2651,1481,1352676993
1481,2651,1352677014
2839,1755,1352680105
2643,133,1352692540
133,2643,1352692553
1566,2323,1352711293
27,2887,1352713735
2887,27,1352713922
2481,2065,1352738201
2065,2888,1352743937
2509,820,1352749164
2885,2643,1352751916
27,2889,1352753803
27,2890,1352753812
2252,2885,1352757316
2885,2252,1352757358
2885,2839,1352763160
2839,2885,1352764241
1755,2270,1352769033
2270,1755,1352769766
2611,1755,1352771508
2878,1721,1352809057
1860,2892,1352810571
27,2893,1352816333
27,2687,1352817845
2893,27,1352824477
27,2894,1352824490
1562,2011,1352826921
2643,2885,1352833450
2651,2332,1352840723
2332,2651,1352840803
1897,2895,1352842687
2895,1897,1352842761
1897,2679,1352850239
2679,1897,1352850562
1843,2896,1352852064
2679,2852,1352852782
2896,1843,1352853327
2885,2897,1352855205
2885,2566,1352855296
2852,2679,1352857066
2897,2566,1352857373
2897,2885,1352857476
2566,2898,1352860545
2898,2566,1352860565
2839,2323,1352866535
2870,2643,1352874061
2870,1843,1352875791
1843,2870,1352876230
2559,2860,1352901925
2860,2559,1352901946
2687,27,1352904044
2014,2876,1352909732
1970,1580,1352920998
1580,1970,1352921000
2813,322,1352923959
2643,322,1352931139
1349,2899,1352934835
2899,1349,1352935132
2643,1349,1352935670
2323,2651,1352940183
2744,1970,1352941646
1970,2744,1352941698
1349,500,1352946375
2265,53,1352950117
53,2265,1352954264
2153,1843,1352954791
1843,2153,1352954952
2416,2222,1352974465
2222,2416,1352990741
2184,1507,1353000613
2857,2153,1353004939
2844,1454,1353006696
1454,2844,1353007007
1897,2900,1353010570
2900,1897,1353010736
1755,73,1353011196
73,1755,1353011286
1536,2901,1353014503
2901,1536,1353014585
1692,2849,1353017056
2849,1692,1353017114
2643,27,1353017672
27,2643,1353017686
1849,1425,1353019623
1425,1849,1353019929
2849,2902,1353020243
2902,2849,1353021339
2849,2903,1353021575
2903,2849,1353022185
2891,2116,1353022792
2116,2891,1353022830
2849,2200,1353024448
2200,2849,1353024505
2830,2849,1353027866
2008,2904,1353028551
2904,2008,1353033158
2233,2851,1353036458
2851,2233,1353036529
3467,1355,1353044111
2611,1970,1353044735
2153,1987,1353044894
2153,2813,1353044940
2323,2016,1353045267
2905,2849,1353046496
2849,2905,1353046523
2516,2904,1353052967
2904,2516,1353053173
27,2884,1353058225
2174,2871,1353081386
231,1755,1353085499
1755,231,1353087486
2332,1536,1353092065
2741,2559,1353104225
2710,1605,1353111644
2907,1536,1353118188
1536,2907,1353118300
2906,2651,1353119695
2651,2906,1353119768
1516,1755,1353122781
1755,1516,1353123092
2566,2897,1353124738
2566,2427,1353125427
2427,2566,1353125639
2643,2852,1353127640
2724,2566,1353133430
2566,2724,1353133468
2233,2516,1353143889
2516,2233,1353143893
27,2909,1353163193
1174,2910,1353167553
1174,2744,1353168042
1897,2911,1353172422
2911,1897,1353172689
2912,1897,1353173144
2744,1174,1353176838
2859,2913,1353185455
2913,2859,1353185457
1970,2643,1353185488
1755,2891,1353187569
1970,2914,1353196002
2566,2908,1353196164
2908,2566,1353196726
2908,484,1353198889
2571,2416,1353199592
2908,2915,1353201786
2848,2800,1353210155
2848,1710,1353210211
2800,2848,1353213970
27,2908,1353223195
2908,27,1353223227
2843,2916,1353245038
2916,2843,1353245169
203,2559,1353251037
2559,2917,1353256019
104,2255,1353258539
2255,104,1353258603
2486,2559,1353258641
2559,2486,1353258723
2559,2918,1353258751
104,2065,1353259387
2917,2559,1353259436
2915,1290,1353259846
2915,2908,1353260347
2915,2844,1353260960
1897,863,1353261260
2915,2843,1353262066
2918,2775,1353262557
2775,2918,1353262914
2566,2703,1353264559
2703,2566,1353264997
1970,2897,1353266069
2841,1897,1353269137
2646,1991,1353273913
1991,2646,1353273982
2679,2908,1353277913
2919,1349,1353278428
2920,1970,1353283445
2643,1970,1353286426
2116,2427,1353289944
2427,2116,1353290341
2910,1174,1353291659
2853,1755,1353298922
1970,2116,1353299943
1970,2692,1353300359
27,2921,1353306860
2123,27,1353308382
27,2123,1353311453
27,1841,1353311555
1755,2922,1353347354
2922,1755,1353347539
2791,2207,1353355659
2559,2787,1353361961
2787,2559,1353362004
2919,2190,1353366193
2233,2490,1353384751
2908,2679,1353385015
2490,2233,1353385030
2490,27,1353391847
1507,2184,1353406068
84,2925,1353411225
1860,2629,1353411811
2629,1860,1353411822
2896,2926,1353416501
27,2927,1353418140
2799,2926,1353420031
2775,2928,1353424030
2559,2929,1353424451
2299,1575,1353431306
501,2930,1353431451
2930,501,1353431501
2928,2389,1353435457
2925,84,1353437040
2365,2362,1353439505
2280,2921,1353443415
2921,2280,1353444653
2685,2362,1353447781
2859,1755,1353460962
1755,2859,1353460986
2233,2535,1353462233
2535,2233,1353462400
4,2901,1353463838
2901,4,1353464066
2323,2859,1353466886
2859,2323,1353466994
2323,2839,1353471279
2809,2679,1353479425
1838,2416,1353481099
2685,453,1353496443
2559,2932,1353498735
2067,1642,1353503078
27,376,1353504812
2416,2337,1353509804
2337,2416,1353510195
2930,1897,1353511153
2648,2559,1353514939
2416,1838,1353518655
2644,1843,1353519554
1843,2644,1353519567
2483,1290,1353520765
1897,2908,1353525220
2908,1897,1353525785
2836,1755,1353526392
1755,2836,1353526427
2813,2323,1353531946
2933,2611,1353537943
322,2141,1353547220
2141,322,1353547258
2200,1755,1353553770
2908,2200,1353554870
2200,2908,1353554907
2908,2065,1353555514
2065,2908,1353555652
2851,2859,1353557384
2859,2851,1353557434
2233,2875,1353559968
2875,2233,1353560351
2643,2651,1353561580
1843,2643,1353563258
2643,1843,1353563271
2362,1586,1353570977
2362,2685,1353571125
2679,2809,1353573174
2690,2629,1353576244
2629,2690,1353576359
2679,2881,1353591277
2881,2679,1353591293
2692,1970,1353593494
2571,2643,1353594417
2559,2934,1353600396
2934,2559,1353600502
2559,2657,1353602098
2657,2559,1353602809
2416,2818,1353603684
2818,2416,1353603812
2678,2935,1353604732
2935,2678,1353604824
1349,1517,1353606826
1897,2936,1353617602
2936,1897,1353617630
2337,2611,1353620206
2611,2337,1353620239
1764,2233,1353622422
2936,27,1353622457
1897,2937,1353645263
2207,2791,1353649701
2581,2611,1353649748
2935,1184,1353651237
2323,2710,1353651730
2710,2323,1353651790
2937,1897,1353654553
27,2939,1353663268
2416,2571,1353665592
2416,2938,1353667408
2559,2936,1353667892
2116,2750,1353679050
2116,2692,1353679232
2935,1970,1353679597
2939,27,1353681090
2692,2116,1353681242
2935,2809,1353684308
2809,2935,1353684462
265,2416,1353686172
1897,2279,1353695699
2279,1897,1353695760
376,27,1353699558
2050,2935,1353701983
1897,178,1353703239
265,1897,1353705515
1897,265,1353705566
2938,2690,1353707385
2938,27,1353707576
2938,2416,1353707906
1970,2943,1353709551
2943,1970,1353709636
133,2852,1353711233
2852,133,1353711293
2897,1970,1353720537
2809,2804,1353722173
2804,2809,1353722279
2611,2933,1353723354
1642,1897,1353729775
1897,1642,1353729808
1184,2935,1353733671
2651,1760,1353737637
1970,2536,1353740569
2536,1970,1353740624
1843,2116,1353749487
2116,1843,1353749669
2844,1843,1353756025
2720,2944,1353771936
2944,2720,1353772500
2801,2559,1353772529
2559,2801,1353772565
1624,2903,1353777503
2903,1624,1353777744
2813,2942,1353782326
1970,481,1353786548
1970,2813,1353788415
2813,1970,1353788456
2566,2946,1353791152
2844,2252,1353801885
2252,2844,1353801899
1970,2486,1353807406
2486,1970,1353807493
2942,2813,1353809737
1273,2793,1353820271
2793,500,1353827934
1755,2947,1353827943
7,2948,1353828233
2948,7,1353828306
1274,2924,1353829721
2323,1605,1353833109
1174,18,1353833182
27,2949,1353836805
1731,2207,1353840864
2690,2950,1353847536
2690,2938,1353847547
2690,2745,1353847551
1349,99,1353858307
2844,2611,1353866383
2611,2935,1353866954
1970,2050,1353868243
1897,2548,1353878452
27,2951,1353878715
1897,2442,1353879054
2951,27,1353879708
2233,2844,1353880713
2643,2952,1353887412
2952,2643,1353887419
1970,1692,1353891743
1970,2651,1353891785
1970,2609,1353892856
1970,2678,1353892948
1970,2287,1353893010
2643,2953,1353894110
2953,2643,1353894149
483,1843,1353897341
1843,483,1353897350
27,1414,1353929041
1566,2955,1353933231
70,2270,1353935602
2935,2050,1353942527
1516,2804,1353946222
2804,1516,1353946528
2956,2065,1353948433
2611,2581,1353948807
2844,2581,1353948810
2935,2611,1353948853
2118,2065,1353948997
2858,1897,1353956925
7,2114,1353957776
2114,7,1353958403
1566,2957,1353958530
2957,1566,1353959605
1174,1562,1353962634
1562,1174,1353963471
481,1970,1353967657
1897,2934,1353975897
1897,2959,1353976105
2959,1897,1353976521
483,1642,1353979478
1642,483,1353979770
2566,1755,1353980258
1755,2566,1353980323
454,1290,1353981103
2793,1970,1353985700
1970,2952,1353987427
2952,1970,1353987609
27,2960,1353997306
7,2852,1354011022
2957,2961,1354019902
2305,2962,1354020118
2869,2305,1354020456
2690,2963,1354026681
2690,2964,1354026686
2960,27,1354031918
1566,2219,1354034406
2852,7,1354037159
1970,2852,1354048181
2852,1970,1354051100
1580,1667,1354051247
2961,2957,1354051472
1897,2966,1354052355
1897,2965,1354052375
2966,1897,1354052490
2351,1897,1354053731
1897,2351,1354053743
1987,2793,1354054491
2793,1987,1354054629
2793,2611,1354055907
2611,2793,1354056399
1897,2807,1354058058
1843,2968,1354061193
2566,2323,1354061475
2566,1897,1354063244
1897,2566,1354063254
1897,2970,1354063788
2970,1897,1354063869
2870,2566,1354064429
2566,2870,1354064604
1897,2648,1354065334
1897,2323,1354065538
2643,2870,1354066477
2611,2643,1354066583
6,1970,1354067737
2629,1843,1354068467
6,1318,1354068531
6,10,1354068541
6,1,1354068551
1843,2629,1354068618
2963,2690,1354073222
2963,27,1354073583
2207,1731,1354075937
2793,2050,1354078138
2793,2857,1354078166
2750,2679,1354079378
1341,1159,1354079953
2323,2050,1354080648
2050,2323,1354080806
2581,1821,1354082148
2581,1274,1354082172
1755,2789,1354082503
2323,2857,1354082524
2789,1755,1354082599
2265,2971,1354082708
2971,2265,1354082739
2809,2971,1354084668
2971,2809,1354084674
2581,11,1354085648
2942,2323,1354086512
2323,2942,1354086719
2065,2602,1354087481
2602,2065,1354087740
31,3467,1354091262
3467,31,1354091421
2020,2219,1354099965
1566,2172,1354101674
2172,1566,1354101689
2965,1897,1354101816
1897,2313,1354103162
2313,1897,1354103377
27,112,1354108870
112,27,1354112971
112,1566,1354113316
1566,112,1354113477
2750,2116,1354122356
2679,2750,1354123291
2918,2972,1354124373
2870,27,1354133431
27,2870,1354133513
2571,2559,1354136924
2903,2882,1354140420
2882,2903,1354140441
2943,2973,1354142143
2973,2943,1354142207
1290,2190,1354144912
2190,1290,1354144929
2679,2611,1354145565
2611,2651,1354147537
2611,273,1354147543
2323,19,1354147925
2943,19,1354147973
1777,2651,1354160757
2651,1777,1354160771
2323,1760,1354165884
2566,2975,1354167268
2975,2566,1354167284
2976,2918,1354184095
1566,27,1354187523
1566,1174,1354187556
2918,2977,1354188432
2977,2918,1354188465
1698,2798,1354197912
2798,1698,1354198000
1698,1536,1354198200
2943,2775,1354203758
2775,2943,1354204044
1897,2978,1354208899
2978,1897,1354208924
1897,2912,1354208945
1897,2932,1354212614
2932,1897,1354212737
1897,2743,1354216410
2743,1897,1354216699
1897,2979,1354218310
2979,1897,1354219453
1755,2615,1354220065
2141,2954,1354221528
2954,2141,1354221565
1897,2980,1354223253
2980,1897,1354224915
1897,2981,1354226140
2981,1897,1354226426
2981,2559,1354226888
2559,2981,1354227028
1673,2982,1354230683
1897,2983,1354234702
2983,1897,1354234979
507,2982,1354236165
2943,2984,1354236400
2984,2943,1354236582
2648,1897,1354240925
2566,2789,1354243626
2789,2566,1354245391
73,2982,1354253434
2793,1273,1354262177
1624,1925,1354289145
1925,1624,1354289382
1516,1341,1354294969
1516,1605,1354295072
1755,2985,1354302111
2985,1755,1354302220
2323,2566,1354306558
1843,2852,1354307464
2852,1843,1354308018
2559,2802,1354309944
2870,1897,1354310387
1897,2870,1354310418
1755,2337,1354312356
2695,1290,1354317048
2337,1755,1354317133
976,1856,1354319162
1856,976,1354319282
76,976,1354323870
976,76,1354323914
2852,2643,1354325259
1755,2942,1354340252
2942,1755,1354340356
2571,2905,1354341417
2905,2571,1354343628
27,2963,1354363111
1601,2313,1354376127
203,2690,1354386475
2116,2566,1354389149
2566,2116,1354389234
1987,2116,1354389500
27,2490,1354392380
2566,1777,1354392600
2987,2808,1354396086
3467,2943,1354396760
2943,3467,1354396812
1897,2988,1354398362
2271,2566,1354401896
2566,2271,1354401957
2566,2851,1354402699
150,2566,1354405240
2566,150,1354405741
2566,2853,1354407875
1897,2989,1354408816
1679,1911,1354409027
1911,1679,1354409049
2989,1897,1354409723
2891,1755,1354413471
2611,1290,1354425433
2643,2809,1354428549
154,1755,1354431629
154,2008,1354431884
2692,27,1354439994
27,2990,1354440052
1984,2992,1354467872
2771,2993,1354477631
2993,2771,1354477717
1777,2793,1354478556
2793,1777,1354478560
2935,2994,1354483449
1897,2974,1354484586
2974,1897,1354484937
2994,1681,1354485769
203,2566,1354486450
2566,203,1354486453
863,2566,1354495373
2566,863,1354495393
1849,265,1354503235
265,1849,1354503291
1970,2750,1354504050
1,92,1354515266
92,1,1354515447
2643,2611,1354515991
2690,1290,1354525653
2690,203,1354525666
2233,2679,1354527859
2679,2233,1354528762
2690,2997,1354536358
2935,2998,1354548470
2918,2976,1354564543
2323,2813,1354571221
2761,1897,1354573360
1897,2761,1354573365
2065,186,1354575922
186,2065,1354575995
2566,2999,1354578369
2999,2566,1354578398
1290,2994,1354585107
2994,1290,1354585356
815,2994,1354586890
2994,815,1354586899
2204,2229,1354587696
2566,2994,1354590920
2994,2566,1354590976
815,3000,1354591821
3000,815,1354592246
3000,2690,1354594009
3000,27,1354594034
2065,2566,1354597831
2566,2882,1354599038
2566,2065,1354601702
2679,2065,1354603803
27,3001,1354605470
2679,1959,1354609734
2928,1955,1354610522
3467,2987,1354612510
2987,3467,1354613259
2132,2204,1354617383
3002,2690,1354631595
31,2005,1354635679
2005,31,1354635704
2313,1601,1354639057
27,3003,1354653899
976,1238,1354654272
1238,976,1354654278
2651,660,1354672957
660,2651,1354673390
2566,3003,1354674033
1273,2611,1354675141
2736,1755,1354679185
2566,3004,1354679353
1755,2736,1354679458
3004,2566,1354679558
2566,3005,1354681869
3005,2566,1354682000
2853,2566,1354683780
1624,1755,1354685904
3003,2566,1354687677
2994,3004,1354694392
3004,2994,1354694422
2643,2844,1354701915
2233,3007,1354704766
3007,2233,1354704954
2918,3008,1354707143
3008,2918,1354710663
2918,3009,1354711777
3009,2918,1354712455
27,2692,1354722788
27,3010,1354722806
27,3011,1354722813
2566,3012,1354724974
3012,2566,1354724976
453,3001,1354730239
453,2629,1354730367
3013,1679,1354730458
3013,1692,1354730474
2629,453,1354730891
2566,3000,1354732124
1290,3003,1354738035
1414,27,1354744480
2467,3000,1354748294
3000,2467,1354748325
2973,2566,1354748460
2566,2973,1354748512
2566,2408,1354758098
2775,454,1354758235
1349,1683,1354758288
454,2775,1354759440
2806,2566,1354762155
3001,453,1354767450
3000,2323,1354767618
3001,2323,1354768842
2323,3001,1354769201
2982,454,1354769298
3467,3000,1354772537
3000,3467,1354772604
2982,2942,1354773110
2942,2982,1354773238
3000,2815,1354779370
3467,2750,1354789472
2750,3467,1354789546
3467,3015,1354792919
3015,3467,1354793019
2732,1174,1354797482
2997,2690,1354802864
3467,2878,1354805834
2878,3467,1354805856
2065,511,1354811017
511,2065,1354811076
1843,3016,1354814036
3016,1843,1354814078
1307,2928,1354818139
2519,2065,1354819339
3003,1290,1354822357
3003,27,1354822376
27,3017,1354824107
3017,27,1354824213
2571,3018,1354829117
2614,2844,1354830404
2844,2614,1354830424
1454,2408,1354831420
2408,1454,1354831453
2994,3000,1354834938
3000,2994,1354834998
2762,2750,1354842258
2852,2695,1354845412
2695,2852,1354845527
2486,1897,1354846536
2323,3000,1354846795
2857,2323,1354849408
2982,3020,1354854013
3020,2519,1354854075
2868,265,1354860545
2536,2994,1354862777
2994,2536,1354862822
27,3021,1354864878
2750,2050,1354868500
2050,2750,1354868601
2323,2815,1354873251
454,378,1354873707
454,2138,1354873751
1955,2928,1354885113
1955,3022,1354885197
3022,2467,1354893862
3022,3025,1354893913
3022,2732,1354893933
3022,2559,1354894012
27,3000,1354900280
27,2408,1354900304
27,3002,1354903093
1516,2323,1354906864
2323,1516,1354906912
2323,2752,1354907439
2752,2323,1354907492
2981,3022,1354908557
2945,2058,1354909649
2945,2559,1354909670
3467,2994,1354910113
2994,3467,1354910200
2566,3031,1354910216
1290,1642,1354910233
1642,1290,1354910256
2559,2945,1354910348
3031,2566,1354910828
2988,1897,1354912898
2988,2313,1354913664
2870,191,1354914430
1174,2732,1354914596
976,2870,1354915169
1843,3032,1354916436
1843,2851,1354917879
2851,1843,1354918182
3032,1843,1354919830
2750,2994,1354920834
2994,2750,1354921842
3021,27,1354924102
2809,3033,1354931569
1777,2643,1354932148
2643,1972,1354932403
2566,3034,1354933246
2643,2679,1354933297
2679,2643,1354933314
3034,2566,1354933428
2643,2905,1354934176
2643,2646,1354937531
2905,2750,1354939828
2905,2643,1354939973
3000,2566,1354943631
2229,2566,1354949347
2566,2229,1354949409
2750,2905,1354961501
1972,2844,1354969397
2844,1972,1354969437
2928,1307,1354974400
2643,176,1354995692
176,2643,1354995779
2566,2339,1354996705
1972,2643,1355005216
976,2920,1355008229
6,976,1355010314
976,6,1355010343
6,1777,1355010982
1777,6,1355011052
3035,2011,1355011403
3467,1710,1355016791
1710,3467,1355016899
3033,2809,1355018105
226,1234,1355020780
2838,191,1355024169
976,2838,1355025797
3020,2982,1355026675
2643,2762,1355026855
976,3020,1355027216
2775,2809,1355027220
3020,976,1355027588
2643,1755,1355032547
1755,2643,1355032813
2233,3037,1355047976
2058,2945,1355050282
2058,27,1355050397
2750,2695,1355053934
2690,3000,1355057104
2690,3006,1355057112
3038,2690,1355057423
2053,3039,1355072933
217,976,1355081675
976,217,1355081701
2643,2116,1355081842
2116,2643,1355081865
453,2690,1355082695
2643,3040,1355086157
217,3041,1355087772
3040,2643,1355088177
1747,1970,1355090458
2775,1987,1355092983
2690,453,1355095452
2750,2762,1355100138
2982,2690,1355100630
2566,3042,1355102175
2643,2750,1355102177
3042,2566,1355102429
2643,2736,1355103460
2736,2643,1355103487
552,2566,1355105830
2566,552,1355105849
3040,3043,1355107635
2566,3467,1355110445
3043,3040,1355113293
2994,2914,1355113421
3467,2695,1355117614
2695,2750,1355117712
2695,3467,1355117753
2643,2757,1355126365
2851,1747,1355130319
3467,3044,1355146847
3044,2313,1355146850
2050,3044,1355146907
2313,2988,1355146927
2050,830,1355146955
2313,3044,1355146992
2416,3045,1355147174
27,3030,1355150766
27,3046,1355150782
27,3006,1355150802
27,3047,1355150821
3039,2053,1355152338
815,1689,1355153583
3029,2313,1355158979
2313,3029,1355158983
2566,3038,1355160599
2762,1843,1355160884
1843,2762,1355160906
3038,2566,1355161305
1347,1011,1355161613
1234,226,1355163031
976,1347,1355163211
1347,976,1355163853
1970,1843,1355172187
2971,1755,1355176727
1755,2971,1355176730
2323,2098,1355187346
2942,2566,1355193339
1689,3048,1355194547
1747,3049,1355194673
1747,2851,1355194727
3049,1747,1355194820
2566,2942,1355194873
1689,815,1355195138
1689,324,1355195404
2152,2467,1355195575
2566,3014,1355195654
3048,1689,1355195663
1689,409,1355195814
3014,2566,1355196037
2994,269,1355198736
1860,2994,1355206803
2994,1860,1355206881
1679,1624,1355218355
2977,2313,1355224090
2313,2977,1355224196
2416,2827,1355229320
2690,3038,1355232156
2690,3002,1355232166
2827,2416,1355233176
1689,106,1355235776
409,1689,1355235888
2408,2566,1355240135
976,1454,1355243119
1454,976,1355243119
1843,501,1355245358
501,1843,1355245359
3029,2918,1355247940
2775,1321,1355247970
2918,3029,1355248039
3029,2981,1355253013
2981,3029,1355253059
2808,2987,1355257336
2918,2817,1355261796
2817,2918,1355261882
2828,2416,1355265169
3029,2566,1355267371
1,1760,1355268337
2566,3051,1355276283
3051,2566,1355276307
7,3051,1355284116
3051,7,1355284300
1679,2467,1355300545
2416,3053,1355304414
976,3054,1355330247
3054,976,1355330528
1987,2775,1355331049
1755,1700,1355332880
1700,1755,1355332927
3029,3055,1355337133
3055,3029,1355337502
2571,3056,1355338336
3056,2571,1355338884
2994,2935,1355339050
2994,959,1355339346
2566,3029,1355347032
976,2875,1355348446
2323,3052,1355348497
2875,976,1355348521
2994,1982,1355355037
1307,1715,1355358894
2566,2801,1355367263
2801,2566,1355367309
2566,2651,1355369264
2734,2566,1355374303
2566,2734,1355374339
2252,2566,1355378351
1747,2229,1355404939
2229,1747,1355405392
2559,3058,1355411865
3058,2559,1355411919
3029,2571,1355419959
1897,3029,1355426018
3029,1897,1355426237
976,1516,1355434521
976,3467,1355434683
2736,976,1355446962
1970,1834,1355461845
1834,1970,1355461959
1970,2668,1355463044
2668,1970,1355463412
2762,3060,1355467365
3030,27,1355477580
2878,2809,1355499112
2945,3056,1355500361
3056,2945,1355500665
2229,7,1355505676
2559,2780,1355506175
2780,2559,1355506463
1755,2675,1355525882
2675,1755,1355526163
1290,1536,1355530613
1536,1290,1355530624
2809,3062,1355534557
815,3063,1355538502
3063,815,1355538543
6,1575,1355540573
2566,3064,1355548469
27,3065,1355561260
27,3064,1355561273
27,3053,1355561280
27,3066,1355561289
27,3067,1355561300
27,3068,1355561322
2679,3029,1355574952
3029,2679,1355574960
2918,3069,1355575936
1897,2065,1355579841
1897,2298,1355586369
2298,1897,1355586461
2065,1897,1355587635
2802,2559,1355588753
1689,1955,1355588846
1955,1689,1355589333
2065,3051,1355592678
2298,2313,1355594500
3029,3060,1355599317
133,1725,1355603631
1725,133,1355603653
2566,3070,1355607621
3070,2566,1355607650
3060,3029,1355608370
2455,1642,1355610006
3002,27,1355615396
2882,2566,1355616906
506,1307,1355617732
3061,2050,1355619996
2050,3061,1355620186
3071,2050,1355621542
2050,3071,1355621558
2566,3072,1355621867
3072,2566,1355621898
3013,2566,1355623981
2566,3013,1355624129
3071,2233,1355634756
2116,3467,1355635960
3467,2116,1355637516
1897,2486,1355666510
1843,3074,1355688874
3074,1843,1355688902
1849,1341,1355689419
1341,1849,1355689438
1897,3073,1355689765
3073,1897,1355689855
3071,2566,1355698382
2679,2011,1355699085
2679,27,1355699499
3071,1755,1355701692
3071,453,1355701785
976,269,1355706023
269,976,1355706263
2566,3075,1355709657
3075,2566,1355709716
1215,3072,1355712346
3072,1215,1355712396
2994,1785,1355712880
2994,1143,1355712960
976,3037,1355723203
1710,1755,1355723289
1755,1710,1355723537
1755,2581,1355724897
2581,1755,1355724953
3071,3076,1355735396
2994,301,1355737939
2994,2127,1355738033
2313,2298,1355739654
2408,27,1355747924
1897,3055,1355755739
3055,1897,1355756209
2011,2679,1355765479
3078,976,1355771394
3078,2942,1355775211
2415,2629,1355776092
2629,2415,1355776221
2942,3078,1355776438
3069,2918,1355781232
2182,3079,1355786438
3079,2182,1355786532
1897,3080,1355792178
3080,1897,1355792718
976,164,1355797960
164,976,1355797975
2065,2611,1355798315
2611,2065,1355799202
2643,1679,1355800856
2851,2566,1355801994
1804,1642,1355812218
2994,2868,1355826907
2868,2994,1355826968
2994,1202,1355828191
1202,2994,1355828206
1619,2923,1355842097
2923,1619,1355842194
976,3081,1355845161
1897,2858,1355847887
27,2629,1355858952
2629,27,1355859306
1970,1801,1355861068
2994,3082,1355867250
3082,2994,1355867365
1970,3083,1355871454
2643,3084,1355872810
3084,2643,1355872902
3083,3085,1355873230
3085,3083,1355873257
2651,2566,1355875025
1897,2972,1355876709
314,1970,1355882152
1970,314,1355882848
2323,552,1355894437
552,2323,1355894445
976,2868,1355894676
2868,976,1355894719
2323,3038,1355906004
3038,2323,1355906362
2416,2936,1355912689
2936,2416,1355912978
2936,2559,1355913312
2679,3086,1355938327
861,1959,1355942264
976,3078,1355945539
2243,1228,1355948390
1228,2243,1355948405
27,3087,1355952780
27,3088,1355952789
3087,27,1355952911
3087,3089,1355952960
2566,3090,1355953044
3090,2566,1355953059
1228,3091,1355953561
3091,1228,1355953590
1897,3092,1355954957
3092,1897,1355955005
1516,3092,1355955034
1307,3092,1355955083
3092,1307,1355955180
3092,1683,1355955365
3092,291,1355955482
3092,22,1355955574
1349,1897,1355957783
42,1349,1355957994
27,2457,1355959366
976,3093,1355965643
3093,976,1355965705
2629,688,1355965904
688,2629,1355965911
1785,1143,1355967664
3084,1970,1355969244
1970,2566,1355974515
1804,1747,1355981272
1747,1804,1355981296
1764,265,1355982327
3092,1516,1355996772
2313,3094,1356016504
3038,3096,1356019836
3096,3038,1356020132
2844,2566,1356021838
3096,3097,1356021965
2566,2844,1356021981
3097,3096,1356025600
2635,2804,1356029455
2804,2635,1356029480
2566,324,1356029722
324,2566,1356029732
1935,3083,1356030498
1755,1536,1356031437
1755,3094,1356034895
1843,3082,1356036051
2465,3084,1356036342
3082,1843,1356036728
976,3082,1356037963
1228,3038,1356040706
3038,1228,1356040803
2298,3098,1356042051
3098,2298,1356042085
2584,3083,1356047688
2844,191,1356048379
2581,2844,1356048439
976,2844,1356049454
2844,976,1356049491
1318,976,1356049502
2141,1777,1356057768
1777,2141,1356057783
2425,1755,1356061243
1755,2425,1356062322
688,1679,1356063567
1970,2948,1356063572
1679,688,1356063649
2071,1162,1356063866
2948,1970,1356064682
2916,1897,1356064794
1897,2916,1356064988
1970,2905,1356071184
2905,1970,1356071247
27,3099,1356088540
27,3100,1356088556
27,3101,1356088563
27,3102,1356088571
3094,2313,1356097164
3094,1755,1356097386
1785,3103,1356098448
2204,2844,1356105718
2844,1777,1356105834
1970,3097,1356106745
3097,1970,1356107404
3103,1785,1356109301
2571,2828,1356112116
2828,2571,1356112171
356,1755,1356117439
1755,356,1356118161
1755,3104,1356118703
3104,1755,1356118760
2559,2571,1356121690
2718,1228,1356131494
1228,2718,1356131527
2751,1012,1356149431
1970,2882,1356159675
2882,1970,1356159778
1755,3105,1356160480
3105,1755,1356160658
2918,3106,1356184698
3106,2918,1356185113
3107,409,1356189984
3083,1935,1356198778
3083,2584,1356198886
3107,3108,1356201905
3108,3107,1356202007
3108,1689,1356202104
1970,3051,1356202239
3074,2549,1356202598
2549,3074,1356202619
2566,1228,1356203275
1228,2566,1356203339
3051,1970,1356205010
1970,3109,1356207290
3109,1970,1356207436
1689,3108,1356214324
2994,3040,1356219098
2233,2611,1356219375
2611,2233,1356221439
2566,177,1356222208
177,2566,1356222211
314,1928,1356228470
99,2491,1356252013
2979,2571,1356279345
1755,3038,1356282562
3038,1755,1356282774
2566,3110,1356288268
3110,2566,1356288335
3038,1507,1356291600
3109,3038,1356293477
3038,3109,1356293684
2754,3109,1356295267
3109,2754,1356295296
3018,2571,1356295464
2566,3111,1356300254
2566,2907,1356300290
1507,3038,1356300951
3081,3112,1356306493
2649,2566,1356321651
2566,2649,1356322191
2571,2979,1356333136
3114,524,1356337647
1755,3115,1356337687
3115,1755,1356337876
3115,27,1356337901
27,3116,1356338001
2416,3117,1356341600
3117,2416,1356342124
2416,2828,1356348153
524,3114,1356350341
1755,2023,1356370967
1755,3118,1356372555
3118,1755,1356372720
42,1202,1356377862
1843,42,1356384210
2465,1755,1356385312
2941,1897,1356391164
1777,976,1356391564
1777,2323,1356393688
1843,2270,1356393779
2270,1843,1356393786
2943,3119,1356394378
3120,3085,1356406901
1318,2,1356408279
1318,206,1356408285
1318,129,1356408305
1318,185,1356408357
1318,99,1356408430
1318,22,1356408530
1318,154,1356408628
1318,1405,1356408633
99,1349,1356408634
99,1318,1356408660
99,154,1356408703
99,206,1356408743
99,185,1356408758
99,129,1356408761
99,140,1356408770
99,1405,1356408792
140,99,1356408814
140,1318,1356408909
140,1405,1356408933
140,1349,1356408975
99,1760,1356409975
1202,42,1356436473
2775,42,1356446921
3121,3122,1356456514
3122,3121,1356456535
1349,3123,1356466495
2844,2762,1356468583
1843,2734,1356468833
2734,1843,1356468868
1843,3081,1356473033
3081,1843,1356473637
2098,2323,1356476237
3121,3111,1356477959
452,3096,1356478714
976,2340,1356480360
3111,3121,1356483616
3085,3111,1356492800
3111,3085,1356493575
322,3125,1356499777
3085,2818,1356501494
3111,3126,1356503891
3126,3111,1356504103
2323,2581,1356506179
2581,2323,1356506248
452,2081,1356513628
3121,1755,1356515149
2172,452,1356515304
3099,27,1356516683
3121,1860,1356516910
1860,3121,1356516935
409,87,1356537373
2116,1987,1356542733
2081,452,1356546791
2611,2566,1356555840
2611,3127,1356557079
976,3128,1356557956
3127,3129,1356558741
3129,3127,1356558859
3128,976,1356561222
2566,3129,1356564018
3129,2566,1356564528
1571,3121,1356566939
3121,1571,1356567022
3121,3127,1356567064
3127,3121,1356567115
3127,2611,1356567582
2750,3113,1356569763
3113,2750,1356569832
1571,2455,1356572816
3085,1755,1356577722
1755,3130,1356590122
3130,1755,1356590835
2750,2948,1356591023
2948,2750,1356591731
2750,2868,1356601555
2868,2750,1356601628
2559,3131,1356614819
3131,2559,1356614842
3125,3127,1356622880
1571,2181,1356626517
2181,1571,1356626635
3078,19,1356630052
2679,19,1356630308
3085,3121,1356634605
3121,3085,1356634719
3127,3132,1356639441
3132,3127,1356639481
1970,2931,1356641010
1843,2958,1356644435
1891,2750,1356645287
2750,1891,1356645300
2958,1843,1356645592
976,3133,1356646719
3133,976,1356646882
3111,3134,1356652110
1642,506,1356664564
1970,2679,1356670320
2455,1571,1356680237
2679,1970,1356682883
2416,3136,1356688932
2918,3137,1356699792
2918,3136,1356703426
2298,2918,1356708216
2918,2298,1356708261
3136,2416,1356713553
2839,1970,1356714188
3012,2750,1356714519
1970,2839,1356715531
2750,3012,1356718489
1516,3127,1356718745
3127,1516,1356718770
3078,1174,1356720819
2750,1516,1356722306
2750,2332,1356722886
1516,2750,1356722966
2332,2750,1356722969
3136,2918,1356723174
1897,3095,1356723488
3095,1897,1356723529
496,1321,1356725015
2844,3107,1356727961
1571,3012,1356729573
3012,1571,1356729599
3121,19,1356730541
3012,3138,1356731525
3138,3012,1356731591
3012,3121,1356732561
3121,3012,1356732592
1970,2118,1356736344
2118,1970,1356736496
2098,1516,1356740277
1516,2098,1356740324
1849,1843,1356740933
1843,1849,1356740990
2323,2415,1356743350
1970,3086,1356743404
976,3139,1356745320
3139,976,1356745561
3139,1307,1356747887
1321,496,1356748157
3139,496,1356748359
3140,3127,1356753407
3127,3140,1356753479
2233,1679,1356757707
1777,3127,1356759142
3127,1777,1356759147
3061,3127,1356761481
1679,2643,1356761687
2233,3141,1356762925
3141,2233,1356763519
3086,2679,1356768112
1349,42,1356789102
1991,3142,1356793423
3142,1991,1356793456
1970,3061,1356794062
3061,1970,1356794854
2187,1755,1356800085
1755,2187,1356800450
1755,3143,1356800587
3143,1755,1356801384
3022,2354,1356803757
3022,669,1356803864
3022,2694,1356803888
3022,1689,1356803925
2948,2566,1356809473
2918,2980,1356809927
1480,1307,1356814460
3012,1364,1356814704
1364,3012,1356814733
3085,2372,1356815349
2372,3085,1356815396
3119,2943,1356816851
507,2994,1356818313
3127,3061,1356818314
2994,507,1356818578
2643,3127,1356822581
3113,1777,1356825963
1777,3113,1356826079
1349,1480,1356828627
3146,442,1356831077
976,2008,1356832717
2008,191,1356832720
1970,6,1356833506
6,511,1356834141
511,6,1356834173
6,2566,1356835679
3051,2065,1356836075
3081,3147,1356841067
27,3115,1356863421
2559,3148,1356877856
2559,3149,1356886986
3149,2559,1356887087
3149,3148,1356887472
2907,2566,1356899579
2780,3148,1356901143
3134,3111,1356915281
1970,2611,1356915724
2643,2581,1356917013
2581,2643,1356917594
3085,3134,1356923929
3134,3085,1356924284
1751,1970,1356925502
1970,1751,1356925503
506,3150,1356960713
3111,2118,1356977526
3113,976,1356978114
976,3113,1356978156
1642,1349,1356978806
1228,2549,1356981684
976,3121,1356988108
3121,976,1356988249
3127,3151,1356993144
3151,3127,1356993196
3083,1970,1356994277
1755,1215,1356995188
3127,3152,1356995204
1215,1755,1356995217
3152,3127,1356995318
3083,1480,1356996877
3127,2643,1357006389
2128,2059,1357011890
1970,2695,1357012859
2695,1970,1357031913
1755,1911,1357071003
1911,1642,1357071362
3074,2566,1357073556
3040,2994,1357077318
2323,1355,1357083244
2354,2981,1357084255
2354,3148,1357084282
1355,3467,1357097446
1355,2323,1357097487
1355,863,1357097563
1355,501,1357098066
1355,42,1357098621
42,1355,1357098648
2323,3153,1357106585
3153,2323,1357106693
2127,1755,1357107180
2397,2398,1357108075
27,3154,1357111160
3083,3155,1357111303
3155,3083,1357111419
3038,2581,1357112352
2581,3038,1357112486
2323,2376,1357116341
2376,2323,1357116700
1755,2127,1357133509
3107,2844,1357144835
3157,3127,1357153814
3127,3157,1357153845
2116,3127,1357153866
3127,2116,1357153999
1349,688,1357157124
1349,1605,1357159179
1349,140,1357159211
1349,1566,1357159263
1349,76,1357159306
1349,1642,1357159328
3127,2065,1357159613
1349,1056,1357159663
3127,3156,1357160148
2643,2354,1357163098
976,2643,1357165593
2354,3158,1357166561
3158,2354,1357166581
3127,3159,1357168319
3159,3127,1357168391
2566,3127,1357169110
3127,2566,1357171924
3158,3127,1357176219
3127,3158,1357176262
3085,3127,1357181306
3085,2566,1357185838
2571,2945,1357231305
2945,2571,1357231491
2888,2065,1357235354
31,3162,1357239703
3162,31,1357239736
1970,3163,1357243055
3163,1970,1357243100
3157,27,1357243206
976,2865,1357245106
2865,976,1357245225
2566,3074,1357246123
3157,3161,1357247128
2736,1970,1357255812
1970,2736,1357255862
3164,2566,1357258354
2566,3164,1357258539
2891,2566,1357259176
2566,2891,1357259178
1897,2940,1357261702
2940,1897,1357261776
3161,3147,1357262567
3147,3161,1357262629
2233,2891,1357267948
2566,3165,1357272479
3165,2566,1357273588
1866,2559,1357280855
2233,3083,1357285523
3083,2233,1357285550
3006,27,1357288851
3006,2690,1357288878
376,3167,1357294723
3167,376,1357294852
1745,2695,1357299873
2695,1745,1357299881
1745,31,1357305086
31,1745,1357305259
1745,1516,1357313850
1516,1745,1357313890
2825,2918,1357316935
1745,1228,1357320523
1228,1745,1357320557
3028,3022,1357331368
2323,3022,1357331542
2967,1897,1357336946
1897,2967,1357336981
1290,3161,1357343233
3161,1290,1357343261
2918,3168,1357345794
3168,2918,1357345860
3161,2433,1357348683
2433,3161,1357349764
2058,3169,1357351878
2643,3107,1357352180
3169,2058,1357352382
3107,2643,1357352401
3161,3134,1357355661
3134,3161,1357356026
3134,2566,1357356280
2566,3134,1357356692
3051,2851,1357357319
2851,3051,1357357383
3074,2695,1357358969
2695,3074,1357361679
3170,2695,1357383412
27,3171,1357385319
27,3172,1357385330
27,3158,1357385342
31,3173,1357402154
3012,3124,1357412902
3124,3012,1357412959
3012,2118,1357413953
2118,3012,1357414034
2918,3174,1357414461
3147,3175,1357416646
3175,3147,1357416801
3161,1480,1357417835
2566,1925,1357419610
3173,31,1357419728
3161,3083,1357424968
3161,2566,1357430813
2566,3161,1357433797
1252,1228,1357437935
1228,1252,1357437978
2204,2958,1357438823
3142,2233,1357441349
2233,3142,1357441373
976,2229,1357441522
2810,2233,1357441788
1970,3177,1357454435
3177,1970,1357455557
2723,265,1357457810
27,3157,1357461095
3162,27,1357461882
27,3162,1357462462
2536,3012,1357468165
3012,2536,1357468171
2868,2549,1357483093
2571,3178,1357489599
3178,2571,1357489810
2566,3179,1357490718
2566,2643,1357493796
2643,2566,1357496822
2455,18,1357501822
2643,976,1357508821
2354,2643,1357509231
2695,2566,1357519833
2566,2695,1357521444
1970,3180,1357521729
2566,3180,1357522532
3180,2566,1357522700
3083,3161,1357540481
133,1349,1357544478
1349,133,1357544488
2581,1349,1357546368
1349,2581,1357546484
2981,3148,1357575327
1860,3006,1357576682
1755,42,1357579568
2416,3182,1357579685
2233,2810,1357584238
2233,1355,1357584294
2233,2323,1357584363
2233,1318,1357584415
976,3183,1357586082
3183,3184,1357586118
3183,976,1357586137
1970,3181,1357587469
2651,3181,1357587485
2465,2581,1357588612
27,397,1357589387
976,1987,1357593460
1507,2323,1357594391
2323,1507,1357594424
1970,3107,1357601030
3107,1970,1357601059
1987,976,1357601723
3084,2465,1357609148
1970,3074,1357611481
3074,1970,1357611623
2566,3185,1357613890
3185,2566,1357614045
3185,1843,1357614985
1970,31,1357616008
31,1970,1357616074
1843,3185,1357616496
976,2695,1357622783
2695,976,1357622803
976,2271,1357624268
3142,2629,1357651569
2629,3142,1357651596
2629,3186,1357661621
3186,2629,1357662491
976,3074,1357664525
3074,976,1357664814
2844,1535,1357667727
2050,3187,1357676979
3187,2050,1357677028
2566,1915,1357678111
1535,2844,1357678983
2011,3189,1357679190
1915,2566,1357679269
3189,2011,1357679855
2914,191,1357682236
2323,2695,1357682559
2986,1897,1357682891
1897,2986,1357690450
2116,2323,1357692479
2323,42,1357693402
3090,1755,1357694530
1755,3090,1357694583
2233,2005,1357707658
2005,2233,1357707682
1252,2566,1357709184
2566,1252,1357709263
3121,3191,1357719787
3191,3121,1357719832
27,3192,1357733350
27,3193,1357733363
2566,3194,1357747171
3194,2566,1357747544
1755,3195,1357751569
3107,3196,1357753392
3196,3107,1357753499
2065,3197,1357763337
3197,2065,1357763428
3197,235,1357763449
688,2566,1357764442
2566,688,1357764468
3192,27,1357766747
2994,2128,1357772390
2365,2323,1357777913
2323,2365,1357777946
2851,2643,1357783966
2233,2200,1357784679
2200,2233,1357784833
2566,31,1357792494
31,2566,1357792582
235,3197,1357793236
217,1642,1357795931
2566,3200,1357796488
11,2928,1357800352
2643,1890,1357806083
1890,2643,1357806153
2643,2233,1357806507
2695,2891,1357809079
2695,2323,1357809616
1897,2827,1357812581
2827,1897,1357812917
2172,3201,1357820109
3198,3148,1357830198
2559,3198,1357831599
3082,976,1357833522
1516,2204,1357833865
3198,2559,1357835851
3038,2994,1357846996
2994,3038,1357849612
2994,496,1357849831
2059,2128,1357863390
2418,2566,1357864967
2233,2327,1357886271
2327,2233,1357886346
2566,2327,1357887375
2327,2566,1357887422
3012,688,1357892208
688,3012,1357892232
3081,3202,1357897303
3006,1860,1357918049
3137,2918,1357924821
2931,1970,1357925950
1970,1679,1357926678
3145,1228,1357927490
1228,3145,1357927601
3145,3183,1357933124
3183,3145,1357933486
3201,2172,1357939035
1228,3192,1357957503
3192,1228,1357957777
3107,2233,1357964656
2233,3107,1357964821
1228,3184,1357967528
3184,1228,1357967581
2643,3051,1357970647
1755,2875,1358007716
2875,1755,1358009050
3197,3107,1358021713
3203,1987,1358029739
1987,3203,1358029740
3203,2323,1358031829
2571,1897,1358035619
31,3204,1358037008
3204,31,1358037242
2566,2914,1358040154
1290,1273,1358042082
2851,1755,1358045194
1755,3205,1358049654
3205,1755,1358049806
2200,2750,1358055199
2200,3096,1358057851
3096,2200,1358057921
2750,2200,1358062086
1987,3206,1358084994
3206,3207,1358086433
3207,3206,1358086473
2313,3208,1358092107
3208,2313,1358092254
2566,3204,1358097357
3204,2566,1358097392
2065,3209,1358112396
1785,2465,1358123158
3121,2262,1358123297
2262,3121,1358125133
2815,3210,1358128066
3210,2815,1358128385
2643,2141,1358134207
2141,2643,1358134234
2643,1777,1358134312
3006,1970,1358140178
1970,3006,1358140234
2262,2643,1358140375
2643,1747,1358149048
3467,1747,1358149681
1747,3467,1358149850
2571,3211,1358155917
3211,2571,1358156005
3107,3197,1358167103
2860,1897,1358169182
1897,2860,1358169186
27,3212,1358179942
27,3213,1358179963
2065,3215,1358187693
3215,2065,1358187797
3215,1755,1358187848
3102,27,1358188090
2643,3214,1358194381
3214,2643,1358194393
3046,27,1358197477
3046,1566,1358197486
2793,2065,1358198722
2643,2571,1358198942
3107,1689,1358199162
3209,2065,1358201480
27,3097,1358201538
2914,976,1358203790
976,3204,1358205537
3204,191,1358205666
324,1321,1358211956
269,2050,1358213576
2050,269,1358213604
269,2323,1358217637
2323,269,1358217668
3096,452,1358227379
3204,3217,1358228646
2914,1970,1358228770
3217,3204,1358228989
2643,3125,1358231897
3125,2643,1358231953
3214,3218,1358264655
2981,3219,1358266226
3175,3220,1358266902
2967,2559,1358282745
27,3221,1358284850
3222,1970,1358286897
1970,3222,1358286964
1970,3223,1358287351
3223,1970,1358287412
2065,3006,1358295667
2780,2571,1358296810
2233,3204,1358297985
3204,2233,1358298043
1755,3224,1358299618
3224,1755,1358299841
3153,1970,1358301672
1970,3153,1358301955
2643,1516,1358305926
1516,2643,1358306021
976,3225,1358309868
3225,191,1358315878
3225,976,1358315946
3035,2323,1358318177
2323,3035,1358318445
2255,3214,1358319674
3214,2255,1358320529
3218,3214,1358345422
3006,2065,1358351157
1970,2629,1358351650
2629,1970,1358351705
1566,3226,1358352825
1970,2868,1358356416
2868,1970,1358356448
3091,2566,1358358696
1683,2507,1358361536
2566,3227,1358366092
2807,1897,1358370257
1897,2772,1358371001
2772,1897,1358371209
2229,976,1358375517
1755,3228,1358376918
31,2323,1358380025
2323,31,1358380069
42,25,1358382656
25,42,1358382666
1970,3229,1358386882
3229,1970,1358387640
1785,3214,1358387772
3214,1785,1358387967
3220,1970,1358389893
2372,3230,1358401704
3230,2372,1358401738
3006,3214,1358408648
3214,3006,1358410004
3226,1566,1358413240
1516,3214,1358438161
3214,1516,1358438480
3231,815,1358438998
2566,3091,1358441259
3221,27,1358455199
815,3231,1358456758
1760,2775,1358457615
3222,19,1358457650
1747,2928,1358469734
2870,2065,1358478825
3232,3006,1358479068
2065,2870,1358479499
2065,3232,1358480579
3232,2065,1358480677
2323,3214,1358492302
3214,2323,1358492345
2172,376,1358513491
2928,1747,1358518854
2737,1747,1358519181
2737,1897,1358519248
3214,2204,1358530672
2982,3227,1358532776
3006,3233,1358541837
3233,3232,1358541997
3233,3006,1358542143
2566,3234,1358545699
3234,2566,1358545801
2204,3235,1358547351
3235,2204,1358547435
2994,1228,1358548948
1228,2994,1358568248
2815,3236,1358570896
3236,2815,1358571201
2270,2998,1358580061
2323,2200,1358580183
2200,2323,1358580267
2313,3148,1358604170
2559,2313,1358604306
2507,1683,1358605134
2507,1307,1358605215
3231,1605,1358608580
1274,1605,1358608757
3231,1274,1358610620
3095,3208,1358623722
3234,1970,1358625655
1970,3234,1358625710
3208,3095,1358626497
2566,3237,1358629756
3237,2566,1358629816
2233,3238,1358646324
2065,3239,1358648165
2204,2233,1358648700
976,3240,1358662293
2065,11,1358662337
2916,3241,1358704185
2918,3241,1358705132
2011,3001,1358707626
1480,1481,1358713615
1480,3242,1358713624
1480,3161,1358713691
1480,2236,1358713745
1480,3083,1358713793
1480,1349,1358713825
3242,1480,1358714020
28,453,1358720342
1710,3243,1358721006
3243,1710,1358723420
1689,3244,1358723783
3143,2372,1358724506
2372,3143,1358724644
3205,3245,1358726487
3245,3205,1358726531
27,3246,1358727059
27,3247,1358727075
27,3248,1358727088
42,2323,1358727776
3244,1689,1358728807
1970,2323,1358728873
3227,3245,1358737527
3245,3227,1358737539
3001,2011,1358742137
2065,3249,1358746051
3035,2566,1358746052
3249,2065,1358746067
1755,976,1358748533
3240,976,1358754004
2740,2559,1358770284
2740,2981,1358770359
2740,2918,1358770383
2740,2354,1358770447
1897,3238,1358770499
3238,1897,1358770644
3097,27,1358770847
2313,1777,1358789531
2851,3107,1358796062
3107,2851,1358796115
976,3250,1358796997
3174,2918,1358798487
1290,3250,1358800028
3250,1290,1358800102
3252,2566,1358800696
2011,3035,1358801222
2932,2559,1358801594
2932,3148,1358801649
14,1234,1358804426
2182,3253,1358806490
3253,2182,1358806719
1755,1667,1358823843
1667,1755,1358823877
3250,976,1358825618
3083,3250,1358829003
3250,3083,1358829156
3255,3250,1358831655
2219,1566,1358851597
2219,2020,1358851614
2918,2945,1358863952
2945,2918,1358864121
2416,3247,1358867166
3247,2416,1358867333
2271,976,1358880736
2323,2116,1358882655
2465,1785,1358886591
3184,3204,1358890438
3204,3184,1358890447
2581,3256,1358893444
3204,2492,1358895965
2492,3204,1358896004
1290,2243,1358898867
2243,1290,1358898882
3204,3124,1358903095
3124,3204,1358903234
3124,2566,1358905756
3162,2566,1358906489
2204,3214,1358913752
2233,3214,1358913800
3152,3250,1358914520
3250,3152,1358914565
3197,191,1358927627
3184,27,1358930646
1174,3257,1358941739
3220,3258,1358941885
3175,3258,1358942064
2873,2918,1358943838
2827,3148,1358945428
3219,2981,1358957518
3250,1785,1358962933
1785,3250,1358962975
3239,2065,1358963631
2809,2878,1358971464
976,3255,1358971721
3255,976,1358971734
1970,1290,1358981543
2065,2793,1358981729
2193,3259,1358987590
2566,3260,1358993499
3260,2566,1358993533
1755,3259,1358996630
3259,1755,1358996750
2566,3262,1358996815
3254,2566,1358996934
2566,3254,1358996972
3262,2566,1358997019
2581,1112,1358998879
2233,2952,1358999770
2952,2233,1359000008
3237,2584,1359002324
3237,3263,1359002422
3235,3250,1359004528
3138,3250,1359004691
3250,3138,1359004716
3250,3235,1359004805
3261,1795,1359004908
2584,3237,1359005798
2678,1341,1359007499
1341,2678,1359007517
3124,27,1359031920
1829,976,1359032294
27,3124,1359034349
976,1829,1359041612
3216,3201,1359060179
2844,2981,1359065335
1795,2065,1359070096
2065,1795,1359070185
1795,1710,1359077999
1710,1795,1359078167
2566,3124,1359082439
1516,1785,1359086480
1785,1516,1359086566
1777,2265,1359091521
2265,1777,1359091570
2058,3257,1359107369
1349,815,1359116413
3265,1349,1359137372
1290,2958,1359141603
3201,3216,1359144637
2204,3125,1359146060
3125,2204,1359146248
2865,2065,1359152252
1010,2566,1359152987
2265,976,1359156597
976,2265,1359156684
2994,3250,1359157575
2994,177,1359157846
3138,19,1359159121
1010,1970,1359160121
1970,1010,1359160190
688,863,1359160796
863,688,1359160809
2566,1010,1359165043
976,3086,1359168208
2566,3266,1359174239
3266,2566,1359174397
3051,3267,1359178140
3267,3051,1359178523
3051,2233,1359179904
1349,3186,1359211609
3186,1349,1359211712
1642,2507,1359214843
3083,2566,1359215132
2566,3083,1359215200
2566,3255,1359215750
2566,2682,1359217889
2682,2566,1359217909
2415,2323,1359223275
1970,3269,1359224977
3269,1970,1359226313
2065,3270,1359238524
3270,2065,1359238747
3125,3124,1359243998
3124,3125,1359244036
1516,1897,1359261955
1747,45,1359273661
27,3272,1359281930
27,3184,1359281947
1307,2507,1359295809
1307,1995,1359295952
1290,2389,1359307740
2058,1897,1359308456
3121,3124,1359313832
2559,3273,1359315197
3273,2559,1359315408
3273,3148,1359315837
3274,2566,1359320731
164,3270,1359327676
3270,164,1359327685
1866,2959,1359331228
2959,1866,1359331478
2994,3255,1359332075
2323,3176,1359337871
1777,1747,1359343628
507,3275,1359344547
3275,507,1359344679
2,3276,1359344943
2415,3251,1359344999
1516,1710,1359346397
1710,1516,1359346414
507,3267,1359347503
3267,507,1359347558
507,3083,1359354711
3083,507,1359354766
1897,2327,1359371691
2327,1897,1359371752
1566,3277,1359372038
27,3264,1359377277
511,1970,1359384420
1970,511,1359384447
3083,3259,1359389813
3259,3083,1359389913
1274,2581,1359394534
1274,2204,1359394584
1274,2844,1359394591
2581,2204,1359394758
3273,2981,1359395449
2050,31,1359396312
31,2050,1359396317
3263,3107,1359399814
1571,3107,1359401323
3107,1571,1359401382
2571,2780,1359407576
1970,2065,1359407752
1897,3279,1359408190
3279,1897,1359408397
1174,2818,1359408707
3235,3251,1359412196
3251,3235,1359412760
1692,2994,1359413288
1364,2323,1359414010
1970,3251,1359415323
2815,3280,1359418032
3280,2815,1359418043
133,2372,1359425974
2372,133,1359426036
2566,3281,1359426163
3281,2566,1359426196
2566,3282,1359429060
3282,2566,1359429082
2415,3022,1359429119
3283,191,1359436950
3264,27,1359479885
27,3284,1359481134
3247,2981,1359488177
2332,3270,1359488667
3270,2332,1359488890
3270,3233,1359489456
2065,3233,1359489684
3233,2065,1359490045
3233,3270,1359490109
2566,3285,1359492710
3285,2566,1359492765
976,3180,1359498462
3180,976,1359498528
552,976,1359499749
976,552,1359499797
2134,1143,1359513902
2134,1683,1359513943
2134,1960,1359514155
2134,84,1359514276
2134,45,1359514509
2134,1287,1359514762
1987,3286,1359538676
3286,1987,1359538858
1897,2559,1359551716
1897,3148,1359552025
2616,3165,1359553611
1897,2873,1359553929
2873,1897,1359554280
976,2038,1359565676
2038,976,1359565850
3124,3121,1359569592
1892,3287,1359573485
2113,1679,1359573705
3287,1892,1359573747
1679,2113,1359576636
2571,3095,1359577651
3095,2571,1359577795
27,2811,1359581230
2566,3113,1359583675
3113,2566,1359584080
1480,1427,1359584898
1970,3288,1359588298
3288,1970,1359588854
3165,2616,1359592544
2233,3290,1359595413
1970,3289,1359602642
2372,2853,1359608677
2128,3250,1359609317
2566,3156,1359611867
2815,2814,1359614519
2814,2815,1359614738
2815,3016,1359617646
3016,2815,1359617672
3235,2914,1359617701
3257,2365,1359633486
3257,2364,1359633513
3257,2685,1359633546
3257,1174,1359633637
3257,2058,1359633898
2058,507,1359634600
1897,2058,1359641396
1349,1777,1359641636
1777,507,1359650619
507,2058,1359650750
507,1777,1359654835
1970,3292,1359656305
2566,3293,1359660993
3293,2566,1359661101
1970,2243,1359669451
2571,3294,1359670268
3294,2571,1359670335
2404,2566,1359673980
2566,2404,1359674199
3211,1897,1359676246
1897,3211,1359676269
3086,976,1359679226
2566,3295,1359682579
3295,2566,1359682666
11,31,1359683074
31,11,1359683097
3051,3296,1359688783
3296,3051,1359688803
31,3297,1359689354
3297,31,1359689496
3046,3298,1359693618
2566,1764,1359702075
1764,2566,1359702322
3285,3299,1359704657
3299,3285,1359705414
27,3289,1359721644
3289,1970,1359725796
27,2682,1359727700
2875,2549,1359729018
2134,2389,1359737213
501,1970,1359745039
3288,27,1359746591
27,3300,1359746608
27,3302,1359746654
2773,265,1359747882
27,3204,1359754339
2415,27,1359757969
27,2415,1359758040
1571,3264,1359758051
3264,1571,1359758568
2699,1454,1359766029
1454,2699,1359766070
104,2116,1359772198
2116,104,1359772266
2699,104,1359772696
104,2699,1359772701
2679,976,1359775549
2270,3304,1359776412
2415,2270,1359779196
2270,2415,1359779198
1580,1829,1359791011
1829,1580,1359793592
2699,3306,1359799889
3306,2699,1359801363
3298,3046,1359808556
27,2699,1359811058
2699,27,1359814544
2853,2372,1359858512
2853,2809,1359861847
2699,11,1359885931
11,2699,1359886103
11,3308,1359887317
3308,11,1359887365
2699,2233,1359888799
2417,2809,1359907956
2809,2417,1359908182
1970,3309,1359909876
3309,1970,1359909930
3309,27,1359910154
3204,27,1359911480
3095,2918,1359917867
2699,2566,1359923463
2566,2699,1359923471
3467,2566,1359925314
2699,2058,1359927603
976,3310,1359930372
3222,3311,1359941023
3255,1764,1359942188
1764,3255,1359942275
2058,2699,1359980964
2065,3312,1359995013
3312,2065,1359995032
27,3059,1359998978
2005,3467,1360001877
3467,2005,1360001889
2868,3107,1360006406
2793,976,1360007907
1307,3313,1360016642
2566,1571,1360019567
1571,2566,1360019650
2566,3030,1360021586
3030,2566,1360021652
2575,1755,1360028004
1755,2575,1360028066
1970,3314,1360030761
3314,1970,1360030895
976,2118,1360031997
2118,976,1360034443
3307,2566,1360052826
2566,3307,1360052834
2571,3055,1360065392
3055,2571,1360065652
2873,2616,1360079199
2065,1589,1360080726
1589,2065,1360082058
3107,2907,1360092585
2907,3107,1360092624
27,3288,1360094530
27,3309,1360094540
1571,976,1360099409
976,1571,1360099436
2116,3316,1360099737
3222,2566,1360102562
2566,3222,1360102628
3316,2116,1360104664
1692,2270,1360116083
976,2526,1360120152
2526,976,1360120208
1843,1272,1360130744
2065,2323,1360135221
2323,2065,1360138855
11,2750,1360141742
11,269,1360185556
1272,1843,1360185585
3107,3255,1360191090
3255,3107,1360191295
2566,3315,1360193128
3315,2566,1360193256
3255,2994,1360194916
2566,3317,1360197425
3317,2566,1360197534
2566,3318,1360199395
3318,2566,1360199494
2566,3119,1360202100
3119,2566,1360202395
1143,3319,1360203533
3250,3255,1360210871
1970,1764,1360219227
1480,1683,1360230800
27,3320,1360237015
27,3321,1360237034
27,2270,1360237047
27,3322,1360237062
1970,2169,1360247254
3255,3323,1360270283
3323,3255,1360270353
1571,2333,1360275619
2333,1571,1360276313
3322,27,1360281105
1642,1683,1360286163
2566,3323,1360286785
3323,2566,1360287750
2566,11,1360289115
11,2566,1360289176
2067,2679,1360292350
2204,3255,1360302228
3255,2204,1360302284
11,2868,1360309229
2868,11,1360309241
2467,2750,1360318057
3211,2918,1360323606
2918,3211,1360323685
688,3107,1360339326
3107,688,1360339408
2050,1777,1360341418
1777,2050,1360341476
3271,2566,1360342265
2566,3271,1360342651
2243,3255,1360348932
3255,2243,1360349515
2988,2918,1360350849
2918,2988,1360353882
2566,3125,1360357140
2750,2467,1360357364
28,3324,1360362775
3324,28,1360362929
3324,1571,1360363633
1970,11,1360373420
1970,3199,1360374161
3199,1970,1360374202
2566,3325,1360375619
2566,3326,1360378563
11,3327,1360381103
3327,11,1360386603
3326,3329,1360389750
3329,3326,1360389787
1307,2262,1360406396
2262,1307,1360406704
2008,1451,1360414207
1987,3319,1360414403
3319,1987,1360414493
3313,1307,1360414552
2172,1307,1360424097
2875,3107,1360428553
3107,2875,1360428592
1349,2918,1360431113
2918,1349,1360431336
2457,27,1360435360
3330,2372,1360438238
2372,3330,1360439640
27,3331,1360439923
27,3332,1360439942
2566,3309,1360441521
3309,2566,1360441549
2566,3288,1360442688
3288,2566,1360442809
2566,1451,1360443313
1451,2566,1360443336
3097,3333,1360450497
3255,3051,1360452709
3051,3255,1360454502
2566,3329,1360457179
3205,1843,1360469626
3333,3097,1360490937
2327,11,1360496926
11,2327,1360496952
2559,3334,1360504767
2050,2566,1360507994
1970,3271,1360514519
3271,1970,1360514548
1349,1307,1360516374
3222,2809,1360527309
2809,3222,1360527311
3334,2559,1360527988
1970,3335,1360528048
3335,1970,1360528118
1843,3205,1360528465
3260,3336,1360534632
3336,3260,1360534651
3336,2566,1360536281
1451,1683,1360537690
1683,1451,1360537757
2566,2549,1360538244
1710,3338,1360538553
3338,1710,1360538663
3336,2492,1360540053
2492,3336,1360540123
31,3336,1360540395
3336,31,1360540402
1683,1642,1360541049
2809,3156,1360548422
3156,2809,1360549171
1970,3327,1360554242
3327,1970,1360554302
31,1272,1360556839
3250,3340,1360564238
3340,3250,1360564313
3327,27,1360570210
2362,2134,1360580742
2362,2928,1360581517
3257,1502,1360581719
2928,2362,1360591217
1755,2549,1360591931
2549,1755,1360591962
2918,3341,1360597906
3341,2918,1360597966
3107,11,1360608208
11,3107,1360608273
1970,3145,1360611922
3307,2065,1360615806
2065,3307,1360616535
1502,1174,1360618747
1502,3257,1360618779
2065,3342,1360625531
3342,2065,1360625754
1516,3343,1360630615
3343,1516,1360630759
3335,2566,1360634741
2566,3335,1360634768
2566,2415,1360635824
2415,2566,1360635883
3337,2566,1360637284
2566,3337,1360637445
3344,3250,1360643928
3346,2809,1360654284
2233,2868,1360662424
2868,2233,1360662647
3345,3250,1360665758
2067,1307,1360669575
2809,2775,1360682991
3145,1970,1360684024
3255,1755,1360690112
1755,3255,1360690183
1290,3327,1360701753
3327,1290,1360701832
2008,3347,1360708016
3332,27,1360708403
2566,3332,1360710000
3332,2566,1360710192
2566,2906,1360711848
1860,11,1360712971
3107,3348,1360713010
3348,3107,1360713071
2566,1860,1360715095
2809,3231,1360717465
3231,2809,1360717674
2566,3135,1360718279
3319,3349,1360718354
3349,3319,1360719282
2615,1755,1360720933
1785,3350,1360724190
3350,1785,1360724563
2566,3274,1360730722
2233,1563,1360730852
1563,2233,1360730965
2536,2566,1360737295
2566,2536,1360737327
2467,2868,1360741387
27,3352,1360741431
27,3338,1360741439
2868,2467,1360741485
2584,3353,1360758538
3353,2584,1360759029
1970,2187,1360785743
31,3316,1360790251
1349,3354,1360792220
3354,1349,1360792291
976,2679,1360795707
1897,2999,1360799550
3255,2566,1360801093
1290,3006,1360801303
3006,1290,1360801331
2809,1290,1360801532
1290,2809,1360801575
3051,3250,1360814621
3250,3051,1360814750
1349,3204,1360818351
3204,1349,1360818384
11,3355,1360822926
3355,3356,1360822971
3356,3355,1360823085
976,3197,1360823183
2323,3357,1360823874
3188,2362,1360850733
3036,976,1360871453
1571,3324,1360879876
27,3327,1360883329
27,3358,1360883338
2566,3359,1360885359
2566,3270,1360887820
3270,2566,1360887845
3319,2810,1360888733
976,133,1360888791
133,976,1360888815
2810,3319,1360888931
3250,3330,1360889355
3330,3250,1360889534
11,3207,1360894695
2753,3361,1360899769
3361,2753,1360899799
3255,1318,1360908891
1755,1580,1360910263
2584,3324,1360937461
3324,2584,1360937546
3207,1480,1360940235
3207,11,1360941612
1349,3083,1360941822
3083,1349,1360941858
3330,2809,1360954105
1970,3362,1360956492
3362,1970,1360956712
2581,2609,1360969303
1774,1755,1360972203
2809,3363,1360973938
2008,322,1360978068
1349,3364,1360984893
3364,1349,1360985057
2809,3365,1360986916
3365,2809,1360987419
3051,2643,1360988327
1970,3366,1360990981
3366,1970,1360991476
2750,3235,1360996459
3235,2750,1360996642
2918,3367,1361024488
3367,2918,1361024589
3366,27,1361029318
1970,2851,1361034368
2851,1970,1361034383
442,1777,1361038829
1777,442,1361038832
442,3325,1361043647
1710,3328,1361045638
1970,3002,1361050082
2526,1571,1361053412
1571,2526,1361053741
976,324,1361054783
2809,3369,1361056141
3369,2809,1361056316
2809,2865,1361056872
2865,2809,1361056979
3370,2526,1361066586
2526,3371,1361068943
3371,2526,1361068952
3370,2809,1361070659
2526,2809,1361072170
2809,2526,1361072248
1970,2809,1361079003
3250,3344,1361079418
1970,2646,1361081116
2646,1970,1361081133
3293,3224,1361101238
3224,3293,1361101485
2526,2891,1361118268
2891,2526,1361118299
3263,2566,1361118408
3096,3372,1361126588
3372,3096,1361126631
1897,3373,1361127340
3335,3251,1361136223
3335,3278,1361136235
3323,2323,1361138356
2323,3323,1361138430
3002,1970,1361139279
27,3361,1361139293
3006,3232,1361141805
2008,3374,1361147407
2566,3375,1361151608
3375,2566,1361151633
3338,3326,1361152996
3326,3338,1361153022
2566,2187,1361154327
2187,2566,1361154356
1710,2084,1361162243
2182,442,1361163771
3339,1920,1361163891
3467,976,1361164776
3261,191,1361170645
976,191,1361170685
3250,3305,1361173147
3305,3250,1361173210
99,1,1361174669
2809,2233,1361191513
27,3216,1361192171
2809,3376,1361194479
2005,3107,1361199828
3107,2005,1361199847
2809,3377,1361205506
3377,2809,1361205691
2981,3378,1361210343
3378,2981,1361210349
1500,976,1361216259
2465,1843,1361216538
2809,3160,1361217185
3160,2809,1361217379
3339,3261,1361217701
3339,976,1361217714
1692,1755,1361218639
1755,1692,1361218703
976,3261,1361219746
1843,2456,1361220436
2456,1843,1361220584
976,1500,1361222828
27,3379,1361229449
2566,3190,1361231943
3303,2566,1361238844
3261,976,1361242118
3293,1567,1361243601
1567,3293,1361243788
2526,3190,1361246501
3190,2526,1361246542
1451,1567,1361248218
2233,1567,1361248622
1567,2233,1361248914
2067,3319,1361249699
2809,3346,1361253862
3379,27,1361263140
27,3380,1361264894
3380,27,1361265164
1480,3319,1361273567
3319,1480,1361273754
3325,3381,1361275389
3381,3325,1361275469
2671,2065,1361275537
3381,3382,1361276092
3325,3382,1361276225
3382,3381,1361277006
3382,3325,1361277160
3381,3378,1361283087
3383,3382,1361283538
2559,3384,1361284070
3382,3383,1361284095
1,1174,1361284724
3378,3381,1361285818
2671,3231,1361288071
3231,2671,1361288075
1516,1355,1361297690
1355,1516,1361297750
3383,507,1361305413
507,2323,1361308820
2671,2404,1361311694
2404,2671,1361311701
2566,3322,1361313405
2566,3386,1361313543
3322,2566,1361313547
2566,3387,1361313761
3387,2566,1361313935
3386,2566,1361314289
3386,27,1361314437
2566,1992,1361316061
1992,2566,1361316123
2559,3388,1361320917
2809,3389,1361329606
3389,2809,1361329753
2526,3346,1361335895
3346,2526,1361335946
11,1580,1361343252
1580,11,1361343282
3376,3391,1361365160
3391,3376,1361366073
3006,2809,1361374375
2809,3006,1361374380
2671,318,1361378853
2981,3392,1361383786
3392,2981,1361383803
3392,3393,1361383933
3392,1897,1361383966
27,3282,1361385513
3282,27,1361385560
3328,1710,1361390516
2809,3338,1361392302
3338,27,1361393536
2671,2200,1361393616
2200,2671,1361393627
688,1764,1361395499
2809,1747,1361396755
3393,3392,1361398928
2323,3203,1361405039
2566,3394,1361408803
3394,2566,1361408835
265,2255,1361411537
2372,3250,1361412382
3250,2372,1361412448
1516,1935,1361412489
3006,3250,1361420608
3250,3006,1361420821
3250,3395,1361420871
2467,2200,1361421964
2200,2467,1361422083
688,976,1361424597
1935,1516,1361431805
3376,2809,1361443473
3293,1,1361463192
1,3293,1361468203
3396,2918,1361472013
2918,3396,1361472040
976,3391,1361483889
3391,976,1361483905
3180,1970,1361484581
2981,2571,1361484849
2571,2981,1361484918
2571,3273,1361484943
3273,2571,1361485064
2243,3250,1361486541
3250,2243,1361487336
3353,1795,1361490111
660,2566,1361498879
2566,660,1361499383
660,164,1361499571
164,660,1361499661
2566,3291,1361500190
3291,2566,1361500288
1580,1755,1361505923
293,3385,1361548831
2243,1341,1361549308
1341,2243,1361549492
2809,3399,1361550302
3399,2809,1361550348
3362,3400,1361551555
3400,3362,1361551606
3327,1580,1361557191
1580,3327,1361557227
2752,1755,1361559157
1755,2752,1361559197
1246,963,1361559618
2809,3250,1361563719
3250,2809,1361563758
3029,293,1361567416
3338,1364,1361572890
1364,3338,1361572952
1272,1747,1361576474
2809,2891,1361578495
2891,2809,1361578538
1764,688,1361581438
1970,3348,1361582819
3348,1970,1361583035
3096,2323,1361596597
2323,3096,1361596632
1710,2868,1361603461
2868,1710,1361603557
3397,27,1361619998
1349,3002,1361636316
3002,1349,1361636351
2699,1755,1361647615
1755,2699,1361647734
397,27,1361654556
1755,2072,1361663808
2050,2065,1361664541
2065,2050,1361664545
3384,3393,1361710989
3384,3148,1361711053
293,3029,1361729585
2050,3336,1361743977
3393,3384,1361745992
31,3348,1361760178
3348,31,1361760337
3261,3250,1361765456
1341,2050,1361773266
2050,1341,1361773325
1,291,1361775786
291,1,1361775844
27,3366,1361776332
27,3378,1361776348
27,3387,1361776355
27,3402,1361776363
27,3403,1361776373
3207,2323,1361782144
3378,27,1361795134
3222,2333,1361808984
2333,3222,1361812006
322,2699,1361817358
2699,322,1361817398
2566,2151,1361843102
2151,2566,1361843176
2116,3156,1361846245
27,3406,1361864107
3406,27,1361872095
2313,3407,1361895051
3407,2313,1361895067
2671,1349,1361896022
1349,2671,1361896280
3384,2765,1361907481
2765,3384,1361907564
3338,2566,1361912038
2566,3338,1361912158
3107,3408,1361922075
3408,3107,1361922213
3398,3409,1361929036
3409,3398,1361929507
1755,3408,1361934509
3408,1755,1361934780
1970,976,1361935930
3410,3253,1361938607
3408,2566,1361941755
2566,3408,1361941785
3002,3412,1361942641
3412,3002,1361942671
407,3410,1361943235
3261,3413,1361953896
3410,407,1361971203
1897,2696,1361974662
2696,1897,1361974752
2187,1970,1361986345
31,3002,1361991674
3002,31,1361991676
3409,2981,1361994985
2323,3411,1361999771
1897,2941,1361999811
3411,2323,1362000003
2818,1174,1362001177
1507,2671,1362001455
2671,1507,1362001460
2566,976,1362005625
2678,1747,1362013120
1747,2678,1362013253
1318,2259,1362014991
1580,3416,1362015794
3415,3417,1362015875
3417,3415,1362015928
3416,1580,1362016034
2566,3418,1362016072
3418,2566,1362016127
2323,2259,1362016134
2259,2323,1362016682
2566,2255,1362018363
2255,2566,1362018467
2233,3419,1362020988
2716,3418,1362021047
2716,2233,1362021096
3419,2233,1362021168
1760,99,1362031022
2233,3368,1362031663
3368,2233,1362031962
2682,2233,1362043448
1897,2995,1362055185
1571,1747,1362056477
1747,1571,1362056505
3188,3257,1362064248
1274,112,1362064487
2566,3383,1362064760
112,1274,1362064768
2566,1442,1362065545
1442,2566,1362065569
3348,2810,1362066287
2566,3378,1362066786
3378,2566,1362066806
976,3420,1362071724
3420,976,1362071830
2270,1692,1362075364
27,3188,1362076539
3096,2566,1362077466
3421,2006,1362079464
2006,1143,1362079505
2006,2128,1362079890
1516,1571,1362080593
1571,1,1362080766
2566,3096,1362080972
1,1571,1362080980
2006,3421,1362081061
2287,265,1362082497
3370,3423,1362083699
3423,3422,1362083749
3370,3424,1362084460
3424,3422,1362084496
2810,3348,1362084824
3370,3425,1362087900
3370,3422,1362087992
3370,3426,1362088241
3426,3422,1362088298
3370,3427,1362088492
3427,3422,1362088561
3370,3428,1362089058
3428,3422,1362089217
3353,3411,1362091868
3411,3353,1362091944
1246,2994,1362092515
2809,3429,1362096092
3250,2333,1362096975
2005,1970,1362104280
2065,3335,1362105237
3335,2065,1362105397
2737,1307,1362106161
2994,1246,1362114003
3319,2775,1362117734
2775,3319,1362118427
2549,2853,1362124626
2853,2549,1362124651
3365,3413,1362127672
3257,3188,1362134127
3403,27,1362135482
2918,3430,1362142830
3430,2918,1362143793
3096,27,1362147503
2671,2549,1362149464
2549,2671,1362149481
3383,2566,1362152154
2204,3239,1362158507
2690,1777,1362158813
1777,2690,1362158832
2844,517,1362167262
3361,858,1362171743
3325,3329,1362176221
3329,3325,1362176351
2323,2891,1362177232
3426,3431,1362177266
3431,3422,1362177445
3432,3431,1362177894
3432,3422,1362177943
3426,3432,1362178081
976,2908,1362178121
3426,3433,1362178270
3433,3422,1362178317
3426,3434,1362178541
3434,3422,1362178598
3426,3435,1362178799
3435,3422,1362178851
3434,3436,1362179256
3436,3422,1362179326
1970,2920,1362179364
2891,2323,1362179364
976,3437,1362179500
3437,976,1362179578
3434,3438,1362180634
3438,3422,1362180677
1349,3361,1362180785
3361,1349,1362180846
3434,3439,1362180996
3439,3422,1362181048
3361,2549,1362183258
2265,3440,1362190318
3440,2265,1362190365
3329,2566,1362193177
2853,1970,1362193746
1970,2853,1362193788
2690,3250,1362207877
3250,2690,1362209113
1970,3441,1362241158
3441,1892,1362244585
3339,2549,1362245848
2566,3019,1362257979
3019,2566,1362258164
2566,3442,1362260668
3419,3443,1362262222
3443,3419,1362262314
3419,2072,1362263301
2072,3419,1362263533
3442,2566,1362263706
2333,2072,1362264877
2072,2333,1362264896
1307,506,1362273678
1307,87,1362273814
3335,3444,1362277633
3444,3335,1362277659
3445,2549,1362285105
2287,1777,1362290750
1739,2323,1362292348
2323,1739,1362292391
1947,2671,1362296948
2549,2868,1362309736
2809,2844,1362312383
1856,2549,1362326756
2549,1856,1362326852
1892,3441,1362335506
3446,3442,1362345055
3442,3446,1362345111
376,3447,1362345817
3447,376,1362346211
3339,1970,1362348433
1970,3337,1362350018
3337,1970,1362350100
1897,3448,1362350468
3448,1897,1362350568
3348,3450,1362351405
3450,3348,1362351616
1970,3339,1362356383
3417,3452,1362367927
1755,3453,1362369853
3453,1755,1362369931
3454,2566,1362371883
3454,3250,1362372876
3250,3455,1362373110
3250,3322,1362373142
3250,3454,1362373177
1755,1961,1362373583
3455,3250,1362373616
27,3456,1362397732
2172,506,1362403187
2313,3414,1362406145
3414,2313,1362407407
3403,2690,1362409707
2690,3403,1362409780
3338,2065,1362414094
2549,3002,1362414245
2809,1571,1362418089
3325,585,1362419378
585,3325,1362419671
2994,3457,1362420139
976,2903,1362422168
2903,1272,1362422301
1174,3458,1362424480
3002,2549,1362424593
1580,3440,1362425078
3440,1580,1362425150
2903,976,1362425398
3453,2549,1362425668
3449,3447,1362425838
3455,3459,1362427070
3459,3455,1362427093
3437,2065,1362428218
1272,2903,1362429505
3452,3417,1362429989
2323,1795,1362433196
3403,3250,1362435380
3250,3403,1362435394
1563,1911,1362435646
1911,1563,1362435732
3413,1460,1362435945
2549,1970,1362436116
3459,3460,1362436566
3458,1174,1362438993
3457,2994,1362439431
1563,3250,1362440695
3250,1563,1362440744
3387,2549,1362441519
3250,507,1362448293
507,3250,1362448297
976,2566,1362454963
2233,3413,1362455009
3107,3440,1362456381
3440,3107,1362456429
3413,2233,1362457353
2233,3440,1362458112
3440,2233,1362458205
3250,3353,1362459397
3353,3250,1362459588
3460,3459,1362459911
3452,3443,1362460584
3443,3452,1362461254
1795,2323,1362464206
3387,27,1362477286
2128,3462,1362489987
2671,1947,1362496799
2809,3107,1362498220
3107,2809,1362498240
1970,2549,1362498382
3125,1970,1362502181
1970,3125,1362502206
27,3463,1362504061
3463,27,1362505105
976,2549,1362505364
2549,976,1362505508
2671,507,1362505856
507,3383,1362505918
507,2671,1362506124
3348,2882,1362509062
2882,3348,1362509087
507,3459,1362510116
3459,507,1362510179
3465,2549,1362511276
976,3348,1362516896
3348,976,1362516951
269,3250,1362517883
3250,269,1362517885
976,2646,1362518607
269,2339,1362519705
3250,1,1362519714
2339,269,1362519816
2065,3117,1362520497
2065,3465,1362520986
3465,2065,1362521022
2174,3466,1362521504
3466,1575,1362521774
3466,2072,1362521860
3466,959,1362521908
3387,3325,1362523751
1,269,1362524310
3461,2323,1362527172
1571,2809,1362530901
3462,2204,1362531118
3462,2006,1362531425
2098,99,1362547248
322,99,1362547270
3465,2323,1362550769
2323,3465,1362551094
2065,3437,1362551516
2690,3468,1362552932
3468,2690,1362553085
27,2679,1362575420
1442,1516,1362586519
1516,1442,1362586547
1624,2549,1362586969
2549,3469,1362587353
976,3312,1362591003
1970,3470,1362599480
3470,1970,1362599488
3404,3418,1362606469
3418,3404,1362613718
2182,3471,1362614436
3443,3472,1362614458
3447,3473,1362614495
3471,2182,1362614525
3473,3447,1362614589
3472,3443,1362614599
1290,1920,1362619067
2566,314,1362620746
858,3096,1362621416
3474,2566,1362622206
2566,3474,1362622466
3474,1460,1362622476
1460,3474,1362622604
1843,2397,1362644886
2397,1843,1362644939
3413,3319,1362650485
3364,2128,1362650851
27,3475,1362667335
3443,2333,1362667388
2333,3443,1362667437
1442,3476,1362674486
3476,1442,1362674543
3325,273,1362678490
273,3325,1362678546
2566,3477,1362682765
3338,1954,1362688524
1954,3338,1362688634
2566,3478,1362691583
3478,2566,1362691850
385,2065,1362695175
2065,385,1362696520
1970,3479,1362700666
3479,1970,1362700784
2958,3480,1362703070
3480,2958,1362703089
2566,2958,1362703107
2958,2566,1362703124
2566,2868,1362703203
2566,2429,1362703326
2958,2429,1362703387
2566,3481,1362703690
3481,2566,1362703701
2566,3437,1362703930
3437,2566,1362704066
2868,2566,1362704694
2566,3482,1362711244
3482,2566,1362711319
2105,2566,1362711591
2566,2105,1362711598
3250,2008,1362711802
273,3250,1362712460
273,3319,1362715370
1954,2323,1362719415
314,3404,1362720072
3404,314,1362720282
2323,1954,1362720760
27,3483,1362725560
27,3484,1362725570
27,3485,1362725597
27,3486,1362725663
27,3487,1362725721
3488,3440,1362729797
2918,3489,1362735856
3489,2918,1362735938
3319,273,1362743680
1480,1892,1362753378
2549,3490,1362754824
3490,2549,1362754876
524,3491,1362759564
3491,524,1362759687
3460,2566,1362764243
2566,3460,1362764475
2566,3493,1362766013
3493,2566,1362766064
3447,3494,1362767688
3494,3447,1362768506
3440,3492,1362769461
3492,3440,1362770056
3486,27,1362775605
3495,3440,1362776180
2323,3207,1362776200
3440,3495,1362778033
2566,2948,1362779335
3410,3496,1362780411
3496,3410,1362780420
2566,3403,1362786415
3403,2566,1362786511
2566,3497,1362786535
3497,2566,1362787021
3447,3449,1362792786
507,3440,1362794796
3440,507,1362794804
3457,27,1362798317
1307,3150,1362801610
3150,1307,1362801783
3150,506,1362801982
3135,2566,1362803113
1755,2851,1362808258
3492,2065,1362813613
2065,3492,1362813653
2718,1843,1362814531
1843,2718,1362814600
27,3457,1362819645
27,3500,1362819653
27,3501,1362819678
27,3502,1362819685
27,3503,1362819693
27,3504,1362819701
3384,3385,1362833264
3498,3440,1362837441
2533,1777,1362838369
2566,3252,1362849337
99,3505,1362852292
2065,3506,1362854031
2566,265,1362867767
265,2566,1362867999
1755,2429,1362868982
2750,2429,1362869171
2918,3507,1362873798
3507,2918,1362873837
3477,2566,1362888254
2750,624,1362898284
3092,1998,1362910222
3333,3390,1362919592
2809,3285,1362919843
3285,2809,1362920443
2809,2065,1362930657
133,3117,1362945739
3117,133,1362945845
3510,177,1362947703
2233,3511,1362947706
3511,2233,1362947970
2323,3512,1362948196
2233,3495,1362948314
3495,2233,1362948413
3510,3513,1362948833
3513,3510,1362948908
2566,3117,1362950535
2252,3510,1362951037
3117,2566,1362952130
3492,2566,1362958254
2566,3492,1362958666
976,2793,1362970063
2323,3461,1362974986
1829,191,1362996861
2134,1480,1363013540
2566,3451,1363015322
3451,2566,1363015385
2065,3514,1363020762
2566,3515,1363021569
3515,2566,1363021653
3348,2549,1363023174
2549,3348,1363023226
976,2615,1363024233
1897,3509,1363025403
3325,3493,1363026604
3509,1897,1363026610
3493,3325,1363026725
3487,27,1363027320
3325,2566,1363029055
3493,2549,1363029373
27,3516,1363029662
507,976,1363030197
3450,2333,1363030830
3450,2372,1363031164
3516,27,1363031258
1589,3419,1363033172
3419,1589,1363033312
18,1174,1363033600
3276,3513,1363034942
1897,2791,1363035300
2791,1897,1363035472
3513,3276,1363036247
3390,3333,1363038927
1290,3419,1363044966
3419,1290,1363045073
1601,506,1363045263
976,3518,1363045274
3518,976,1363045414
3451,2549,1363047420
3447,2923,1363048489
2908,976,1363058715
2134,1892,1363102349
1935,3493,1363104623
3493,1935,1363104719
1755,2038,1363106208
2038,1755,1363106407
3083,1516,1363106899
2065,1843,1363106972
2065,1755,1363106978
1516,3083,1363107386
2566,2809,1363116560
3440,976,1363117336
1843,2065,1363117401
976,3440,1363117597
2372,3450,1363118133
1897,3520,1363118694
3520,1897,1363118775
3521,3522,1363118818
2868,19,1363118850
3522,3521,1363118913
2065,3523,1363121472
3523,2065,1363121554
3107,454,1363123860
454,3107,1363123924
2323,3338,1363126987
3413,3415,1363127910
2809,3525,1363129347
3525,2809,1363130295
3484,27,1363130998
3526,1970,1363132246
2809,2566,1363132785
1516,3527,1363133566
2809,3484,1363135970
3484,2809,1363135994
1970,3401,1363145206
3401,1970,1363145258
2233,3529,1363146390
3529,2233,1363146447
2114,1566,1363149570
2566,2019,1363150709
2019,2566,1363150771
2566,3405,1363151215
3405,2566,1363151253
1970,3338,1363152250
3261,1843,1363154176
1843,3261,1363154250
3527,1516,1363155380
3415,122,1363156429
3415,3523,1363157276
3523,3415,1363157604
2006,3462,1363160144
2923,3447,1363168499
3338,3521,1363182980
3521,3338,1363183035
2243,1984,1363189014
1984,2243,1363189277
2566,2671,1363189676
2671,2566,1363189711
2566,3530,1363190442
3530,2566,1363190563
3531,2549,1363192002
2566,2646,1363192080
2549,3532,1363195446
322,2549,1363196679
2549,322,1363196717
3533,2065,1363198150
3533,3304,1363198437
3533,1755,1363198449
3533,1516,1363198457
1642,3508,1363202239
11,3493,1363209555
3493,11,1363209628
1755,2520,1363211727
2113,1970,1363212818
2922,3534,1363216493
3534,2922,1363216583
3533,854,1363225656
454,3535,1363228877
3535,454,1363228903
2566,3536,1363232117
3536,2566,1363232146
1925,2566,1363232242
3537,140,1363233974
140,3537,1363234072
976,3539,1363234527
3539,191,1363234649
416,3440,1363240091
3440,416,1363240120
314,1273,1363240561
1273,314,1363240577
2,31,1363241046
27,3534,1363245597
3002,2065,1363248694
2065,3002,1363248720
3534,27,1363253281
1566,2114,1363269300
1566,3046,1363269526
3521,3347,1363271518
3537,3347,1363273587
3532,2549,1363273593
3347,3521,1363273667
3347,3537,1363273759
1970,3526,1363274937
2928,2775,1363280070
976,3540,1363281927
3521,3541,1363283688
3541,3521,1363285726
2566,3207,1363286013
3207,2566,1363286019
3419,3250,1363288163
3373,1897,1363289066
2566,3542,1363290506
3542,2566,1363290763
2566,1563,1363291505
2566,3532,1363296414
3532,2566,1363296453
3107,3250,1363301633
3250,3107,1363301782
2233,3543,1363314869
3543,2233,1363315748
27,1071,1363331561
1071,27,1363335378
11,122,1363340399
122,11,1363340539
1364,3537,1363341663
3537,1364,1363341703
3538,2233,1363343842
3077,2918,1363348972
1624,3493,1363356662
2566,3544,1363365712
3544,2566,1363365773
3325,3545,1363366269
3545,3325,1363366705
2566,3546,1363367887
1764,1246,1363368790
1246,1764,1363368831
3546,2566,1363370478
976,800,1363374516
3493,1624,1363374627
2372,3547,1363376216
3547,2372,1363376288
3347,2566,1363377742
2566,3347,1363377786
2566,3419,1363378088
3419,2566,1363378108
2918,3509,1363378702
3509,2918,1363378800
2549,3461,1363381351
3461,2549,1363381390
3504,27,1363381929
2566,3548,1363382544
3548,2566,1363382579
2571,3509,1363387445
3509,2571,1363388236
1290,3235,1363390975
3235,1290,1363391007
3536,3325,1363399308
3325,3536,1363399313
3325,3516,1363400770
3516,3325,1363400855
2233,3549,1363401833
3549,2233,1363402052
3535,3516,1363402640
3403,3537,1363412527
3537,3403,1363412530
3499,3325,1363439349
3446,27,1363443296
27,3446,1363443316
2549,3480,1363460221
3480,2549,1363460327
976,3514,1363461383
154,1307,1363462112
1507,11,1363469553
122,3415,1363470494
800,976,1363474222
2566,3002,1363475130
2566,3205,1363479253
3205,2566,1363479297
2566,2418,1363481390
3550,2065,1363483467
2566,3551,1363483794
3551,2566,1363484033
2566,3454,1363484602
3537,3552,1363491765
3537,3553,1363491879
3553,3537,1363491937
2566,3554,1363492120
3554,2566,1363492193
3415,2566,1363495362
2566,3415,1363495368
3555,2566,1363495989
3415,2323,1363501333
2323,3415,1363501579
2050,1867,1363512038
1867,2050,1363512391
3550,1867,1363517282
1867,3550,1363522988
2549,1290,1363535995
1624,3537,1363542561
1947,624,1363560412
3415,1970,1363565074
1970,3415,1363565203
3419,3319,1363568528
3537,2716,1363568540
1947,27,1363587193
27,3557,1363597507
27,3558,1363597520
27,3559,1363597530
27,3560,1363597540
3531,27,1363598264
2313,3561,1363608267
3235,3537,1363619267
3537,3235,1363619295
2081,3514,1363622687
3537,3562,1363624717
3562,3537,1363624843
2566,3563,1363625512
461,2128,1363627551
2566,1911,1363628573
1911,2566,1363628687
3524,3107,1363628934
1897,2819,1363633463
2819,1897,1363633509
976,3564,1363636573
1970,2008,1363647056
2233,3516,1363653602
3516,2233,1363653637
3493,3565,1363670605
273,3493,1363670616
3493,273,1363670688
2065,3550,1363670943
3440,3498,1363672720
3563,2566,1363677086
3563,27,1363677433
27,3096,1363683547
3537,3538,1363695492
3538,3537,1363695922
3564,976,1363699511
3107,3567,1363701452
3567,3107,1363701537
3521,2204,1363701572
2204,3521,1363701791
2204,3111,1363702994
3111,2204,1363703136
1516,2187,1363709688
2187,1516,1363709879
3228,1755,1363710683
2671,416,1363711943
416,2671,1363712031
3228,2671,1363713304
2671,3228,1363713349
1755,1454,1363716891
1454,1755,1363716902
2204,2065,1363717617
3540,976,1363717852
976,1117,1363720850
3464,3002,1363725835
3107,3568,1363726042
2566,3569,1363727185
2615,1575,1363727778
2615,976,1363727806
3569,2566,1363728595
3568,3107,1363729243
1897,2969,1363731123
2969,1897,1363731124
2566,3250,1363738922
3250,2566,1363738940
3250,3319,1363739205
142,2566,1363739913
2566,142,1363739954
1970,2575,1363740661
2575,1970,1363740683
2566,2252,1363741012
3566,2065,1363749918
1481,1159,1363750676
3537,3571,1363755312
2128,461,1363757718
3537,3572,1363760158
3572,3537,1363760347
3537,2868,1363763648
2868,3537,1363763857
2233,3573,1363764909
3573,2233,1363765263
2323,3574,1363765545
624,3537,1363770478
3537,624,1363770486
1143,3575,1363774758
3575,1143,1363774982
2682,27,1363776985
2584,2566,1363779929
2584,1112,1363779970
2584,3255,1363779983
1117,976,1363790828
3107,3524,1363794850
976,3368,1363798019
3107,3576,1363798247
3576,3107,1363798715
976,3577,1363798745
2204,1246,1363798986
3577,976,1363801672
976,2065,1363802669
1516,1274,1363802772
3298,1897,1363803365
959,2994,1363803748
959,1349,1363803764
959,3466,1363803798
1290,2105,1363805983
1897,3298,1363806453
1349,959,1363806872
3489,1897,1363808442
1897,3489,1363808471
1290,2339,1363809083
2339,1290,1363809129
3250,2903,1363810453
2903,3250,1363810487
624,2750,1363811745
1843,3250,1363814547
2918,3579,1363815468
3579,2918,1363815484
1571,1516,1363816172
1571,1679,1363817410
1679,1571,1363817555
3111,3580,1363818731
3111,3546,1363818748
3546,3111,1363819592
2549,3111,1363823255
3111,2065,1363828554
2566,815,1363834137
815,2566,1363834166
1897,3561,1363836017
3561,1897,1363836034
815,6,1363836833
6,815,1363836906
6,2128,1363836946
6,2127,1363836956
6,1698,1363836965
3461,3111,1363840292
1307,154,1363841187
3582,2233,1363842263
1947,3583,1363851597
27,3584,1363855330
3584,27,1363855363
3580,3111,1363859773
27,3531,1363864613
27,3585,1363864623
3571,3537,1363872305
2200,1624,1363888407
2065,976,1363890054
1970,3285,1363891388
976,2520,1363893126
2520,976,1363893699
1,3586,1363893764
3586,1,1363893930
3517,3587,1363894857
3587,3517,1363897255
3469,2549,1363897617
3250,2671,1363897916
324,3537,1363898284
1642,2857,1363898531
3537,324,1363898883
3582,3556,1363899302
3051,3556,1363899663
3582,3051,1363899677
3051,3582,1363899682
3556,3051,1363899714
3588,3534,1363901058
2566,3589,1363901164
3534,1389,1363902819
2857,1642,1363905494
3462,506,1363911891
3462,2128,1363912021
1843,2671,1363912275
2671,1843,1363913244
3419,1755,1363914120
3583,1947,1363914162
1755,3419,1363914165
2323,1423,1363915492
1423,2323,1363915810
3556,2204,1363917202
3556,3590,1363921107
3006,1747,1363921782
1747,3006,1363921827
3590,3556,1363922979
2566,3591,1363943305
2566,3592,1363943971
3592,2566,1363944055
3591,2566,1363945302
376,2172,1363950518
2366,27,1363950682
3462,28,1363952288
28,3462,1363954659
1143,3593,1363955809
2204,3594,1363962055
3594,2204,1363962315
2566,3487,1363969187
3487,2566,1363969278
3570,2566,1363971490
2566,3570,1363971701
3570,19,1363972294
2566,3228,1363972654
3228,2566,1363972706
3585,27,1363973689
1464,1642,1363977628
1516,2128,1363981470
27,2366,1363983040
27,3544,1363983636
3544,27,1363983761
3395,3250,1363988217
2549,3391,1363990490
1760,3447,1363990518
3391,2549,1363990520
498,2844,1363990766
3534,3395,1363990921
2844,498,1363990994
3395,3534,1363992252
2233,3581,1363993257
3581,2233,1363995707
3592,3111,1363997678
3111,3592,1363997878
3111,3461,1363998010
2323,3595,1364005641
31,2660,1364006296
2660,31,1364006327
2233,3596,1364006620
3596,2233,1364007042
1804,2755,1364007133
2755,1804,1364007202
3514,976,1364010829
164,3597,1364011313
3514,2065,1364011470
3597,164,1364011751
27,3563,1364022632
3250,2128,1364027410
2584,2908,1364031281
3534,3598,1364042911
3598,3534,1364043340
3598,3599,1364044064
3599,3598,1364044074
498,3250,1364046663
2671,3600,1364053178
217,2734,1364063405
2734,217,1364063499
3324,3601,1364064560
217,3602,1364064991
3602,217,1364065002
2844,1710,1364067215
3602,27,1364067388
1710,2270,1364067678
1755,1642,1364070375
1642,1755,1364070731
3273,3603,1364070881
397,3604,1364072056
3268,2882,1364072772
2882,3268,1364072781
3602,3605,1364072986
133,2903,1364073780
2903,133,1364073988
3605,3602,1364074387
1911,1307,1364074718
2882,1755,1364074911
1755,2882,1364074927
3509,3250,1364075462
3602,3250,1364076514
3537,3566,1364078687
3566,3537,1364078971
2549,3589,1364078972
2418,3605,1364079668
1071,3566,1364081146
3566,1071,1364081213
2584,3601,1364082943
3605,2418,1364083386
1747,3255,1364099435
3497,3605,1364105923
3605,3497,1364105985
27,3606,1364107427
27,3607,1364107437
27,3608,1364107469
27,3587,1364107494
27,3609,1364107509
2467,3601,1364117298
3601,1920,1364129632
3601,2584,1364129720
3601,1892,1364129890
3601,1246,1364139911
3606,27,1364140615
1987,3451,1364147704
3451,1987,1364147813
1246,3601,1364149862
976,3125,1364150384
3125,976,1364150392
1389,3534,1364150558
2869,3611,1364151112
3050,3612,1364152629
3612,3050,1364152797
1892,3601,1364153873
3050,3268,1364154210
3268,3050,1364154242
3528,921,1364160797
921,3528,1364160818
1642,1480,1364166655
3600,2671,1364173793
2549,3602,1364181873
3602,2549,1364181931
2568,1710,1364193521
3611,2869,1364197802
3611,18,1364202347
376,2227,1364204352
2227,376,1364206297
2084,1710,1364220028
3528,3614,1364220414
3521,1507,1364235456
1507,3521,1364235573
3521,3616,1364237055
3616,3521,1364237343
3250,1892,1364243067
27,3617,1364244329
2918,3618,1364244345
3489,3055,1364244976
3618,2918,1364245271
3055,3489,1364245654
3603,3273,1364250357
3607,27,1364257080
3529,3537,1364259006
3537,3529,1364259011
3607,1580,1364259598
1580,3607,1364259630
3537,3619,1364261353
3158,3566,1364265318
3566,3158,1364265551
3619,3537,1364266799
3606,3620,1364267161
3614,3528,1364268168
3602,2065,1364272661
3602,3517,1364272684
2065,3602,1364272746
3517,3602,1364272778
2323,2762,1364280682
27,3621,1364280864
27,3602,1364280879
2247,1246,1364293004
3605,3537,1364293105
3537,3605,1364293122
3611,1619,1364293987
3611,1689,1364294014
3611,22,1364294040
3611,1911,1364294104
3611,2065,1364294758
3611,496,1364295026
3611,2113,1364295344
3611,454,1364295699
3611,2373,1364296476
3537,3622,1364302194
3611,3603,1364302364
3622,3537,1364302401
3611,3273,1364302404
3537,3217,1364303046
3217,3537,1364303052
1246,2247,1364308009
3207,1246,1364308052
1246,3207,1364308156
3611,1959,1364313647
3611,3623,1364313681
3624,1959,1364313794
3624,3623,1364313808
3107,3207,1364313827
3207,3107,1364313918
3623,3611,1364314602
3623,1959,1364314613
3623,3624,1364314656
3500,27,1364315044
3623,2869,1364315046
3534,3625,1364315241
3624,2869,1364315348
3625,3534,1364315523
3611,3624,1364315687
3611,3626,1364315695
3626,2869,1364315783
3626,3611,1364315788
3626,3623,1364315792
3626,3624,1364315795
3626,1959,1364315801
3611,3627,1364316275
3627,2869,1364316380
3627,1959,1364316391
3627,3623,1364316397
3627,3624,1364316401
3627,3626,1364316406
3627,3611,1364316409
1274,154,1364316476
3268,3099,1364318398
3099,3268,1364318748
2008,3628,1364319955
976,2914,1364320166
1563,3107,1364321489
3107,1563,1364321677
3629,3630,1364322724
3630,3629,1364322733
3537,3631,1364322775
3268,3537,1364325310
3537,3268,1364325337
3537,3469,1364328188
3469,3537,1364328310
2142,3517,1364329272
3517,2142,1364329298
3250,2233,1364330617
1897,3632,1364330771
3632,1897,1364331016
3632,2918,1364331055
2918,3632,1364335586
3570,2671,1364339658
2671,3570,1364339764
14,3107,1364342012
3517,3634,1364350062
3160,1970,1364350954
3107,2868,1364351863
3634,3517,1364353037
1961,1755,1364355563
2323,3399,1364355794
3399,2323,1364355925
1679,2098,1364356171
2200,3601,1364357212
624,1580,1364359250
2750,1580,1364359262
1580,624,1364359324
1580,2750,1364359350
624,3616,1364360577
3616,624,1364360650
3602,3634,1364361759
3634,3602,1364361813
2750,11,1364364631
2050,3605,1364373044
3605,2050,1364373190
3633,1307,1364374156
1804,14,1364386272
14,1804,1364386316
1624,3521,1364394018
3107,3635,1364396803
3635,3107,1364398562
3534,3588,1364399572
322,3636,1364400003
3636,322,1364400805
3528,3636,1364400855
3564,1516,1364402007
2549,3570,1364402426
3570,2549,1364402639
3517,2750,1364403988
3534,3325,1364404057
3325,3534,1364404127
3586,3637,1364404403
3637,3586,1364404580
2065,3638,1364405278
3638,2065,1364405330
3521,2344,1364415237
3521,1364,1364417509
1364,3521,1364417526
3489,3632,1364419844
2181,3602,1364421326
3635,3521,1364421628
3602,2181,1364422871
27,3640,1364424560
27,3641,1364424617
3601,2200,1364424644
3602,2323,1364424669
3601,2998,1364424906
3521,3635,1364427650
3602,3498,1364428685
2233,3250,1364428773
3602,3642,1364429033
3498,3602,1364429255
2981,3643,1364431755
3602,3566,1364432633
3566,3602,1364432659
3285,3644,1364433014
3644,3285,1364433105
2566,3645,1364434218
3645,2566,1364434291
2566,3602,1364435010
3602,2566,1364435045
3602,2200,1364436021
3590,2566,1364437545
1464,1755,1364439043
2204,1755,1364439170
1804,3646,1364451080
2006,2087,1364457689
2566,3636,1364473734
3636,2566,1364473774
3646,1804,1364474911
3528,3648,1364478307
3648,3649,1364478361
3537,1755,1364478850
3648,3650,1364478902
3636,3650,1364478986
3650,3648,1364478989
3650,3636,1364479037
1755,3537,1364479852
3107,14,1364482021
14,3651,1364487390
3651,14,1364487469
3635,2549,1364488339
1970,3517,1364492343
3521,3654,1364495133
3641,27,1364496100
3107,3656,1364496746
3656,3107,1364496777
624,1947,1364498087
3611,2844,1364498444
142,2341,1364498490
2341,142,1364498622
3623,2844,1364499377
3624,2844,1364499600
3626,2844,1364499695
3627,2844,1364499782
3652,1755,1364501228
3652,1747,1364501261
3528,1747,1364501888
3517,3657,1364502381
3657,3517,1364502598
2065,3658,1364503453
3658,2065,1364503495
140,3659,1364504502
3659,140,1364504780
140,647,1364505637
140,2339,1364506357
140,3651,1364506429
3651,140,1364506494
3657,2755,1364506517
647,140,1364506580
2323,3250,1364506934
2339,140,1364507866
3605,3260,1364509127
3260,3605,1364509148
2750,3517,1364509485
3537,1624,1364509680
3605,3660,1364512406
3660,3605,1364512460
3537,2549,1364512656
2549,3537,1364512989
3250,2323,1364516470
3447,3661,1364519666
751,2566,1364520222
3661,3447,1364521302
3661,3662,1364521447
3250,3662,1364521493
3662,3250,1364521922
3661,27,1364522034
3656,3591,1364524709
3591,3656,1364524786
3566,2255,1364525825
2233,3508,1364526112
2255,3566,1364526198
3255,1747,1364533394
1970,2265,1364534906
1970,3250,1364536439
1580,3524,1364536918
3524,1580,1364536931
1764,1970,1364539836
27,3663,1364546854
27,3625,1364546873
27,3634,1364546896
27,3661,1364546905
3663,27,1364547800
3634,27,1364565557
2549,2759,1364566134
2759,2549,1364566164
3609,27,1364573468
3665,3521,1364575630
3537,3647,1364577470
3647,3537,1364577538
2566,3666,1364583671
3666,2566,1364583718
442,2566,1364584167
2566,442,1364584495
2549,3605,1364587419
3605,2549,1364587505
3517,3667,1364588901
2566,3517,1364589587
2566,3667,1364589598
2200,3602,1364590231
3459,2265,1364591871
27,3668,1364593320
3443,3655,1364598945
3667,3517,1364600583
3667,6,1364600790
2566,3050,1364613889
3050,2566,1364615033
2204,3566,1364615795
3566,2204,1364616344
3605,3634,1364627643
3634,3605,1364628488
3605,2922,1364637094
3605,3524,1364652476
3524,3605,1364653876
3524,2339,1364658771
2981,1454,1364660774
1454,2981,1364660874
1454,624,1364661273
624,1454,1364661488
2339,3524,1364661677
2566,2538,1364661756
2538,2566,1364661847
3328,2549,1364664051
3514,3602,1364673526
3514,2081,1364673988
2566,3669,1364674740
3669,2566,1364674760
2265,3051,1364676196
3051,2265,1364676199
2566,2778,1364676753
2778,2566,1364677035
2402,1174,1364683735
3231,2566,1364684140
1624,2566,1364684346
3524,1624,1364684513
1624,3524,1364684705
2566,1624,1364685161
2566,3670,1364686370
3670,2566,1364686406
3671,2566,1364687598
3602,3514,1364688875
2566,3223,1364689940
3223,2566,1364689955
3655,3602,1364690592
3602,3655,1364690601
2566,3655,1364691034
3655,2566,1364691154
3602,327,1364691517
3664,27,1364696630
501,2750,1364697139
2750,501,1364697264
1563,1829,1364702850
1829,1563,1364702873
1563,3605,1364703697
3605,1563,1364703772
1755,1954,1364711527
1954,1755,1364711544
2339,3648,1364712456
3648,2339,1364712469
3654,3521,1364713070
109,3673,1364723455
3673,109,1364723630
27,3674,1364734823
27,3675,1364734841
27,3666,1364736102
3661,3534,1364740991
3534,3661,1364741097
691,3655,1364748992
3655,691,1364749091
2566,3231,1364751223
3642,3602,1364760687
1364,2994,1364761582
2994,1364,1364761734
3667,3655,1364763593
2323,1364,1364767388
2566,3678,1364773748
3678,2566,1364773759
3602,3679,1364774454
3679,3602,1364774590
2549,3582,1364777937
3582,2566,1364777972
3582,2549,1364777992
3582,2323,1364783196
2323,3582,1364783380
2566,3681,1364783572
3681,2566,1364783714
327,3665,1364784482
1747,3581,1364785010
3665,327,1364785852
2549,1507,1364820832
1507,2549,1364820847
1507,3666,1364821218
3666,1507,1364821687
2809,3523,1364822826
3666,27,1364823486
2241,3671,1364834623
1911,3521,1364838911
2549,3006,1364839607
3521,3602,1364840877
3602,3521,1364841087
3517,1911,1364843848
3671,2241,1364843939
2559,3682,1364843947
1911,3517,1364843958
3521,3665,1364844234
3521,3362,1364845372
3521,2994,1364846303
2994,3521,1364847665
3528,1970,1364848296
3362,3521,1364849028
2994,164,1364850522
1829,1605,1364850990
3521,1911,1364851005
3684,27,1364854631
3602,3658,1364855678
3658,3602,1364855847
3655,1843,1364858775
1843,3655,1364858819
2323,3685,1364866891
3685,2323,1364867952
2339,3686,1364868127
3686,2339,1364868217
3602,2339,1364873830
2339,3602,1364873864
3566,3521,1364878828
3521,3566,1364879099
2339,1580,1364879580
1580,2339,1364879730
2809,1755,1364880845
1901,27,1364882752
3684,2142,1364895507
2142,3684,1364895603
3688,2549,1364896892
3325,3671,1364909544
3671,3325,1364909672
1689,3107,1364909924
2809,1673,1364919405
3632,3489,1364921274
976,3111,1364926081
1442,976,1364926507
2566,3605,1364926510
27,3262,1364926547
3605,2566,1364926559
27,3690,1364926565
27,3691,1364926586
3111,2549,1364926664
273,3521,1364929533
2566,2050,1364930803
3521,3684,1364931988
3521,273,1364932443
3509,3388,1364938550
3509,3148,1364938937
3521,3264,1364939226
3684,3693,1364940012
3591,3684,1364940046
3693,3684,1364940127
3264,3521,1364940185
3684,3591,1364940638
2265,2323,1364940740
27,3694,1364940789
2265,3459,1364940824
976,1911,1364941701
3604,397,1364941982
3509,3055,1364942007
660,3695,1364948614
1454,2116,1364951429
2116,1454,1364951478
3695,660,1364953154
3684,2116,1364953310
2116,3684,1364953318
3417,3521,1364954049
2323,2182,1364954069
2182,2323,1364954084
3602,3696,1364955169
2008,177,1364955435
177,2008,1364955435
1747,1777,1364955526
3602,3697,1364955800
3696,3602,1364955832
3697,3602,1364955910
3602,726,1364956996
2323,3602,1364957077
726,3602,1364957087
726,3605,1364957120
3605,726,1364957152
3051,3275,1364958897
3417,3631,1364962046
3631,3417,1364962079
1563,1804,1364963344
3675,27,1364969703
3676,3698,1364970316
3698,3676,1364970335
3417,3566,1364971008
3566,3417,1364971080
2809,3699,1364975090
3699,2809,1364975208
3285,2616,1364978152
3285,3611,1364978371
3605,3684,1364980676
3684,3605,1364980687
3325,3523,1364985770
3523,3325,1364985774
2313,2810,1364992757
3658,2415,1364996183
2549,1804,1364997338
1804,2549,1364997419
3523,3680,1364998257
2416,3700,1364998457
3700,2416,1364999002
3680,3523,1364999202
3362,3701,1365007319
3701,3362,1365007723
1882,27,1365008743
3111,2566,1365010571
3700,3702,1365012536
3702,3700,1365012585
2566,3703,1365012651
3660,3524,1365013228
3524,3660,1365013235
3703,2566,1365014915
3581,3521,1365016086
3521,3581,1365016318
3521,3704,1365016365
3521,3613,1365017141
2755,3655,1365022113
3684,3705,1365022606
3705,3684,1365022723
3521,3706,1365023407
3706,3707,1365023453
3707,3706,1365024353
3705,3708,1365025231
3708,3705,1365025302
3684,3698,1365025545
3698,3684,1365025595
3706,3709,1365025998
3709,3706,1365026059
1897,2306,1365034243
647,3710,1365035177
3710,647,1365035223
1563,2566,1365035429
2566,3711,1365035883
3711,2566,1365035947
3490,2233,1365036275
2233,3490,1365036308
3684,3712,1365041563
3415,3711,1365041881
3712,3684,1365041929
3711,3415,1365041984
3684,2774,1365043223
647,2774,1365046532
3117,2065,1365051394
2339,1481,1365051843
3602,2774,1365058695
1507,3659,1365059129
3659,1507,1365059148
647,1507,1365059169
3704,3521,1365059267
2323,2265,1365059824
3613,3713,1365062809
3713,3613,1365062990
2905,27,1365070880
647,3659,1365071287
2313,2936,1365074246
2936,2313,1365074366
2868,647,1365081196
2918,2766,1365086036
2766,2918,1365086198
2566,3701,1365088794
3701,2566,1365088899
2339,976,1365089401
976,2339,1365089462
3521,3138,1365090539
3138,3521,1365090624
3684,19,1365091576
1516,19,1365091674
2685,3257,1365092831
3659,647,1365094324
2566,2954,1365095406
3648,3705,1365096717
3705,3648,1365096846
1341,3714,1365097383
27,3684,1365098307
27,3715,1365098335
3715,27,1365099484
494,2065,1365099797
2065,494,1365099895
2549,1272,1365101043
1272,2549,1365101073
3521,2914,1365102474
3111,2339,1365103316
2339,3111,1365103602
3700,2571,1365105777
2566,3404,1365106138
2566,3715,1365106795
3715,2566,1365106874
1877,3716,1365107583
1877,2815,1365107701
3659,2566,1365108218
2566,3659,1365108284
1755,2190,1365108473
1897,3718,1365109715
3718,1897,1365109729
2791,3111,1365110014
3643,2918,1365110173
3643,2981,1365110378
3643,3718,1365110389
3643,3682,1365110473
3718,3643,1365110529
3716,2815,1365111581
3716,1877,1365111595
2815,3716,1365111608
2815,1877,1365111663
3383,3676,1365113548
3676,3383,1365113615
1897,3707,1365115416
3707,1897,1365115478
3111,3719,1365115710
3719,3111,1365115819
3055,3509,1365118106
1897,3720,1365118150
3720,1897,1365118243
3720,3148,1365118272
1290,3521,1365120401
3521,1290,1365120461
3111,976,1365121196
3615,3440,1365128984
3602,3706,1365130541
3706,3602,1365130560
3602,3721,1365134310
3602,3722,1365134339
3721,3602,1365134419
3722,3602,1365134609
3602,3586,1365135105
3586,3602,1365135115
3658,3591,1365139898
3591,3658,1365140071
499,36,1365140502
2571,3700,1365146501
2571,3723,1365146539
841,647,1365148501
647,841,1365148527
3689,1389,1365153001
3723,2571,1365153048
1456,3724,1365159225
3373,3509,1365171625
3509,3373,1365171673
2549,3467,1365176327
3467,2549,1365176333
2549,3415,1365182300
3415,2549,1365182420
3711,2755,1365182520
2559,3725,1365189764
3725,3726,1365189826
2755,3711,1365190024
2559,3726,1365190544
2862,1897,1365193417
1897,2862,1365193447
3605,647,1365194250
3605,3727,1365194759
3727,3605,1365194810
647,3684,1365195336
3684,647,1365195396
3313,1112,1365197413
647,3728,1365197962
3728,647,1365198380
36,499,1365198981
647,3729,1365202138
3729,647,1365202542
1911,3730,1365214821
2566,3676,1365218795
3676,2566,1365218881
2994,3731,1365220205
293,2918,1365234412
3634,3688,1365236949
3688,3634,1365237230
1389,3689,1365249513
3372,3732,1365250832
3732,3372,1365250882
3398,3733,1365255469
2559,3734,1365255591
3733,3398,1365256659
3602,3735,1365257510
3325,3736,1365261805
3736,3325,1365261878
2566,3737,1365267450
3737,2566,1365267525
2566,2326,1365267602
2326,2566,1365267610
3723,3733,1365271278
2306,1897,1365272869
3325,3602,1365274428
3602,3325,1365274510
2750,1747,1365277092
2313,3733,1365279947
3662,3661,1365280488
2994,2549,1365283234
2549,2994,1365283256
3602,3739,1365288922
3739,3628,1365288935
3739,3602,1365289248
3733,2313,1365290867
1290,3684,1365291477
3684,1290,1365291513
3733,3723,1365293091
660,3602,1365294853
3602,660,1365294909
3398,3740,1365297820
3740,3398,1365298160
1747,2750,1365323702
3741,3319,1365326882
2918,2916,1365331108
3690,27,1365334566
3372,3742,1365338604
3742,3372,1365339186
3680,3602,1365345123
3602,3680,1365345173
2050,3602,1365346696
3602,2050,1365346726
217,3680,1365354012
27,3743,1365354014
3680,217,1365354058
3743,27,1365357248
3057,2566,1365359769
2566,3057,1365359924
2566,3744,1365360247
2737,1464,1365361541
2737,2507,1365361620
2566,3745,1365362606
3745,2566,1365362710
1777,3746,1365366149
3746,1777,1365366382
2566,42,1365370443
1897,2825,1365373105
2825,1897,1365373137
3688,2566,1365373383
2566,3688,1365373448
3509,3746,1365373950
3746,3509,1365374091
3602,2265,1365374449
2265,3602,1365374453
3602,566,1365374464
566,3602,1365374604
3648,3603,1365374862
3603,3648,1365374897
2339,566,1365376791
566,2339,1365376815
566,3634,1365377444
3634,566,1365377476
3648,1229,1365377763
1229,3648,1365380911
1755,3748,1365384498
177,1777,1365385158
3648,1954,1365388064
1954,3648,1365388082
2200,3749,1365388923
3749,2200,1365388958
3750,3602,1365390779
176,3751,1365393491
3677,3752,1365396771
3752,3677,1365396917
1697,3353,1365398005
3353,1697,1365398068
3741,1747,1365399507
1747,3741,1365399551
3751,176,1365402440
3380,2065,1365409331
2809,3753,1365409573
3753,2809,1365409834
3398,3754,1365428195
3754,3398,1365428275
3521,1624,1365430988
3231,3755,1365431335
3755,3756,1365431535
3231,3756,1365431581
3755,3231,1365431583
3756,3231,1365431602
3756,3755,1365431608
3756,3757,1365431683
3757,3756,1365431776
3061,2566,1365434517
508,2200,1365436653
1516,2566,1365437824
2566,1516,1365437834
2339,3732,1365438403
3732,2339,1365438430
3709,3758,1365438559
3758,3709,1365439242
3705,2549,1365439325
2549,3732,1365440109
3732,2549,1365440187
2549,2280,1365440941
3190,2566,1365445551
2339,2566,1365445902
3325,3648,1365446119
3648,3325,1365446163
3744,2566,1365447712
27,3759,1365448149
27,2905,1365448161
27,3760,1365448169
27,3761,1365448177
2918,3726,1365448244
2903,3763,1365448337
3764,3765,1365448553
3765,3764,1365448636
2233,3582,1365448719
2566,3766,1365450100
3766,2566,1365450133
3763,2903,1365450998
3684,3676,1365451106
3676,3684,1365451206
2566,3061,1365451439
3747,2566,1365451487
3384,2559,1365451505
2566,3747,1365451565
2918,3767,1365452843
2809,3701,1365452866
3701,2809,1365453053
976,3264,1365453229
2280,2549,1365453282
2549,1692,1365453886
1692,2549,1365453895
3756,3769,1365454153
3769,3756,1365454230
3264,976,1365454297
3676,3769,1365454487
3769,3676,1365454566
2566,3770,1365455014
2566,3413,1365455173
3771,3732,1365455249
3770,2566,1365455329
3413,2566,1365455339
2280,3772,1365455568
3691,27,1365455746
2549,3156,1365456196
3156,2549,1365456289
3773,27,1365456679
3398,3775,1365462729
3741,2549,1365462749
2549,3741,1365462818
3775,3148,1365463704
3602,3671,1365463805
3671,3602,1365464066
3671,3776,1365464809
3776,3671,1365464872
976,3602,1365465144
3602,976,1365465208
3566,1595,1365465714
1595,3566,1365465732
3763,3648,1365466424
2566,1733,1365470416
1733,2566,1365470459
2566,3777,1365471915
3777,2566,1365472025
3775,3398,1365472223
3602,3778,1365472250
3778,3319,1365473682
3741,3778,1365475026
3778,3741,1365475147
1911,1516,1365475186
2566,3780,1365476325
3780,2566,1365476365
3778,3602,1365476413
3769,2339,1365478423
2339,3769,1365478716
3602,3417,1365478759
3417,3602,1365478928
3769,3602,1365479426
3602,3769,1365479428
46,2994,1365481047
164,2994,1365483943
327,3602,1365484456
2809,3581,1365485122
3781,3602,1365485584
3602,3781,1365485725
3602,3672,1365487413
2233,3782,1365489640
3782,2233,1365489882
2809,3146,1365497746
2809,2752,1365497867
3325,1224,1365499179
1224,3325,1365499212
3756,3709,1365507959
3732,3756,1365508240
3022,3027,1365509492
3022,3784,1365509533
3022,727,1365509553
3022,3785,1365509573
3022,142,1365509582
3022,3144,1365509613
3022,2740,1365509683
3022,1056,1365509703
3022,3791,1365509723
3022,311,1365509753
3022,3793,1365509773
3022,3298,1365509823
3022,6,1365509843
3022,1901,1365509852
3022,3797,1365509893
3022,3798,1365509913
3022,3107,1365509933
3022,3803,1365510033
3022,3804,1365510043
3022,3806,1365510083
3022,2981,1365510103
3022,226,1365510133
3709,3756,1365510142
3022,3808,1365510143
3022,3811,1365510173
3022,3028,1365510193
3022,2571,1365510203
3022,3812,1365510223
3022,2579,1365510323
3022,3819,1365510354
3022,3820,1365510363
3022,2609,1365510373
3022,3821,1365510393
3022,3102,1365510414
3022,3823,1365510453
3022,901,1365510463
27,3717,1365512505
3702,2791,1365515218
2791,3702,1365515368
2882,2809,1365516342
2809,2882,1365516885
2566,3825,1365517172
3825,2566,1365517271
3671,3661,1365521837
3440,3671,1365524948
3671,3440,1365525046
1516,3781,1365526782
3661,3671,1365526863
2928,15,1365527426
3537,3826,1365527557
3826,3537,1365527593
3524,3222,1365528557
3222,3524,1365528649
1777,2809,1365528945
2809,1777,1365529444
1911,976,1365529819
3735,3602,1365530915
3312,976,1365530927
2426,3827,1365532350
3827,2426,1365532439
3702,3738,1365533575
545,3828,1365533594
3684,1941,1365533824
1941,3684,1365533873
2065,3827,1365534279
2065,2426,1365534470
3827,2065,1365534831
1464,1307,1365534979
3684,3829,1365538543
3829,3684,1365538723
3281,3537,1365539059
3537,3281,1365539062
3521,1755,1365541771
1911,3509,1365542635
2994,46,1365542805
3509,1911,1365542933
3829,3509,1365543414
1995,3830,1365544345
2339,3831,1365544535
3831,2339,1365544570
3830,1995,1365544689
3509,3829,1365544808
3760,27,1365545461
2372,2333,1365545736
27,3832,1365545931
3757,3415,1365547539
3667,3833,1365551782
1883,3834,1365552395
1883,3835,1365552422
3834,3835,1365552453
3834,1883,1365552596
3835,3834,1365552681
3835,1883,1365552787
327,3566,1365553704
3566,327,1365553852
3602,3835,1365554179
3835,3836,1365557235
3836,3835,1365557279
3835,3602,1365557328
3781,1516,1365561168
3517,3459,1365561439
3459,3517,1365561875
2339,3399,1365562009
3399,2339,1365562082
3591,3837,1365562429
3719,3757,1365562732
3757,550,1365562759
2810,2313,1365563126
3719,3781,1365566837
3781,550,1365566888
3006,3602,1365568604
3602,3006,1365568683
3742,2339,1365570589
3566,3838,1365572757
3838,3566,1365572950
863,3732,1365582970
2313,3839,1365594946
3840,3467,1365596485
27,1624,1365597747
1624,3661,1365598367
1624,27,1365598394
3376,3534,1365598572
3661,1624,1365598653
3534,3376,1365598697
3772,3732,1365600289
3701,3842,1365600964
3842,3701,1365601031
3732,3843,1365604664
3006,2549,1365605800
3701,3844,1365607067
3384,3632,1365608012
3844,3701,1365608872
691,1777,1365616406
1777,691,1365616450
2566,1679,1365617449
1318,3276,1365619441
1563,2660,1365620480
2660,1563,1365620484
3459,2566,1365620492
3580,976,1365621265
27,3805,1365622516
3459,2280,1365623168
507,322,1365623319
3825,3833,1365624852
3833,3825,1365624892
2882,3847,1365626664
3847,2882,1365626829
322,3848,1365626932
3848,322,1365627433
2809,2456,1365628498
2456,2809,1365628997
3467,3849,1365629851
3467,36,1365630323
3833,322,1365630353
3111,2791,1365630842
2339,3684,1365633290
3684,2339,1365633315
2566,3850,1365633921
2313,3851,1365635117
3467,3840,1365635149
3851,2313,1365635154
3650,3667,1365639826
3667,3650,1365640009
3650,2566,1365640539
3667,2566,1365642198
3837,3591,1365644302
1623,2566,1365645183
2288,3852,1365646313
3852,2288,1365646351
2481,2566,1365647164
2566,2481,1365647395
2050,1638,1365648268
1638,2050,1365648276
3852,3750,1365650145
3750,3852,1365650306
2566,3684,1365653559
3729,3684,1365653977
3684,3729,1365654622
2566,2233,1365659805
3833,3853,1365676746
3853,3833,1365676771
2050,3276,1365677438
3276,2050,1365677439
3732,3479,1365678220
3479,3732,1365678316
3835,3699,1365682847
3699,3835,1365682879
27,3854,1365684436
3854,27,1365684601
763,3351,1365685737
3833,3684,1365687763
3684,3833,1365687768
3833,3855,1365688860
3855,3833,1365689122
3835,3856,1365691757
3856,3835,1365692029
416,3319,1365694930
2793,1228,1365695203
1228,2793,1365695293
1696,3781,1365695585
3781,1696,1365695722
3260,586,1365697411
586,3260,1365697803
3528,3848,1365699977
2566,3857,1365700025
3537,3858,1365700167
3857,2566,1365700178
3858,3537,1365700306
3860,3859,1365704626
3859,3860,1365705597
3857,3859,1365705677
3859,3857,1365705680
3440,3615,1365706422
3859,3770,1365707268
3770,3859,1365707365
3156,3859,1365707374
3276,1318,1365707508
691,3861,1365709161
3861,691,1365709359
3771,1463,1365710063
3771,3856,1365710074
161,3501,1365710235
3860,3833,1365711111
46,3440,1365712622
3362,3862,1365712854
3862,3362,1365713519
2566,3480,1365716122
3510,3863,1365716323
1679,2566,1365717432
3850,2566,1365718456
1679,3835,1365719586
3835,1679,1365719633
11,691,1365720195
691,11,1365720207
99,3846,1365721703
3846,99,1365722077
2566,3864,1365723772
3864,2566,1365723804
3771,3865,1365724394
3865,3771,1365724424
3865,3732,1365724647
3843,3732,1365726298
3843,3866,1365726341
3501,161,1365726361
3732,3867,1365726829
3867,3732,1365727288
3843,3868,1365728781
3868,3843,1365728845
3868,3276,1365729000
3440,3869,1365730521
3869,3440,1365730528
3843,3841,1365730534
3440,3597,1365731217
3597,3440,1365731260
3440,46,1365731344
763,2566,1365737146
3605,3315,1365740018
3658,2908,1365741656
3739,3870,1365741955
2908,3658,1365742352
2908,413,1365742453
3825,1500,1365743978
3825,2019,1365745504
2019,3825,1365745621
2908,3709,1365754453
3519,2918,1365759730
2918,3519,1365759752
3648,2692,1365764536
3648,3372,1365766161
3372,3648,1365766317
2692,3648,1365766957
2313,3871,1365777305
3871,2313,1365777345
3717,2566,1365782885
2566,3717,1365782930
3648,3706,1365784689
3706,3648,1365784703
3397,2566,1365785187
2566,3397,1365785270
3767,3734,1365785848
3684,2566,1365786237
3781,2908,1365786589
2566,3107,1365788615
3709,2908,1365788765
3051,3107,1365789044
3741,3853,1365790380
3853,3741,1365790418
3440,3872,1365791084
2918,3873,1365791569
3741,2339,1365791649
2339,3741,1365791709
3872,3440,1365792560
3107,2566,1365792775
3051,3874,1365793707
3874,3051,1365793742
2566,3875,1365794967
3875,2566,1365794983
2566,2332,1365796269
2332,2566,1365796320
1941,2566,1365796779
2566,3757,1365796859
2566,1941,1365796945
2566,3781,1365797296
2313,3876,1365798249
3775,109,1365798348
3862,2566,1365798588
2566,3862,1365798667
109,3775,1365799069
3877,3876,1365799931
1843,2908,1365800969
3092,4,1365801001
2566,3709,1365803455
2566,3729,1365805398
3729,2566,1365805421
3107,3051,1365805624
2566,3878,1365807326
3878,2566,1365807468
2566,3879,1365808694
3879,2566,1365808784
3876,3489,1365809071
3876,3877,1365809117
3489,3876,1365809886
3829,3883,1365811406
3883,3829,1365811495
3883,1755,1365811668
3781,3884,1365812465
3884,3781,1365812479
3882,3841,1365812931
3867,3885,1365813628
3885,3867,1365813652
3467,488,1365813970
3880,3057,1365814210
488,3467,1365814274
3057,3880,1365814292
2566,3677,1365814507
3876,3775,1365815925
3467,3886,1365816107
3886,3467,1365816293
3276,3868,1365817743
3856,3887,1365821833
3882,27,1365831734
164,2128,1365832053
3870,3739,1365832434
3591,3857,1365833826
3857,3591,1365833884
3591,3886,1365838254
3886,3591,1365838633
976,3582,1365839465
3885,3372,1365842484
3372,3885,1365842556
2844,3888,1365843376
3888,2844,1365844206
2791,3876,1365845827
3851,3876,1365845920
3523,3372,1365846523
3372,3523,1365846725
3876,3851,1365847192
3876,3889,1365847207
3889,3876,1365847353
3839,3877,1365855283
3877,3839,1365855414
515,3890,1365855599
3734,3768,1365856356
3768,3734,1365856368
3876,3734,1365856583
3734,3876,1365856615
2222,3876,1365860779
3876,2222,1365860953
3881,3876,1365861093
3876,3881,1365861237
3881,3877,1365861607
3877,3881,1365861643
3442,3888,1365867649
3888,3442,1365867749
3888,2903,1365869328
2903,3888,1365869364
1500,3825,1365869399
109,3876,1365871513
3876,109,1365871540
3480,2566,1365873083
1347,2566,1365873352
3866,3843,1365873927
1454,2566,1365874124
2566,1454,1365874158
3876,3891,1365874713
3891,3876,1365874954
3890,515,1365875866
3876,3892,1365877589
3892,3876,1365877739
3885,3893,1365880759
3893,3885,1365880815
3372,2566,1365880880
2566,3372,1365880944
3518,2566,1365881846
3781,2566,1365881887
2566,3518,1365881923
3757,2566,1365883244
3881,3734,1365884843
3734,3881,1365884926
3634,2566,1365884964
2566,3634,1365885182
2566,3888,1365889164
3888,2566,1365889238
2943,3862,1365891781
3862,2943,1365891821
3821,3022,1365893251
3605,3709,1365893860
3709,3605,1365894534
2025,3686,1365894885
3686,2025,1365894941
3467,3894,1365899342
3894,3467,1365899546
3480,3862,1365903154
3862,3480,1365903242
3480,131,1365904366
3480,3895,1365904721
3895,3480,1365904750
322,2008,1365907079
3602,85,1365907744
85,3602,1365907778
3467,3896,1365908417
2200,2566,1365908768
2200,3664,1365908960
3664,2200,1365909016
3602,3897,1365909292
3897,3602,1365909415
3602,3467,1365910336
2566,3898,1365911541
3898,2566,1365911582
3602,3825,1365912089
3825,3602,1365912177
3467,3602,1365912265
2566,3897,1365915847
3897,2566,1365917408
27,3899,1365933433
3899,27,1365934095
3768,3900,1365934182
3900,3768,1365934244
2692,3537,1365947168
3537,2692,1365947173
3524,3602,1365950656
3602,3524,1365950861
3768,109,1365951250
3524,1733,1365951378
1733,3524,1365951413
109,3768,1365951431
3602,3856,1365952075
3856,3602,1365952075
3602,3901,1365953449
3901,3602,1365953552
3602,3862,1365954095
3862,3602,1365954182
3384,3768,1365954613
3902,3602,1365954680
3768,3384,1365954768
3602,1823,1365954776
3602,3902,1365954844
1823,3602,1365955199
3768,3449,1365955949
3602,3903,1365956165
3903,3602,1365956249
27,3862,1365956391
3881,3768,1365956575
3768,3881,1365956665
3862,27,1365956675
2566,2720,1365959728
2720,2566,1365959801
1586,2362,1365960947
3449,3768,1365965031
1698,6,1365966320
1698,1,1365966420
3903,2050,1365970928
2050,3903,1365970949
3602,2720,1365975763
2720,3602,1365975786
1990,3602,1365976439
3602,1990,1365976535
3602,3904,1365979246
3904,3602,1365979489
3602,3905,1365979550
3602,109,1365980490
3602,3906,1365980527
109,3602,1365980543
3467,3907,1365980774
3907,3467,1365981055
3825,3908,1365981278
199,2566,1365981363
3908,3825,1365981622
3781,2339,1365981624
2339,3781,1365981649
3905,3602,1365983063
3874,3894,1365983747
3686,1,1365983772
3602,3909,1365987915
3909,3602,1365988293
3602,3910,1365989489
3910,3602,1365989609
1710,2568,1365989800
3911,3524,1365992054
109,2566,1365992059
3524,3911,1365992078
3582,3602,1365992304
3602,3582,1365992350
2566,109,1365992512
3894,3874,1365995107
3590,3582,1365995784
133,85,1365995851
85,133,1365995889
3602,3912,1366000964
3912,3602,1366001964
3874,2568,1366002591
2568,3874,1366002751
3284,27,1366011592
27,3913,1366011947
27,3844,1366011959
27,3914,1366011982
27,3916,1366012014
3915,27,1366012423
27,3917,1366015937
3877,3077,1366019658
3077,3877,1366019729
500,3888,1366023189
3699,3676,1366024494
3676,3699,1366024511
3022,2651,1366028294
3022,3789,1366028343
3022,3615,1366028384
3022,3270,1366028434
3022,3795,1366028444
3022,3796,1366028463
3022,2791,1366028493
3022,3919,1366028504
3022,46,1366028533
3022,3920,1366028564
3022,3805,1366028583
3022,3024,1366028604
3022,3921,1366028614
3022,3665,1366028664
3022,3922,1366028684
3022,3023,1366028734
3022,3739,1366028774
3022,3602,1366028784
3022,2854,1366028844
3022,3924,1366028854
2566,3351,1366034910
2860,3926,1366034958
3351,2566,1366035317
2559,3926,1366035948
976,3927,1366038451
3841,3882,1366038620
3927,976,1366038766
1252,3914,1366039456
3914,1252,1366039720
2809,3687,1366040177
3687,2809,1366040307
2566,3928,1366041906
3928,2566,1366041976
3928,3467,1366042050
2750,109,1366042395
109,2750,1366042456
3290,3605,1366042911
70,1605,1366043223
27,3929,1366046208
3467,3928,1366046615
3829,3006,1366046730
3929,27,1366050616
3099,3930,1366052529
3839,109,1366054905
109,3839,1366054947
1843,545,1366056260
545,1843,1366056464
2549,3613,1366056645
3613,2549,1366056672
3829,3586,1366057431
3467,1052,1366059477
3107,3228,1366060009
3684,550,1366060492
3684,3719,1366060522
3517,3931,1366060961
3931,3517,1366061025
3684,3907,1366061233
3907,3684,1366061295
3719,3684,1366062417
3467,3932,1366062662
3467,550,1366063273
3467,3719,1366063925
3719,3467,1366068294
3868,3467,1366068808
3467,3868,1366068813
3656,3855,1366069471
3855,3656,1366069919
841,3888,1366072170
2549,2050,1366073231
2050,2549,1366073722
3267,3467,1366074050
3467,3267,1366074090
1252,109,1366079982
109,1252,1366080089
3467,3843,1366080127
3843,3467,1366080820
2050,545,1366080951
545,2050,1366081006
3661,3933,1366082116
3933,3661,1366083011
2809,3762,1366083249
3762,1970,1366083817
3762,2809,1366083820
11,3497,1366085143
3497,11,1366085580
2181,1290,1366085692
2903,3934,1366085877
3934,2903,1366085934
483,3935,1366110113
483,2128,1366110133
3537,3452,1366118639
3452,3537,1366118824
3926,3643,1366119982
3926,2860,1366120007
3926,3683,1366120179
3926,3936,1366120258
3499,3537,1366121997
3537,3499,1366122050
3925,2313,1366126080
3938,2549,1366129820
2011,3939,1366130879
3676,3537,1366131037
3537,3676,1366131058
3939,2011,1366132421
2998,3601,1366135833
36,3467,1366137846
27,3882,1366141847
27,3930,1366141859
3874,3940,1366146433
3940,3874,1366146584
3856,3107,1366147406
3930,27,1366149735
1911,1480,1366155250
2996,2566,1366156074
2566,2996,1366157626
3684,3941,1366167035
3941,3684,1366167046
109,1272,1366167121
85,19,1366168380
1451,1710,1366171287
3935,483,1366171671
3602,3847,1366172698
3847,3602,1366172877
46,3602,1366173655
3602,46,1366173714
3602,3523,1366177497
3523,3602,1366177559
3417,3319,1366191886
3926,3430,1366195942
27,3942,1366196767
3942,27,1366196902
3926,2313,1366197520
2222,3238,1366198417
3238,2222,1366198476
3537,3943,1366200240
1202,3944,1366201163
2566,3564,1366208488
3107,3856,1366209788
20,763,1366215367
763,20,1366215455
2566,2344,1366217482
164,3945,1366219836
3944,1202,1366221302
2860,3509,1366221894
2860,3148,1366221964
2755,14,1366224264
3939,946,1366224404
3709,3676,1366226427
3676,3709,1366227047
2809,3360,1366227877
3360,2809,1366228082
3509,3946,1366228518
3946,3509,1366228711
3684,3467,1366229064
3467,3684,1366229102
14,2755,1366231971
3925,1897,1366237439
3467,3882,1366249548
3882,3467,1366249982
3945,164,1366250257
2699,3467,1366251273
3467,2699,1366251385
1897,3948,1366255035
3948,1897,1366255121
2996,164,1366257186
164,2996,1366257261
2566,1855,1366258651
85,3949,1366261445
3949,85,1366261635
3917,27,1366281901
27,3950,1366289204
3924,3952,1366297800
3924,3801,1366297877
2313,3856,1366299123
3111,3537,1366313081
3537,3111,1366313108
3676,3111,1366314461
3111,3676,1366314590
3734,3409,1366314672
3409,3734,1366315013
3111,1941,1366315082
3409,3953,1366315135
3409,3385,1366315155
1941,3111,1366315172
3509,3824,1366317120
3404,2566,1366323038
2142,1456,1366324683
3738,3953,1366329452
3925,3954,1366330723
3954,3925,1366330741
1456,2142,1366354283
2287,2169,1366356689
2169,2287,1366357114
3452,3956,1366358376
3956,3452,1366358505
778,3957,1366366477
3957,778,1366368548
2891,3958,1366373308
3958,2891,1366373345
2549,3325,1366379522
2549,3833,1366380980
3833,2549,1366381031
1224,2549,1366382052
2549,1224,1366382429
1897,2991,1366388238
2991,1897,1366388373
2288,3959,1366389081
3521,3107,1366394866
3107,3521,1366394987
2918,3877,1366397221
3959,2288,1366397635
142,2313,1366400182
2313,142,1366400194
2918,3960,1366406307
3960,2918,1366406674
2287,2065,1366406937
2918,3876,1366408626
3834,2549,1366416567
2549,3834,1366416568
3961,2549,1366418267
3415,3962,1366433071
3962,3963,1366433198
3963,3962,1366434271
3950,27,1366438586
3924,3385,1366459217
2169,2153,1366461051
3325,3745,1366466785
2313,3738,1366466882
3738,2313,1366467243
3839,3946,1366469827
3946,3839,1366469842
3602,3962,1366473024
3962,3602,1366473051
3841,3962,1366473591
3962,3841,1366473625
3841,3602,1366474437
3602,3841,1366474440
3602,3964,1366475377
1777,2549,1366476926
2549,1777,1366477015
3745,3325,1366477391
27,3965,1366478794
3965,27,1366479860
3602,3709,1366480784
3709,3602,1366481356
3925,2998,1366485497
3524,3125,1366485540
3125,3524,1366485949
3602,3966,1366486933
3580,3325,1366491131
3325,3580,1366491317
3107,3580,1366494429
3580,3107,1366494558
3602,2300,1366495102
2300,3602,1366495105
3602,3967,1366496165
3967,3602,1366496430
3966,2566,1366497376
3788,3968,1366499606
3788,1920,1366500133
3788,2134,1366500224
3602,3969,1366500347
3602,3970,1366500390
3969,3602,1366500412
3970,3602,1366500490
3964,2549,1366501278
2549,1638,1366501615
1638,2549,1366501635
3910,1290,1366501871
2182,3971,1366506199
3971,2182,1366506213
46,863,1366507783
863,46,1366508322
3888,2549,1366509854
3658,3498,1366512213
3498,3658,1366512609
863,3972,1366513382
3973,3841,1366517645
863,3974,1366520481
3974,863,1366520515
3966,1679,1366522409
2240,3962,1366536106
3962,2240,1366536324
3962,3582,1366539571
3582,3962,1366539655
3582,3882,1366539733
3882,3582,1366539946
27,3975,1366545501
3788,3976,1366548492
3976,3788,1366548700
3384,3976,1366548742
3976,3384,1366549011
3976,3970,1366549037
3682,3977,1366549580
3682,3978,1366550067
1849,3979,1366550793
3979,1849,1366550876
3980,2549,1366553977
3833,3962,1366554554
3962,3833,1366554613
3734,3970,1366554859
3970,3734,1366554875
2313,3981,1366562801
3981,2313,1366562822
3231,46,1366564038
46,3231,1366564048
3602,3982,1366566439
3982,3602,1366566529
3964,3602,1366567893
2566,3983,1366571850
3841,3983,1366573428
3602,3231,1366574566
3231,3602,1366574571
3841,3937,1366574664
3937,3841,1366576766
2566,3961,1366582954
3961,2566,1366582956
2323,1318,1366587693
3591,3602,1366592251
3602,3591,1366592251
322,3582,1366592900
3602,3984,1366594835
3984,3591,1366596633
3338,2116,1366597835
2116,3338,1366597884
1480,1642,1366598318
3984,3886,1366598886
3222,3231,1366601709
3231,3222,1366601779
3684,3985,1366605433
863,3886,1366633982
2065,3987,1366640497
3987,2065,1366640590
3986,3745,1366642842
3745,3986,1366643011
3886,3499,1366645228
3682,2559,1366653452
3682,3683,1366653457
3682,3643,1366653461
3860,3745,1366654189
3925,3590,1366655179
142,3384,1366658347
3384,142,1366658443
2240,863,1366659800
3684,3709,1366660790
3709,3684,1366660795
3684,2549,1366663614
2549,3684,1366663636
2566,3989,1366665407
3524,1911,1366665740
3524,2549,1366665912
2549,3524,1366665950
1911,3524,1366666205
3767,3990,1366675602
3077,1897,1366682837
3985,3684,1366682853
1897,3077,1366682903
1159,3991,1366690010
3991,1159,1366690107
2240,1,1366693583
3961,27,1366697329
3276,2,1366716863
3841,3986,1366720930
3986,3841,1366721002
3988,2571,1366725127
3955,3824,1366725199
2571,3988,1366725354
2559,3992,1366726896
3992,2918,1366727128
1698,2105,1366733196
976,3993,1366734846
976,3994,1366739834
1679,3966,1366742612
1987,3648,1366744447
3062,2549,1366746721
976,3966,1366752682
3841,3995,1366755121
3995,3841,1366757906
2549,2200,1366758837
2200,2549,1366758917
976,3160,1366770131
3684,3872,1366770951
3872,3684,1366771019
3602,3996,1366771854
3996,3602,1366771955
3602,3872,1366772067
3872,3602,1366772178
2128,3997,1366773154
3982,3780,1366782194
3780,3982,1366782214
3681,2233,1366789723
2233,3681,1366789819
3839,3970,1366792322
3970,3839,1366792327
3955,3998,1366798226
3841,3999,1366812456
3999,3841,1366812512
2128,4000,1366813042
4000,2128,1366813665
3781,3842,1366815272
3842,3992,1366816257
3992,3842,1366816418
3781,2692,1366816729
2692,3781,1366816741
3398,2918,1366820761
4001,3648,1366824260
3997,2128,1366825382
2882,2233,1366826006
2233,2882,1366826069
27,3939,1366828061
3757,4002,1366834875
4002,3757,1366834985
3648,3516,1366835942
3516,3648,1366835974
3401,2331,1366838601
3966,3602,1366840206
3970,4003,1366842714
4003,3970,1366842769
291,4004,1366846177
2323,4005,1366847982
3955,4006,1366847983
4005,2323,1366848091
4006,3955,1366848169
3955,3409,1366850131
3409,3955,1366850181
2906,1454,1366850762
1454,2906,1366850778
2240,4006,1366851619
2906,3338,1366851679
3338,2906,1366851700
4006,2240,1366851941
1454,4006,1366852643
4006,1454,1366853048
3517,1405,1366856220
3517,4007,1366856270
1405,3517,1366856986
2200,2526,1366864954
2526,2200,1366865013
3962,1272,1366865193
1272,3962,1366865225
3962,1747,1366865291
2916,3409,1366866914
27,1405,1366880548
1405,27,1366880686
3238,4008,1366882660
4008,3238,1366882701
2945,3398,1366890403
3398,2945,1366890542
3384,2945,1366892726
2945,4009,1366892906
4009,2945,1366892980
2945,3384,1366892989
3970,2313,1366894994
2313,3970,1366895501
3970,3955,1366901590
3955,3970,1366901822
3578,2809,1366903873
2313,2559,1366904702
2313,2918,1366904877
3925,2918,1366905165
2240,3676,1366905644
3676,2240,1366906087
4005,3974,1366908086
3974,4005,1366908193
2646,3648,1366909878
3648,2646,1366909974
3776,4010,1366916710
2222,4011,1366921381
4011,3953,1366922175
4011,3824,1366922244
4011,2313,1366922274
4011,2222,1366922369
3510,3999,1366923104
3709,2566,1366924788
2566,4012,1366927858
4012,2566,1366928682
2566,3549,1366928774
3549,2566,1366928850
1863,3709,1366929162
3709,1863,1366929204
2134,1341,1366935390
2134,1112,1366935452
2134,2584,1366935486
3231,2903,1366948759
2903,3231,1366948863
1224,1954,1366953424
1954,1224,1366953481
3937,2200,1366960246
2200,3937,1366960310
3939,27,1366978882
3602,4015,1366980134
3841,4016,1366986094
4016,3841,1366986331
1777,303,1366986886
4015,3602,1366988065
976,4017,1366988122
3955,4018,1366988251
4018,3955,1366988814
303,1777,1366989556
3961,3745,1366991039
4020,2549,1366991680
2906,2549,1366992225
3745,3961,1366992718
1516,14,1366996808
2313,3955,1366996877
3955,2313,1366996991
2918,2801,1367000596
109,4021,1367002874
4021,109,1367004616
4021,4022,1367004691
2801,2918,1367005670
3684,3602,1367014947
3602,3684,1367014964
863,1272,1367020005
3757,1229,1367021444
1229,3757,1367021541
3602,1229,1367025394
1229,3602,1367025838
3684,887,1367038797
3684,2905,1367039214
2844,3841,1367046489
1563,3841,1367049526
3841,1563,1367049791
3684,3648,1367053070
2134,863,1367054072
3325,3757,1367055704
3757,3325,1367055741
1224,1349,1367066661
1349,1224,1367066662
3757,1224,1367074497
1224,3757,1367074527
2005,4024,1367080140
4024,2005,1367081046
2134,1349,1367083140
3634,3885,1367087301
3885,3634,1367087313
3734,3955,1367090988
3955,3734,1367091021
3745,2904,1367096188
2904,3745,1367096406
3876,4025,1367097402
4025,3876,1367097456
4025,4026,1367097500
3602,3745,1367098619
3745,3602,1367098962
4021,3953,1367102246
1290,3050,1367104354
3050,1290,1367105097
3966,976,1367106018
46,3050,1367110689
3050,46,1367110857
4010,4027,1367120642
1710,85,1367122329
3499,3886,1367122412
4010,4028,1367123614
4028,4010,1367123699
3285,4010,1367135777
3384,3398,1367146208
3398,3384,1367146888
85,1710,1367161819
1777,660,1367162726
660,1777,1367162750
3602,1941,1367164573
1941,3602,1367164579
3999,3510,1367164742
1224,1755,1367168033
1755,1224,1367168122
3602,1454,1367168601
1454,3602,1367168627
3938,3510,1367173930
3510,3938,1367174255
3602,4028,1367174619
4028,3602,1367174695
3745,3709,1367177274
3709,3745,1367177288
3602,4029,1367179296
4029,3602,1367179379
3462,1246,1367181540
3602,4030,1367183522
3862,3745,1367184558
3745,3862,1367184609
3602,3928,1367185058
3928,3602,1367185238
4028,3676,1367186265
3676,4028,1367186369
3602,3951,1367187456
3951,3602,1367187610
3602,4031,1367188535
4031,3602,1367189656
1290,3602,1367190715
3602,1290,1367190825
1246,3462,1367190928
3510,1755,1367195688
2233,1755,1367195728
3757,4032,1367209906
4032,3757,1367209999
27,2997,1367219994
3704,2994,1367227759
1174,3999,1367230838
3999,1174,1367231220
3107,4033,1367240913
2549,3107,1367241582
3107,2549,1367241593
4034,3955,1367245397
3955,4034,1367245768
976,14,1367246548
14,976,1367246589
4019,3757,1367248869
3107,3222,1367249338
3222,3107,1367249442
976,3947,1367250220
976,3769,1367255299
3769,976,1367255342
4034,4026,1367256907
1755,3769,1367259111
3769,1755,1367259775
3682,4026,1367260491
2809,4037,1367261680
4037,2809,1367261765
2331,3401,1367261947
3684,4030,1367265603
2331,3684,1367265616
3684,2331,1367265625
4030,3684,1367265705
3298,3390,1367267902
3517,3928,1367269682
3928,3517,1367269765
2679,1290,1367271227
1290,2549,1367271413
2679,2067,1367271441
2549,1710,1367271732
1710,2549,1367271996
3947,976,1367275216
3757,3281,1367276085
1454,4019,1367276552
3757,3517,1367276669
3925,3207,1367279661
3207,3925,1367279923
3684,863,1367286914
3776,11,1367292820
11,3776,1367292822
2280,122,1367296302
122,2280,1367296346
3602,4016,1367296753
4016,3602,1367296864
3343,3022,1367298114
3462,3935,1367302224
863,4038,1367305022
4019,1454,1367306495
2280,4038,1367306597
4038,2280,1367310646
1174,4036,1367312790
4036,1174,1367312898
3970,4019,1367317816
3390,3298,1367328333
2809,2050,1367329567
2050,2809,1367329996
4030,3602,1367337778
3925,3409,1367339650
3409,3925,1367339714
4030,3841,1367341121
3384,3925,1367341263
4019,3970,1367342843
2809,2813,1367344867
3862,2233,1367348572
2233,3862,1367348620
3682,4039,1367349187
501,2903,1367349581
2903,501,1367349651
3682,3385,1367350871
1290,3925,1367351870
314,2240,1367359678
2240,314,1367359913
3947,4040,1367360746
4040,3947,1367360749
4019,2629,1367361881
2629,4019,1367361941
4028,3973,1367363690
3973,4028,1367363754
4010,1638,1367369681
3667,2233,1367371516
3602,1638,1367372260
1638,3602,1367372265
4030,4042,1367372869
4042,863,1367372882
4042,4030,1367372937
1307,1947,1367373151
1947,1307,1367373374
863,4030,1367373733
863,4042,1367373761
2240,2204,1367374392
2906,2566,1367376640
4006,2566,1367378315
2566,4006,1367378364
3776,3602,1367379308
3602,3776,1367379436
3961,3602,1367381046
3602,3961,1367381147
3602,4043,1367381802
3602,3937,1367382644
3937,3602,1367382880
3602,1777,1367382908
1777,3602,1367383521
1272,109,1367384391
1272,1349,1367384980
4043,3602,1367388812
863,2287,1367389812
2287,863,1367393468
3769,2903,1367395230
2903,3769,1367395242
3769,27,1367396479
3769,2327,1367398376
2327,3769,1367398548
2222,4026,1367400137
2813,2233,1367405588
3841,4044,1367411974
4044,3841,1367412214
3283,976,1367417189
4017,976,1367417408
2243,2280,1367420142
2280,2243,1367420307
2280,2204,1367420611
2243,2204,1367420739
3207,2204,1367420814
1238,506,1367426406
11,3510,1367427021
3510,11,1367427108
4010,3776,1367436619
3238,4045,1367438580
4045,3238,1367438678
3222,324,1367439418
324,3222,1367439503
3684,4013,1367440194
4013,3684,1367440375
976,3928,1367440832
3928,191,1367440876
4019,4046,1367443266
4046,4019,1367443304
1290,4047,1367444467
4047,1290,1367444497
4019,4045,1367446233
4045,4019,1367446301
3769,4010,1367448353
4010,3769,1367448625
2559,4048,1367449857
1843,11,1367450806
11,1843,1367450998
1290,11,1367451494
1679,1843,1367452476
1843,1679,1367452576
2127,6,1367453917
4049,2323,1367462155
2323,4049,1367462666
1563,2646,1367463070
4049,3835,1367463603
4016,4050,1367465921
4050,4016,1367466018
3419,4028,1367467361
4028,3419,1367467366
3338,1777,1367468830
1777,3338,1367469065
4042,4050,1367469712
4050,4042,1367469856
4028,4042,1367470994
4042,4028,1367471558
3769,1563,1367478592
1563,3769,1367478596
11,3972,1367483797
3972,11,1367483999
3972,863,1367484120
3841,3207,1367497910
3207,3841,1367497937
2313,3510,1367509202
3510,2313,1367509224
4019,3745,1367517209
545,4046,1367518273
4016,1823,1367518340
1823,4016,1367518378
4046,545,1367518984
1823,4019,1367520063
4050,27,1367520324
2954,2566,1367523208
4019,1823,1367524601
1516,4050,1367526814
4050,1516,1367526901
3582,3841,1367529799
3769,4016,1367530000
4016,3769,1367530071
1755,3229,1367530649
1755,4052,1367530694
4052,1755,1367530810
4042,3856,1367530967
3841,3582,1367531737
4041,2566,1367531971
4021,4026,1367535641
3013,11,1367541048
11,3013,1367541253
3013,4050,1367542472
4050,3013,1367542560
3602,4053,1367543889
4053,3602,1367543970
2262,3602,1367544093
3602,4054,1367544132
3602,2262,1367544183
4054,3602,1367544273
3602,4055,1367545101
3602,4056,1367545227
4056,3602,1367545261
3602,3305,1367545751
3305,3602,1367545763
4010,4054,1367547324
4054,4010,1367547334
2332,4057,1367549201
4057,2332,1367549242
1,1460,1367549394
4054,27,1367560396
863,2050,1367560761
2050,863,1367560804
4054,2050,1367561939
2050,4054,1367562360
3769,2050,1367564431
4021,3788,1367571541
2918,3756,1367573521
2918,4048,1367574740
1701,4059,1367582323
3238,3892,1367586127
4048,2918,1367586695
2692,3517,1367596160
3415,3281,1367597062
3281,3415,1367597160
3281,3757,1367597442
3514,3343,1367600928
2566,3102,1367602067
3102,2566,1367602084
2566,4041,1367602132
27,4060,1367603317
27,3961,1367603331
2566,3514,1367604129
3514,2566,1367604131
2008,3443,1367607989
3443,2008,1367608392
4059,1701,1367609474
3975,27,1367611816
3514,3769,1367614895
4016,3216,1367614940
3769,3514,1367614967
3343,3514,1367615243
3338,11,1367637187
11,3338,1367637209
3633,4022,1367657604
3892,3238,1367661888
3648,1987,1367672938
3648,3528,1367672959
3648,4001,1367673048
3648,3684,1367673132
3648,3763,1367673158
11,868,1367676025
868,11,1367676265
3633,2918,1367679287
3633,3148,1367679328
3514,3996,1367690687
3996,3514,1367690689
2918,3633,1367691865
3602,2127,1367692409
2127,3602,1367692411
3602,4061,1367696225
4016,109,1367698414
4002,3648,1367698754
3648,4002,1367699360
3602,4019,1367700266
4019,3602,1367700283
2775,3590,1367700492
4019,4062,1367702056
4062,4019,1367702217
1589,4047,1367704158
4047,1589,1367704231
4019,1580,1367704542
1500,1710,1367704826
3602,1701,1367708483
1589,3684,1367708813
1701,3602,1367708904
3602,4063,1367708926
4063,3602,1367709014
4053,4019,1367710423
4019,4053,1367710436
3602,4064,1367712730
4064,3602,1367714054
3602,4042,1367714077
4042,3602,1367714093
1589,3779,1367714313
3779,1589,1367714392
3338,3602,1367716067
3602,3338,1367716148
3769,4030,1367740457
4030,3769,1367740551
27,3769,1367741554
27,4065,1367741568
27,4050,1367741581
3238,3905,1367743466
1698,3774,1367776605
1698,4067,1367776611
2549,2789,1367780175
2789,2549,1367780560
2443,11,1367781134
3888,3510,1367781634
1563,3617,1367781767
3510,3888,1367783446
3888,2366,1367783745
3769,3985,1367786283
2566,3779,1367792892
3510,4069,1367795771
4069,3510,1367796400
3602,1843,1367797922
1843,3602,1367798035
3985,3769,1367806571
3602,1563,1367806686
1563,3602,1367806690
1860,3602,1367808830
3602,1860,1367808888
3602,4070,1367811620
4070,3602,1367811707
2922,4058,1367813973
4058,2922,1367814059
4042,3684,1367816091
3684,4042,1367816098
42,4058,1367817078
4058,42,1367817189
4042,164,1367817303
164,4042,1367817338
3684,3514,1367821088
3514,3684,1367821109
15,2928,1367853692
3676,3834,1367854242
3834,3676,1367854302
976,3036,1367856779
976,4071,1367857158
3905,3238,1367861314
3417,4072,1367864835
3417,4073,1367864883
3829,2904,1367868663
2904,3829,1367868781
4010,3610,1367869602
4041,4074,1367870218
1891,1646,1367882394
4033,3107,1367889889
1984,4075,1367890127
1667,863,1367890132
1667,2138,1367890192
3360,4076,1367895979
3779,4068,1367898058
3360,4077,1367898389
4077,3360,1367898456
4068,3779,1367899128
4073,3417,1367899650
4073,4072,1367899694
3779,3613,1367900473
3613,3779,1367900476
3888,4055,1367901044
3888,4078,1367901199
4078,3888,1367901215
4078,4056,1367902201
2566,2754,1367903306
2754,2566,1367903528
2903,3338,1367903681
3338,2903,1367903686
3888,3325,1367904949
3602,4014,1367905065
3325,3888,1367905534
3613,3307,1367905665
4014,3602,1367905746
4049,496,1367906239
3325,4079,1367910408
4079,3325,1367910562
4079,3880,1367916786
3238,3077,1367919420
3077,3238,1367919487
3955,3430,1367925181
3469,1117,1367936403
1117,3469,1367937353
4061,4080,1367942240
1747,1516,1367944625
2141,1747,1367944625
1747,4042,1367944678
4041,4061,1367945364
1516,1667,1367947096
4061,4041,1367949232
3676,4061,1367949792
4061,3676,1367949795
4061,3602,1367949944
4080,4061,1367953400
2005,4079,1367955932
4079,2005,1367956038
4041,3443,1367956361
3443,4041,1367956478
2566,3741,1367963657
11,3517,1367964256
3517,11,1367964274
3946,4026,1367967284
1911,506,1367972796
1159,4081,1367976635
3602,2737,1367978077
2737,3602,1367978183
3686,3602,1367981030
3602,3686,1367981216
3602,4079,1367982185
4079,3602,1367982366
2233,1764,1367983794
863,2233,1367984506
3602,1184,1367987365
1184,3602,1367987569
4079,2200,1367989847
3841,600,1367990764
600,3841,1367991202
4079,4081,1367994914
4079,600,1367996440
3841,4082,1367996460
4082,3841,1367996686
600,4079,1367997612
3510,4083,1367999927
4083,3510,1367999991
2323,4079,1368002763
4081,4079,1368005166
2200,4079,1368017626
1174,1941,1368025972
1941,1174,1368026008
3989,2566,1368031331
2809,2549,1368034854
3590,3510,1368039225
3510,3590,1368039292
3325,1563,1368041385
1563,3325,1368041467
3398,4084,1368046336
4048,3393,1368050183
4048,4026,1368050270
3373,4019,1368050972
4019,4048,1368051349
1755,4085,1368056115
3779,1480,1368058596
1480,3779,1368058815
2789,1992,1368059680
1992,2789,1368059701
3648,2754,1368061257
2754,3648,1368061286
2754,11,1368062296
11,2754,1368062329
3338,887,1368067585
1056,4086,1368077062
1755,4087,1368078878
4087,3469,1368078904
4087,1755,1368078937
4087,1290,1368079077
3841,1638,1368079692
1638,3841,1368079712
4086,1056,1368083541
2692,1563,1368096991
3325,4061,1368101961
4061,3325,1368102351
3648,1516,1368109593
1516,3648,1368109667
27,4054,1368110359
1755,4088,1368111847
4088,1755,1368112304
4088,3669,1368112432
3669,4088,1368114707
3947,3751,1368115218
976,4089,1368116399
4089,191,1368117042
4079,4061,1368118095
4061,4079,1368118195
4048,3643,1368122472
4048,3148,1368122542
3469,2566,1368122744
3469,4087,1368122808
2566,3469,1368123269
407,863,1368126064
1290,4087,1368126623
863,407,1368126694
4061,4093,1368128883
4093,4061,1368129023
42,3338,1368148103
4010,3415,1368149833
3415,4096,1368149912
4010,356,1368150039
356,3415,1368150179
4058,3769,1368150450
3769,4058,1368150451
4074,3469,1368152335
4096,3415,1368154110
3732,3359,1368180369
3359,3732,1368180481
3684,4057,1368181175
4057,3684,1368181340
3510,19,1368190485
2789,2065,1368203645
2065,2789,1368203656
3829,3676,1368210402
3676,3829,1368210437
3829,4098,1368211672
4098,3829,1368211734
3935,3462,1368214464
3935,4004,1368214555
3676,4079,1368216036
4079,3676,1368216093
133,2692,1368216739
3834,976,1368217065
976,3834,1368217761
2692,133,1368219057
976,2323,1368219302
2323,976,1368220000
11,4079,1368225412
4079,11,1368225623
3602,4099,1368229565
4099,3602,1368229859
4072,4073,1368230237
4072,3417,1368230305
4079,3709,1368230734
3602,1623,1368233276
3709,4079,1368233299
1623,3602,1368233405
4079,2323,1368233457
3360,4079,1368233881
2107,4100,1368239316
4079,2754,1368239361
2754,4079,1368239415
4021,3398,1368275147
3398,4021,1368275737
3510,3517,1368283423
3684,2233,1368336499
4087,4102,1368347126
4102,4087,1368347213
1174,30,1368357597
1174,376,1368357675
376,1174,1368362853
3398,4103,1368365862
4103,3398,1368370489
2443,2104,1368420051
2233,600,1368421610
600,2233,1368421898
4041,4104,1368427935
4104,4041,1368428048
30,1174,1368428839
2559,3955,1368433289
397,3955,1368445941
4019,4105,1368458409
4105,4019,1368458476
3676,4106,1368460100
4106,3676,1368460226
3401,3469,1368463543
2065,3741,1368463843
3741,2065,1368464083
4100,2107,1368464803
3586,3829,1368475371
3967,863,1368475475
3829,2481,1368475765
2481,3829,1368475858
11,4106,1368477062
4106,11,1368477062
11,3282,1368477945
3829,3282,1368478007
3282,3829,1368478022
4079,2104,1368478171
3282,11,1368478226
3111,3510,1368478369
3510,3111,1368480104
3398,4107,1368485861
4107,3398,1368486010
3829,2116,1368491100
2116,3829,1368491367
3510,4108,1368492297
3510,4109,1368492311
4108,3510,1368492356
3228,3107,1368496759
3769,3951,1368499942
3951,3769,1368500020
4076,3360,1368501947
11,2443,1368502070
1460,407,1368510494
407,1460,1368510518
3769,4110,1368523119
4110,3769,1368523218
2566,4111,1368526509
3325,4111,1368526520
3586,3888,1368539201
3888,3586,1368539214
4081,3319,1368542051
4041,3933,1368546990
4079,4070,1368547559
4070,4079,1368547594
3933,4041,1368549894
4023,976,1368550210
976,4023,1368550244
3829,3057,1368552907
3057,3829,1368552908
4109,3510,1368553781
3933,4031,1368554348
4031,3933,1368556756
507,3779,1368558374
1290,3776,1368558612
3776,4014,1368562088
3835,4049,1368562503
4014,3776,1368563178
4019,4112,1368565987
4019,3986,1368568900
3986,4019,1368569018
3524,3586,1368571378
3586,3524,1368571413
3467,4109,1368573319
4109,3467,1368573400
4074,3586,1368573734
4041,4113,1368593380
4113,4041,1368593563
2754,3517,1368598036
3517,2754,1368598062
3769,2404,1368608707
2404,3769,1368609032
3955,4107,1368617187
4107,3955,1368617201
4048,3385,1368623398
1349,1516,1368626004
2775,3510,1368627413
3469,1290,1368646283
3769,4115,1368647894
4115,3769,1368647925
3769,3962,1368650361
3962,3769,1368650505
863,4010,1368654384
4041,3829,1368658982
2566,4035,1368661779
3684,4101,1368664683
4101,3684,1368664765
3769,4116,1368664770
4116,3769,1368664870
3467,4078,1368667008
4078,3467,1368667025
3757,3467,1368668197
3467,3757,1368668210
4079,4095,1368670738
4095,4079,1368673983
3757,3548,1368674413
3548,3757,1368674546
4095,4117,1368674714
4117,4095,1368674754
2233,4118,1368681695
4118,2233,1368681741
4118,4119,1368681782
3684,3566,1368683274
3566,3684,1368683381
2128,4120,1368690042
4120,2128,1368690794
3276,454,1368696159
3955,397,1368697548
2559,3398,1368708748
3398,2559,1368709558
3868,27,1368712078
4019,4107,1368715476
976,4122,1368716036
4122,976,1368716062
3469,3524,1368718411
3779,2566,1368718451
4107,4019,1368719114
3499,3524,1368720087
4123,27,1368727378
4023,2549,1368727531
4121,3983,1368729852
3757,2882,1368730568
2882,3757,1368730619
1516,4124,1368733261
4124,1516,1368733374
1580,4019,1368734358
4021,4125,1368737076
831,27,1368738128
27,831,1368738149
454,3276,1368739063
1619,3276,1368740950
3276,1619,1368741031
2050,3769,1368742030
1516,87,1368744057
863,265,1368745090
1563,4109,1368745824
4109,1563,1368745865
265,3947,1368745958
4019,4120,1368747269
4120,4019,1368747458
3947,3590,1368756979
3590,3947,1368757197
3769,2891,1368758928
2891,3769,1368758948
3566,1710,1368763470
863,4126,1368764694
2851,2065,1368772424
199,4019,1368788533
4019,199,1368788561
3102,2105,1368798011
4123,4121,1368799630
4121,4123,1368799721
3586,2256,1368807373
177,1516,1368807379
3517,1580,1368808443
1580,3517,1368808521
1866,4026,1368860258
4119,4118,1368860783
4123,4127,1368860797
4127,4123,1368860892
27,4123,1368869417
4010,3417,1368883442
3499,3285,1368885526
3285,3499,1368885560
4108,4128,1368892957
4108,3148,1368892978
4108,4129,1368893595
2918,2559,1368894314
1755,3074,1368910780
3074,1755,1368910810
3415,4131,1368911113
11,2065,1368912751
322,4132,1368916680
4132,322,1368916746
4123,3586,1368917592
3586,4123,1368917685
4019,3634,1368918883
3634,4019,1368918976
3074,11,1368921327
11,3074,1368921333
3111,3566,1368926397
3566,3111,1368926441
3769,3074,1368932000
3074,3769,1368932010
314,42,1368935531
42,314,1368935609
4131,3415,1368936244
29,2918,1368959169
3499,4019,1368970881
11,2543,1368982913
4124,1290,1368986716
3984,3602,1368989694
3672,2339,1368992266
2339,3672,1368992420
2339,4124,1368992854
4124,2339,1368992984
2339,3415,1368993408
3415,2339,1368993429
3566,4133,1368994775
4133,3566,1368994957
27,4134,1368998468
4134,27,1368998651
3125,4135,1368999947
4135,3125,1369000181
4019,3405,1369000332
3405,4019,1369000361
4136,3955,1369002140
3955,4136,1369002157
4136,3824,1369002565
4127,3281,1369009854
3281,4127,1369009906
1619,4108,1369012036
4108,1619,1369012110
4010,4137,1369014726
3993,976,1369022252
4041,4127,1369025886
4127,4041,1369025954
2323,4138,1369038909
2107,4081,1369043621
4081,2107,1369044535
3955,3726,1369047656
2918,4139,1369052706
4139,2918,1369052957
4090,191,1369063531
511,42,1369065581
42,511,1369065669
2332,42,1369065919
42,2332,1369065938
3779,507,1369068075
1516,1747,1369068390
1755,3338,1369077663
3833,4041,1369077972
4041,3833,1369077981
27,4140,1369079283
3499,4108,1369079306
1563,3499,1369080163
3499,1563,1369080205
3499,3745,1369081174
2734,1755,1369083054
1755,2734,1369083484
1460,2405,1369086756
2405,1460,1369086986
11,4141,1369089100
4141,11,1369089252
2200,4041,1369092129
4041,2200,1369092173
4131,3271,1369093776
3271,4131,1369093824
3833,2914,1369098214
3125,2566,1369107787
4108,3499,1369107821
3125,3499,1369107849
4108,2566,1369107917
4019,3499,1369116489
4108,3140,1369125926
1580,4142,1369144632
4142,1580,1369144919
1274,3319,1369144978
4010,2082,1369147025
4010,191,1369147397
4010,3967,1369148343
2857,1307,1369150735
4019,4143,1369157059
4143,4019,1369157069
3509,4144,1369158041
976,4090,1369158963
27,3868,1369159435
976,3107,1369160598
4130,2065,1369165298
2065,4023,1369174468
4145,3517,1369174921
1935,2566,1369176945
2566,1935,1369177074
3467,3729,1369177823
3955,4146,1369179366
4146,3955,1369179403
4041,4147,1369184312
4147,4041,1369184449
3729,3467,1369185024
1998,291,1369190657
3741,2566,1369190836
4130,3566,1369191068
3319,1274,1369194677
2566,4149,1369194742
3319,3417,1369194799
3319,1112,1369195220
3319,4,1369195252
3319,4150,1369195261
3319,4151,1369195273
4066,1143,1369195342
3319,11,1369195346
1274,1143,1369195422
3319,1143,1369195582
314,863,1369214427
863,314,1369214574
2903,3415,1369225512
3415,2903,1369225536
507,3617,1369240888
3617,507,1369240933
2332,2050,1369243140
2050,2332,1369243270
4041,4152,1369246914
4152,4041,1369246977
4041,2865,1369250216
2865,4041,1369250270
3415,1516,1369256352
1516,3415,1369256556
3125,4153,1369262174
4153,3125,1369262204
2207,2065,1369265984
1897,4154,1369266941
4154,1897,1369266948
3769,3268,1369268072
3268,3769,1369268098
3566,4130,1369269206
4042,3769,1369274905
3769,4042,1369275008
3769,3105,1369281121
3105,3769,1369281254
2065,2207,1369282677
3566,4097,1369286634
4066,4155,1369296960
3955,4156,1369307645
4156,3955,1369311282
1897,3955,1369316949
3955,1897,1369317053
3757,4019,1369320424
691,3757,1369323489
3757,691,1369323550
2053,4157,1369328721
4157,2053,1369329634
1755,3757,1369334684
1516,3441,1369334787
3757,1755,1369334971
3319,3441,1369335369
4079,3757,1369336686
4108,3839,1369336964
2918,29,1369337024
2918,2825,1369337040
2918,3095,1369337066
3281,4158,1369337277
4158,3281,1369337335
3829,3757,1369339681
3757,4079,1369340676
3757,3829,1369340761
2918,4159,1369342407
1516,3829,1369342428
4159,2918,1369342578
3986,3829,1369348085
3829,3986,1369348102
3986,4119,1369348102
27,4160,1369350943
1755,2920,1369353369
4042,4041,1369353373
4070,4161,1369382346
4161,4070,1369382397
4019,3709,1369386950
3709,4019,1369389499
178,1897,1369413732
3447,1777,1369414562
1777,3447,1369414687
3102,3107,1369414931
3107,3102,1369415311
1897,4163,1369422252
3022,3847,1369424242
3769,4114,1369424824
4114,3769,1369424884
3769,241,1369425704
241,3769,1369425863
2559,4164,1369429080
3586,3338,1369430257
3338,3586,1369430297
2903,863,1369434594
863,2903,1369434612
4160,27,1369438369
3955,4119,1369444378
3517,4145,1369448287
4041,3776,1369459581
3776,4041,1369459585
3769,3209,1369460494
3209,3769,1369460535
3769,3566,1369461532
3566,3769,1369461578
11,3276,1369462915
1056,454,1369469892
1056,3276,1369469900
1056,1619,1369469935
3276,1056,1369470667
3276,11,1369470714
4019,4081,1369488450
4081,4019,1369488566
4081,4165,1369491906
4165,4081,1369492077
4019,3404,1369497979
1290,4081,1369505805
4081,1290,1369505833
1290,2679,1369505979
4019,2838,1369507487
2838,4019,1369507541
2233,2065,1369508111
3566,4166,1369511291
4166,3566,1369511625
2182,4167,1369514460
4167,2182,1369514582
3415,1563,1369514820
1563,3415,1369514888
3398,4168,1369522758
4168,3398,1369522806
4019,3254,1369524067
3254,4019,1369524585
3686,4108,1369534359
2182,6,1369537022
99,6,1369537384
4108,3686,1369539505
3979,2323,1369542389
2323,3979,1369542588
1056,4169,1369544491
4169,1056,1369545069
4041,4170,1369546688
4170,4041,1369546725
863,4171,1369557528
4171,863,1369557598
2182,1,1369569288
2182,4172,1369573215
4172,2182,1369573228
4019,2429,1369583448
2065,4119,1369585392
3527,19,1369588812
4160,3676,1369595826
863,4081,1369598389
4081,863,1369598437
27,4115,1369599106
3566,177,1369604620
177,3566,1369604661
2566,3769,1369606667
3769,2566,1369606717
3566,4174,1369612262
4174,3566,1369612483
2852,2065,1369623185
3769,3000,1369638110
3000,3769,1369638176
3745,3499,1369650848
314,1454,1369661822
1454,314,1369661945
4074,4142,1369662135
4142,4074,1369662222
2906,4019,1369665653
4019,2906,1369665666
3676,4176,1369665688
3676,4142,1369667384
4142,3676,1369667454
442,3745,1369667717
2918,4108,1369675288
2918,3398,1369675308
4168,2918,1369675849
2918,4168,1369675929
3676,4179,1369676733
4179,3676,1369676754
1866,2918,1369676962
3967,2065,1369677137
4051,4048,1369682497
4048,4051,1369682536
3107,2679,1369690152
11,4081,1369690483
4081,11,1369690504
27,4180,1369690522
4181,3517,1369710305
2339,4182,1369717835
4182,2339,1369717885
2323,4183,1369724055
3462,1892,1369724626
4183,2323,1369725617
4019,4184,1369728522
4184,4019,1369728770
863,3925,1369734147
1892,3462,1369734730
4081,4185,1369737140
27,4186,1369740039
1516,70,1369757245
1229,3676,1369758927
3676,1229,1369758937
4185,4081,1369760547
1954,3676,1369761061
3676,1954,1369761115
3231,2065,1369763173
4173,3676,1369770105
3676,4173,1369770146
1290,4041,1369770840
4041,1290,1369770876
1290,3469,1369771074
442,1290,1369771567
1290,442,1369771602
3769,1460,1369778609
1460,3769,1369779041
3361,27,1369790503
3769,3779,1369792450
3779,3769,1369792479
2851,3984,1369794304
3984,2851,1369794304
3769,501,1369794846
501,3769,1369794871
2050,4187,1369794892
4187,2050,1369794898
2851,4188,1369797833
2065,2852,1369797962
4176,3676,1369801861
4163,1897,1369806057
1460,241,1369820631
1143,4189,1369830966
1897,2649,1369832905
2649,1897,1369832955
4121,3676,1369835581
4169,3979,1369839537
4019,4176,1369842559
4176,4019,1369842643
2332,4123,1369842878
3586,3469,1369853580
3586,4190,1369855142
4190,3586,1369855254
4074,4041,1369856733
4074,3207,1369856757
1580,3757,1369857587
3757,1580,1369857636
1580,4191,1369858449
4191,1580,1369859497
3362,4191,1369860132
1460,3676,1369864472
3524,3469,1369864536
3566,4192,1369873921
4192,3566,1369874141
4081,4193,1369879237
1159,4193,1369879339
4081,1693,1369879561
11,99,1369882386
4185,4193,1369882749
4176,1638,1369888049
1638,4176,1369888094
4108,3937,1369889472
3937,4108,1369889689
4108,1229,1369889896
1229,4108,1369889906
2679,3107,1369895187
27,2250,1369904352
3738,2918,1369908061
2918,3738,1369908115
3022,2918,1369920843
3022,1174,1369920874
3769,4111,1369982943
4111,3769,1369983068
27,4197,1369985724
314,4198,1369988366
4198,314,1369988439
4180,27,1369988781
863,4197,1369989306
4197,863,1369989648
4197,27,1369993575
3757,3562,1370001741
3562,3757,1370001765
1987,4199,1370008926
4191,3362,1370014406
863,4169,1370019525
4169,863,1370019570
4187,4041,1370022427
3566,4078,1370029225
3469,1755,1370031493
2851,3566,1370031500
3769,19,1370032280
508,19,1370032323
3401,4041,1370035366
4041,3401,1370035815
3447,3972,1370037445
3972,3447,1370037994
3447,3631,1370038957
3631,3447,1370039017
322,2750,1370039903
4019,3676,1370041047
3676,4019,1370041379
4023,2065,1370045118
2332,2323,1370045150
3955,3709,1370046968
3709,3955,1370047327
2323,2332,1370048607
3676,4160,1370050262
3769,4108,1370054600
3769,3984,1370056169
3984,3769,1370056191
4108,3769,1370056397
4108,4201,1370056483
4169,1777,1370058159
1777,4169,1370058528
1460,4202,1370061156
3305,2920,1370066174
1935,4171,1370073725
1935,3305,1370074753
3305,1935,1370074773
3590,1355,1370099570
4074,27,1370119247
27,4074,1370119924
1843,976,1370135270
4169,3415,1370137363
3769,3898,1370138911
3898,3769,1370138951
1755,3401,1370139246
3401,1755,1370139290
3305,4203,1370155334
4203,3305,1370155512
2865,4200,1370158123
4200,2865,1370158181
2851,4063,1370160724
2750,4124,1370162832
4124,2750,1370162990
4019,2065,1370165058
2692,4204,1370175128
2182,4205,1370179452
4205,2182,1370179459
3631,3745,1370194914
3745,3631,1370194924
1891,4206,1370196279
4204,2692,1370197295
4140,3676,1370197415
3676,4140,1370197446
2920,3305,1370201199
2920,976,1370201688
2323,2920,1370201704
2920,2323,1370201734
2920,1755,1370201802
2920,2566,1370202443
2920,4019,1370206572
3769,2920,1370206638
2920,3769,1370206730
507,4171,1370224288
4171,507,1370224368
3769,3401,1370225376
3401,3769,1370225415
507,3696,1370228615
3696,507,1370228708
3769,407,1370229948
407,3769,1370229949
3586,11,1370230791
3769,2682,1370245974
2682,3769,1370245978
1935,3937,1370248845
3937,1935,1370249042
4021,4108,1370250854
1755,2692,1370260923
4206,1891,1370262993
976,4208,1370280655
4208,976,1370280754
4142,2128,1370282947
2332,4127,1370288645
4127,2332,1370288751
4108,4209,1370288835
2339,3613,1370290228
235,3524,1370292011
2851,3401,1370295507
3955,3946,1370296490
314,2566,1370297506
2851,4135,1370298724
4135,2851,1370298787
3401,3631,1370304763
3631,3401,1370304781
3524,235,1370306426
3231,499,1370310787
291,1998,1370311313
133,2922,1370314282
1355,3590,1370314514
585,4200,1370315814
4200,585,1370315861
4041,2339,1370318228
2339,4041,1370318409
4137,1159,1370324379
3769,4207,1370325857
4111,2107,1370327309
2107,4111,1370331112
11,4197,1370333286
4087,241,1370333858
241,4087,1370334090
164,241,1370335783
241,164,1370337172
28,27,1370342155
27,4201,1370344686
27,4210,1370344698
4078,4055,1370345069
4207,3769,1370347153
863,1481,1370350580
3671,3586,1370353656
976,4078,1370356379
4078,976,1370356390
3671,1860,1370359834
1860,3671,1370360023
2204,3677,1370362136
3677,2204,1370362663
3677,2566,1370362794
3676,4121,1370365286
2851,314,1370367130
4041,3036,1370368888
314,4203,1370370229
4203,314,1370370286
4071,4041,1370370297
4091,976,1370374324
499,3231,1370382556
3769,4202,1370390633
4041,4071,1370392694
3769,4211,1370394235
4211,3769,1370394375
1777,3566,1370394690
3566,1777,1370394725
4041,4212,1370396930
2566,3671,1370399051
4137,2107,1370399290
2107,4137,1370399595
2323,3469,1370402366
241,1460,1370403608
2851,4213,1370406128
4213,2851,1370406234
4137,2065,1370408353
3676,4214,1370410241
4214,3676,1370410263
3415,11,1370415228
11,3415,1370415516
2107,4215,1370430562
4215,2107,1370431738
3517,2566,1370470080
3648,4169,1370470729
4019,4078,1370472146
4078,4019,1370472245
2566,4216,1370473897
3051,4216,1370474073
4216,3051,1370474089
4200,3686,1370484463
4124,4218,1370487695
4218,4124,1370488437
4169,3648,1370490108
1159,4137,1370490389
4187,2566,1370490839
3769,4219,1370512440
4164,4026,1370520342
4164,4034,1370520464
4164,4196,1370520532
4164,3148,1370520608
4212,4041,1370522143
4212,2566,1370522164
4212,4220,1370525432
4191,4019,1370526210
4019,4191,1370526256
3281,4221,1370528931
4221,3281,1370529005
4197,11,1370531726
4140,4222,1370534845
4222,4140,1370534911
2566,4212,1370536647
4131,3401,1370541979
314,3338,1370542130
3338,314,1370542184
3517,3338,1370542409
3517,1856,1370543558
1856,3517,1370543616
3338,3671,1370544087
3586,3671,1370544198
3469,3671,1370544621
3686,4200,1370546371
3686,3022,1370546497
1290,3671,1370547021
2005,2566,1370547833
3586,2323,1370548979
3469,2323,1370548993
3338,3469,1370549387
3469,3338,1370549428
2566,2005,1370552088
670,4223,1370554410
4223,670,1370554720
1355,2233,1370563207
2233,4224,1370574763
4224,2233,1370575767
4219,3769,1370577783
4019,3979,1370601802
27,4218,1370603770
3955,3881,1370609311
3881,3955,1370609403
3586,4114,1370631922
4114,3586,1370631959
3881,4225,1370635318
4225,3881,1370635383
3002,3464,1370640104
4187,4019,1370647411
4226,4019,1370650119
2566,4123,1370654934
2182,4227,1370655371
4227,2182,1370655393
2566,2008,1370661237
2008,2566,1370661296
2566,4228,1370663582
4228,2566,1370663613
3002,4217,1370664400
3631,3537,1370664413
4217,3002,1370664524
3769,3517,1370666795
3517,3769,1370666819
3769,2107,1370670557
2107,3769,1370670638
3591,4229,1370671334
3888,2692,1370682177
2692,3888,1370682187
4164,2559,1370688509
4191,4230,1370698160
4144,2182,1370699277
2182,4144,1370700313
3745,4225,1370700339
4225,3745,1370700443
4108,3824,1370704445
3745,4231,1370715208
4231,3745,1370715525
1290,3002,1370716910
1290,4232,1370717667
4232,4233,1370718537
4233,4232,1370720238
3745,4234,1370722422
4234,3745,1370722998
2918,4235,1370725481
4235,2918,1370725776
4235,4168,1370725865
4235,4236,1370725934
4235,4108,1370726043
4235,3385,1370726131
4108,4235,1370726529
241,3671,1370728376
4168,4235,1370731743
3362,4230,1370740885
4230,2566,1370748365
2566,4230,1370748413
3671,241,1370748722
2566,4238,1370749275
4238,2566,1370749301
3671,2200,1370753682
2200,3671,1370753807
4229,3591,1370756859
4240,4155,1370760386
3051,2750,1370764642
2750,3051,1370764752
4155,4229,1370765317
4229,4155,1370765319
4176,4241,1370771091
4241,4176,1370771112
2107,4242,1370771902
4242,2107,1370773194
4241,4239,1370777500
4241,241,1370778523
241,4241,1370778906
4219,4239,1370787676
4239,4219,1370787782
4019,4171,1370801323
4171,4019,1370801375
3671,4137,1370807816
4137,3671,1370807941
4114,2566,1370810245
2566,4114,1370810354
3002,1777,1370813273
3447,2481,1370814825
4019,3002,1370815752
2481,3447,1370818259
2481,4137,1370820355
4137,2481,1370820372
3002,2566,1370821295
27,2402,1370870811
2402,27,1370871454
2402,4,1370871489
4164,3824,1370878148
4090,2065,1370881699
2065,4090,1370881755
1755,1711,1370901143
976,3130,1370901797
3130,976,1370902204
1290,3829,1370902653
3829,1290,1370902682
2734,4041,1370906919
4041,2734,1370906955
4118,3829,1370911244
3829,4118,1370911287
3769,4200,1370916283
1860,2566,1370918000
3338,3631,1370924769
3631,3338,1370924817
3338,1764,1370930046
2865,3671,1370934410
3671,2865,1370934422
2107,4019,1370939009
4019,4226,1370961729
670,1755,1370964022
4244,506,1370964828
670,303,1370965869
3671,4174,1370971895
3002,4019,1370975396
2200,4019,1370976496
3881,4207,1370979965
4207,3881,1370980113
3002,3881,1370980138
3881,3002,1370980198
4207,4019,1370981355
3955,2559,1370989938
1755,3667,1370990688
3231,3586,1370993491
3586,3231,1370994616
3684,3671,1370995584
3671,3684,1370995889
4075,1984,1370998681
3566,4200,1371004423
4200,3566,1371004424
976,3002,1371008497
4155,4243,1371013568
322,507,1371015378
4243,4155,1371016530
1860,3769,1371019530
3769,1860,1371019555
3769,4074,1371021186
4074,3769,1371021229
3188,27,1371035075
3955,4246,1371048771
4246,3955,1371048808
2233,1274,1371058878
1274,2233,1371059103
4048,3398,1371060793
3398,4048,1371061151
670,4247,1371064299
4247,670,1371064338
4019,3671,1371065364
4171,27,1371070869
4212,3566,1371076774
3586,4247,1371081479
4247,3586,1371081514
1290,2200,1371084580
2200,1290,1371084753
1860,3586,1371085076
3586,1860,1371085115
303,19,1371085803
4101,3566,1371087105
3566,4101,1371087368
3566,4212,1371087675
3566,2200,1371093237
2200,3566,1371093302
4171,2200,1371094636
2200,4171,1371094671
3769,624,1371100361
624,3769,1371100409
4242,4248,1371103065
4248,4242,1371103097
4222,2362,1371108061
4019,4239,1371114830
4239,4019,1371114885
1516,99,1371130327
99,1516,1371130404
4019,3834,1371131594
2616,4026,1371134125
2851,4171,1371144820
4171,2851,1371144864
1843,1516,1371146545
1516,2851,1371146728
1516,1843,1371146751
2851,1516,1371146770
1290,1516,1371150518
3566,2005,1371155491
2005,3566,1371155539
3566,2851,1371155672
3671,2750,1371156015
2750,3671,1371156050
3967,4249,1371166722
4249,3967,1371166837
3769,4217,1371170251
4217,3769,1371175806
4041,3315,1371184923
2526,4041,1371186296
4041,2526,1371186550
3566,2339,1371187171
2339,3566,1371187175
863,4250,1371187319
4250,863,1371187594
3315,4041,1371187621
4162,3022,1371212068
3955,4162,1371215264
4162,3955,1371215786
2107,4251,1371223856
4251,2107,1371223877
2107,2851,1371225446
2851,2107,1371225466
2851,4235,1371227331
2339,2851,1371227590
4235,2851,1371227643
3750,4252,1371229390
4141,4125,1371229446
4252,3750,1371229504
4141,4168,1371229637
4125,4141,1371230639
4253,3750,1371232404
4121,4254,1371232630
4254,4121,1371232964
3769,4255,1371235012
4255,3769,1371235115
4019,3769,1371236112
3769,4019,1371236184
3750,3566,1371238109
3566,3750,1371238115
4041,4254,1371238570
4078,3566,1371238872
4254,4041,1371239271
3566,4254,1371240908
4254,3566,1371240984
3834,4019,1371241421
3586,4171,1371241761
3524,3499,1371241784
4171,3586,1371241788
4063,27,1371246568
3586,3967,1371247434
2190,1902,1371247545
3967,3586,1371247581
2233,4256,1371248456
4256,2233,1371249612
4041,4253,1371250525
4253,4041,1371250571
3566,4198,1371256266
4198,3566,1371256269
3769,4257,1371257414
4257,3769,1371257467
3769,3586,1371258630
3586,3769,1371258711
4218,27,1371263582
3586,4087,1371265128
4087,3586,1371265214
1764,3338,1371272802
3750,4258,1371277459
1755,4258,1371277709
4258,3750,1371277743
4258,1755,1371277804
3750,164,1371279577
164,3750,1371279688
4239,4259,1371298558
2107,4260,1371301613
4258,3745,1371314812
3745,4258,1371314856
4245,4239,1371323333
4239,4245,1371323382
2107,4235,1371334764
4235,2107,1371334856
4258,2339,1371335724
2339,4258,1371338033
3888,3745,1371341435
3745,3888,1371342326
4260,2107,1371346117
3462,4261,1371396133
1755,4115,1371397010
4115,1755,1371397101
2566,4173,1371399841
4173,2566,1371400497
2566,2793,1371404420
2793,2566,1371404459
2754,4262,1371404883
4262,2754,1371407061
1507,369,1371413478
369,1507,1371413514
1290,3643,1371417542
507,4190,1371418258
507,4263,1371418302
4263,507,1371418419
2699,1764,1371420010
1764,2699,1371420353
3462,4264,1371420437
4229,453,1371424769
1992,1755,1371426162
1755,1992,1371426230
4041,506,1371433077
2233,4200,1371435219
4200,2233,1371435252
4200,3769,1371436005
4019,4127,1371457754
4127,4019,1371458311
3359,2107,1371458836
2107,3359,1371458876
863,3207,1371461069
4261,3462,1371461934
2127,4019,1371461954
4019,2127,1371462150
2219,2362,1371474913
1566,2250,1371484381
3967,3401,1371484462
3401,3967,1371484525
1892,1143,1371484903
2107,4266,1371486574
4266,2107,1371486973
2851,4080,1371490008
1516,1777,1371492538
3401,4131,1371493513
4267,4268,1371494236
4268,4267,1371494476
3401,4019,1371494747
27,4270,1371498304
27,4171,1371498319
27,4063,1371498341
27,4271,1371498348
4019,4266,1371498617
4270,1516,1371499599
4266,4019,1371499962
4271,27,1371500165
2750,1117,1371500805
2550,3829,1371503377
3829,2550,1371503431
3829,4041,1371503616
4019,3947,1371504612
3947,4019,1371504718
2339,3338,1371506452
3338,2339,1371506499
42,1843,1371507329
4266,2050,1371508077
2050,4266,1371508097
86,4272,1371509522
4272,86,1371509830
4272,1290,1371509863
3006,2566,1371522666
2566,3006,1371522670
2566,501,1371523662
2566,4273,1371523743
501,2566,1371523798
4273,2566,1371523842
4273,3692,1371527547
3692,4273,1371527954
4246,4125,1371541068
4125,4246,1371545420
3447,4197,1371562870
4197,3447,1371562982
3447,2692,1371564146
2692,3447,1371564164
1535,3447,1371565805
3447,1535,1371566057
4176,4197,1371566322
4197,4176,1371566346
3692,4254,1371571326
3769,1843,1371572261
4254,3692,1371572651
1843,3769,1371573905
3692,4188,1371574203
1229,4041,1371574215
4041,1229,1371574230
4090,976,1371577666
4041,4198,1371579782
4198,4041,1371579785
1290,1954,1371581404
1954,1290,1371581446
4071,976,1371582478
3566,4019,1371587555
442,3692,1371589547
2323,442,1371591659
4226,4237,1371592815
4237,4226,1371592821
4041,4078,1371599259
4078,4041,1371599261
4144,1290,1371602614
4131,4115,1371613242
4115,4131,1371613286
4078,4074,1371613347
4074,4055,1371613411
4074,4078,1371613442
4200,3000,1371615032
3051,99,1371620015
4155,3319,1371622581
4019,4009,1371631478
4009,4019,1371634373
1290,4274,1371642563
4274,1290,1371642612
3955,4275,1371653660
4275,3955,1371653757
2914,2566,1371655304
2566,4276,1371656832
4276,2566,1371656876
2566,4239,1371657758
4239,2566,1371657954
4123,2566,1371659411
4277,2566,1371662610
4267,4041,1371666148
4277,4019,1371666658
4108,4109,1371667337
154,1,1371667452
4239,4274,1371667648
4274,4239,1371667688
4041,2629,1371668004
2629,4041,1371668025
4216,2566,1371671201
3517,4278,1371673253
4278,3517,1371673364
1941,4245,1371673641
4245,1941,1371673746
2549,2339,1371676111
2339,2549,1371677364
4279,2549,1371677495
3343,511,1371685937
4041,4266,1371688957
4266,4041,1371688981
1566,4169,1371716807
4239,4087,1371718624
4087,4239,1371718947
27,4280,1371726317
4245,1507,1371742718
1507,4245,1371742832
4190,507,1371745951
4265,1500,1371751471
1500,4265,1371751917
3738,3702,1371830288
3467,3951,1371830531
4245,4019,1371834657
4019,4245,1371836673
3692,647,1371841807
4131,3696,1371842029
3696,4131,1371842087
4237,1290,1371953785
3692,4266,1371954057
3692,2071,1371954616
2339,3586,1371955506
3586,2339,1371955643
4265,2566,1371958262
2566,4265,1371959279
4041,3338,1371960053
2566,4281,1371965959
4281,2566,1371966205
3467,4282,1371973646
2692,4144,1371975709
3745,4269,1371986234
4269,3745,1371986270
3966,3586,1371986622
3966,2339,1371986688
4269,2671,1371989294
4266,3692,1371993547
4282,3467,1371994990
1290,4237,1371996807
2566,4283,1371996944
4283,2566,1371997096
4269,4019,1371997182
3338,4041,1372003283
2339,4284,1372004262
4284,2339,1372004296
3586,2243,1372004546
3586,3966,1372005580
1290,4285,1372008482
4285,1290,1372008699
3692,3566,1372012541
3566,3692,1372012646
3566,4284,1372012766
2323,3002,1372013076
4265,4019,1372013675
4019,4265,1372013791
4116,3692,1372013912
3692,4116,1372013913
2339,4019,1372016863
4237,4286,1372027913
4286,4237,1372027974
3776,4287,1372031213
4287,3776,1372031258
4019,407,1372031371
407,4019,1372031422
4019,4288,1372031944
2233,3199,1372038000
3199,2233,1372038397
4144,2692,1372048470
4242,4203,1372057622
4203,4242,1372057709
4010,4289,1372061609
4242,4255,1372069926
4255,4242,1372070054
4019,4289,1372073276
4289,4019,1372073287
2339,3966,1372110568
27,863,1372122252
4144,1516,1372124552
2233,4290,1372129873
27,4291,1372130395
4290,2233,1372143028
4076,4239,1372148855
4239,4076,1372148912
2116,4121,1372150329
4121,2116,1372150389
4284,3566,1372150566
4121,99,1372152352
4144,99,1372152381
4131,3549,1372152601
4284,3705,1372152867
3705,4284,1372152906
4131,3727,1372153706
87,1891,1372155656
3727,4131,1372157031
3549,4131,1372159660
4200,2566,1372159883
2566,4200,1372159939
164,1891,1372160260
3671,4131,1372162827
4131,3671,1372162833
4200,4131,1372163972
3750,4166,1372170096
4166,3750,1372170507
4166,4041,1372170942
4041,4166,1372171023
2671,2339,1372176934
2339,2671,1372177014
2851,2922,1372182400
2851,3834,1372209727
3834,2851,1372209745
2922,2851,1372216304
4294,4148,1372243258
4219,3447,1372247860
3447,4219,1372248967
1516,4144,1372253188
3415,4296,1372254418
4296,3415,1372254491
3238,4297,1372258796
4297,3238,1372258994
27,3397,1372262647
4239,4293,1372264547
4293,4239,1372264557
3692,4124,1372265588
4293,4286,1372265850
4286,4293,1372265902
4124,3692,1372266284
3397,4041,1372266288
4041,3397,1372266517
3829,3397,1372267701
3397,3829,1372268145
3788,4298,1372279548
3788,3022,1372279655
3788,3148,1372279876
3788,4299,1372280084
3788,4236,1372280176
3788,4300,1372280232
3788,3393,1372280310
3947,2566,1372280390
3788,4302,1372280542
3788,4303,1372280583
3788,4304,1372280631
3788,3241,1372280700
3788,4305,1372280741
3788,4021,1372280807
3788,4306,1372280866
3788,4307,1372280919
3788,3734,1372280990
3788,4308,1372281054
3788,4309,1372281119
3788,4310,1372281219
3788,4311,1372281317
2566,3947,1372281990
3107,2323,1372284426
2323,3107,1372284435
4076,3290,1372285038
3290,4076,1372285105
3834,19,1372285382
3290,27,1372286599
27,3290,1372286689
4237,4124,1372287625
4124,4237,1372287693
3586,1563,1372289127
1563,3586,1372289136
3834,2566,1372298065
3586,2566,1372298634
2566,3834,1372298700
2566,3586,1372298719
3510,320,1372304021
3676,3856,1372308204
4312,164,1372308273
3856,3676,1372308299
164,4312,1372309647
4066,4313,1372315090
4313,3319,1372315514
3447,4315,1372335458
4315,3447,1372335554
4314,4316,1372335558
4316,4314,1372338856
3692,4207,1372341231
4207,3692,1372341254
2492,4314,1372346269
4197,3745,1372346283
3745,4197,1372346354
4314,2492,1372346359
3467,3510,1372348443
4131,1830,1372348881
3467,4239,1372348915
4239,3467,1372348959
1830,4131,1372350201
2243,3586,1372358444
3002,2323,1372359637
3745,2404,1372360355
2404,3745,1372360483
3788,4301,1372365631
1830,4041,1372367059
4041,1830,1372367855
4237,4317,1372371643
4317,4237,1372371763
4301,3788,1372371979
976,3117,1372374201
4131,4318,1372374605
3117,976,1372374772
4318,4131,1372375104
27,3130,1372378815
3130,27,1372380968
1290,2065,1372381157
511,2566,1372383591
3319,2067,1372383776
3319,324,1372383941
3319,4313,1372384027
4243,3319,1372384285
2851,4293,1372384496
4293,2851,1372384591
3319,4155,1372384823
3319,4243,1372385394
4269,4239,1372389551
4239,4319,1372389624
4319,4239,1372389739
3467,3586,1372389798
3586,3467,1372389814
4239,4269,1372389905
4316,27,1372402582
2851,3571,1372404837
3510,4320,1372407413
4320,3510,1372407471
4320,442,1372407778
442,4320,1372407854
3571,2851,1372408458
27,4316,1372409797
1274,3669,1372410785
3669,1274,1372410822
27,4269,1372415917
4269,3510,1372416973
3510,4269,1372417035
3447,4076,1372418640
4076,3447,1372418742
2243,2566,1372426731
2566,2243,1372426923
4019,3447,1372434951
1290,3447,1372447748
4041,4321,1372448531
4321,4041,1372448834
4321,27,1372449611
2793,2323,1372452409
976,4322,1372453600
4322,976,1372453610
1516,1517,1372454140
3745,4323,1372456439
4323,3745,1372456601
4219,3745,1372457242
3745,4219,1372457305
4323,4245,1372457458
4245,4323,1372459015
4237,4323,1372459129
4323,4237,1372459255
3692,4216,1372461314
2397,3692,1372470227
4131,3260,1372470240
3260,4131,1372470270
3692,2397,1372470345
4131,4269,1372471040
4269,4131,1372473314
3676,3326,1372474142
3000,4200,1372481226
4248,4324,1372489036
27,3610,1372500167
647,781,1372522425
647,1274,1372522481
3692,4325,1372522643
4325,3692,1372522726
4231,4019,1372526115
4019,4231,1372526146
4239,4326,1372528591
4326,4239,1372528656
4239,4327,1372529332
4327,4239,1372529444
4239,4330,1372531747
4328,4329,1372531788
4329,4328,1372531880
4330,4239,1372532175
4321,4239,1372536185
4239,4321,1372536387
4323,3517,1372548251
2646,3779,1372561730
3779,2646,1372561731
3676,4035,1372564092
4035,3676,1372564104
2172,2492,1372584661
2492,2172,1372584711
27,4331,1372610057
4301,4141,1372621657
3586,4332,1372625656
4332,4237,1372625674
4332,3586,1372626447
3510,2008,1372630367
2008,3510,1372630516
4141,4301,1372631666
3586,4074,1372636869
4333,3586,1372647091
4334,3586,1372648486
4131,3562,1372650582
3562,4131,1372650666
3751,4335,1372656949
4335,3751,1372656995
3751,1877,1372657282
3447,4323,1372679723
4323,3447,1372679746
4259,4239,1372692808
1580,4041,1372703395
4041,1580,1372703438
3586,4207,1372704740
4041,4283,1372705876
4121,4259,1372710897
4259,4121,1372710995
4121,322,1372711126
322,4121,1372711357
4259,4321,1372714345
4321,4259,1372714385
4041,3563,1372715122
4259,3498,1372716162
3498,4259,1372716353
3751,2815,1372721028
2865,3692,1372722504
3692,2865,1372722510
3563,4041,1372722573
3510,3467,1372723192
4202,3769,1372728772
3566,2526,1372731605
3490,4202,1372731622
2526,3566,1372731628
4202,3490,1372731644
4101,3692,1372731861
3692,4101,1372731862
2851,3125,1372737961
3125,2851,1372738590
3634,2851,1372739357
2851,3634,1372739393
3325,3499,1372747343
27,4259,1372761940
4095,3955,1372775237
2243,1987,1372780602
1987,2243,1372780636
4301,4336,1372789475
3751,959,1372790615
1777,4337,1372796512
4337,1777,1372796583
507,3634,1372801277
3634,507,1372801329
4041,507,1372802791
3617,1563,1372803342
27,4321,1372832688
3788,4338,1372849546
3788,4339,1372849575
314,3676,1372856663
3676,314,1372856714
1516,3967,1372863014
3238,2941,1372866959
2941,3238,1372867170
3498,4340,1372869448
4340,3498,1372869505
2793,1679,1372872281
4292,4341,1372872372
2793,4200,1372872654
4200,2793,1372872745
2233,3967,1372884133
1679,2793,1372895608
3231,1760,1372897492
11,1290,1372898206
3967,2233,1372898883
3967,3692,1372899054
3967,322,1372899249
3967,4121,1372899315
3967,2339,1372899342
3967,1290,1372899426
1290,3967,1372899456
1760,3231,1372917571
2323,2924,1372918480
3617,27,1372931102
2265,3447,1372931963
3447,2265,1372931990
4269,4342,1372934812
4296,4293,1372943685
4293,4296,1372943733
4291,27,1372948396
4291,3617,1372948455
4019,4293,1372950957
4293,4019,1372951016
4121,3571,1372953936
3571,4121,1372954245
4284,4343,1372957770
4293,4200,1372958743
4343,4284,1372958859
4200,4293,1372960718
4254,4344,1372961063
4344,4254,1372961144
3617,4291,1372963070
3955,4345,1372969845
4345,3955,1372970052
2851,4346,1372971260
4345,4034,1372972199
4034,4345,1372975622
4342,4269,1372975714
4141,3247,1373032335
4131,1563,1373040646
1563,4131,1373040674
4041,3130,1373041189
976,3779,1373042619
2566,4019,1373043691
4246,4039,1373050144
2571,4345,1373051033
4293,2566,1373054006
4019,2141,1373054014
1355,2566,1373057275
2566,1355,1373057361
4345,2571,1373061555
3305,4349,1373062194
4349,3305,1373062269
2566,2397,1373064482
4039,4246,1373066941
2397,2566,1373067268
4087,3051,1373068084
3051,4087,1373068503
2397,4190,1373068785
4190,2397,1373068808
4237,4350,1373077545
4350,4237,1373077590
4242,863,1373088438
4312,2065,1373127581
2065,4312,1373131778
4246,4353,1373133919
4353,4246,1373135439
3490,324,1373138733
324,3490,1373138735
2339,3967,1373141748
324,4354,1373142039
2174,4355,1373147297
4355,3148,1373147329
4355,2174,1373147397
4355,4356,1373147429
4355,3839,1373147817
4355,4336,1373147851
4355,4141,1373147883
1563,4245,1373149592
4245,1563,1373149627
4229,3268,1373150752
3268,4229,1373150776
4155,4240,1373153383
265,4349,1373159710
4349,265,1373159873
4200,4357,1373165066
4357,4200,1373165124
3517,4323,1373167190
4323,3888,1373167708
3888,4323,1373167747
3888,4358,1373181860
4358,3888,1373183516
3779,4293,1373217625
4293,3779,1373217766
3888,4061,1373217896
4061,3888,1373218277
4301,4125,1373231287
3326,3676,1373233253
4125,4301,1373234536
2339,863,1373237054
4237,3586,1373245431
3586,4237,1373245486
4131,4324,1373247379
4324,4131,1373247847
3779,2327,1373256955
2327,3779,1373256969
2008,2065,1373257676
4200,2065,1373258624
2065,4200,1373258766
4351,4207,1373268325
3611,3285,1373268449
4207,4351,1373271628
4019,2571,1373281188
4121,3967,1373290924
1987,2928,1373296852
4293,2065,1373297168
2065,4293,1373297211
27,4061,1373301385
4061,27,1373301476
3490,4360,1373303427
4216,4200,1373306120
4360,3490,1373306859
3613,4251,1373307438
4041,4361,1373309946
2492,3908,1373311380
3779,976,1373311603
3908,2492,1373311607
976,4362,1373314684
4041,4363,1373314788
3130,4041,1373314903
4362,976,1373314906
452,2172,1373315433
3967,3350,1373317579
4141,4336,1373320011
4019,4352,1373321226
4352,4019,1373321564
3510,4041,1373322611
324,4041,1373322619
4041,3510,1373323045
4041,324,1373323320
4361,4352,1373328010
4361,4041,1373328022
3586,4364,1373329506
4364,3586,1373329789
4363,4041,1373335268
4361,3692,1373336291
4365,3586,1373336614
3692,3305,1373344913
3305,3692,1373344933
4131,2851,1373345460
2851,4131,1373345892
2851,600,1373347010
600,2851,1373347256
2571,2682,1373366996
2682,2571,1373366998
3955,4125,1373367440
4125,3955,1373372020
4269,27,1373373683
2851,4269,1373381574
4269,2851,1373381760
1341,7,1373389805
1290,4061,1373397056
4061,1290,1373397148
3634,4328,1373398504
4328,3634,1373398623
4245,3586,1373398777
3586,4245,1373398793
4328,4061,1373399478
4061,4328,1373399556
2323,1777,1373401252
322,3967,1373401660
2815,3751,1373407848
3566,4367,1373427383
4367,3566,1373427491
4063,2851,1373432465
4097,3566,1373439181
2918,2571,1373442712
2571,2918,1373444641
4226,1274,1373453655
1954,3757,1373470576
3757,1954,1373470639
1563,4219,1373476964
4219,1563,1373476979
4080,2851,1373477324
4292,1843,1373478193
1843,4292,1373478239
976,3401,1373485623
1760,2065,1373493288
1563,4097,1373494068
4097,1563,1373494143
4237,3676,1373494937
3676,4237,1373494957
4352,4125,1373495705
4125,4352,1373496644
3517,4097,1373497284
4097,3517,1373497365
3692,4097,1373498019
4097,3692,1373498043
4324,976,1373517173
4316,4369,1373524688
4141,4359,1373529329
4141,4370,1373530704
4141,4371,1373531692
27,4372,1373537782
3447,3140,1373553369
3140,3447,1373553464
1563,2481,1373565150
2481,1563,1373565173
2141,4019,1373566094
3692,4373,1373573690
4019,3586,1373581053
3467,4228,1373581084
3586,4019,1373581225
1638,4375,1373585769
4375,1638,1373585810
4373,3692,1373591920
2851,3305,1373594625
4373,3490,1373595966
3490,4373,1373595978
3669,4229,1373617720
4229,3669,1373617775
3738,4352,1373637922
2851,2332,1373647442
2332,2851,1373647523
2851,2005,1373650091
2851,2339,1373651638
4373,4041,1373660521
4216,3692,1373661314
4373,4376,1373661860
4376,4373,1373661959
1710,1500,1373665819
3517,3117,1373666254
3117,3517,1373668299
4041,4373,1373668831
1451,4377,1373671609
3750,1563,1373679640
1563,4111,1373680692
4111,1563,1373680792
3510,4378,1373689850
4378,3510,1373689963
4373,2050,1373693676
2050,4373,1373693701
3447,4019,1373714544
4144,4269,1373723365
4269,4144,1373723441
3750,3779,1373725220
3779,3750,1373725275
4140,27,1373725432
4352,3738,1373726314
4269,2566,1373730761
2566,4269,1373731005
1451,4379,1373734599
4379,1451,1373734805
1451,2332,1373735195
2332,1451,1373735504
1563,1451,1373744668
1451,1563,1373744684
4019,2682,1373746517
4352,4353,1373746662
4353,4352,1373746753
2233,2682,1373747693
3338,4019,1373751862
324,976,1373752792
4377,1451,1373756327
4377,3158,1373756853
4237,4380,1373761635
4380,4237,1373761776
2566,3555,1373772618
4283,4041,1373778772
27,4332,1373787422
27,4381,1373787436
27,4383,1373787465
3888,863,1373790690
863,3359,1373795086
3359,863,1373795132
3359,2584,1373796382
4066,2067,1373821301
2067,4066,1373821484
2339,1355,1373822281
27,1941,1373823735
4019,501,1373835243
4352,4384,1373835604
4384,4352,1373835617
501,4019,1373836410
4164,4128,1373837456
3788,2860,1373840051
3447,4293,1373843127
4293,3447,1373843168
3415,4293,1373853996
4293,3415,1373854097
2526,4283,1373855055
4283,2526,1373855055
1355,4375,1373855884
4198,3888,1373866211
3888,4198,1373866757
3788,4359,1373879201
2566,3933,1373901651
2526,3933,1373902049
3933,2526,1373902146
2793,3779,1373902338
4190,4144,1373902542
4144,4190,1373902607
2526,4293,1373905099
4293,2526,1373905157
2526,4061,1373906803
4061,2526,1373906890
2851,4061,1373907152
4061,2851,1373907167
322,3467,1373908421
4041,4388,1373909640
3676,3479,1373912244
3676,3972,1373915622
2065,2339,1373922705
4388,4389,1373922749
4389,4388,1373923043
3447,4386,1373924800
3447,3676,1373924855
3676,3447,1373924898
4386,3447,1373925322
4041,3156,1373930391
3156,4041,1373930455
3209,2526,1373935682
2526,3209,1373935693
3750,2566,1373936641
4131,3564,1373937271
4131,4349,1373939883
3888,4390,1373954615
4390,3888,1373955287
4390,2492,1373960553
3447,4368,1373979106
3447,3484,1373979240
3325,4388,1373984688
4388,3325,1373984707
4121,4292,1373987652
4061,4293,1373988991
4293,4061,1373989323
3933,4293,1373990386
4293,3933,1373990603
3933,3447,1373993619
3829,3933,1373994332
3325,3756,1373994496
3447,3933,1373994640
3829,4390,1373997169
4390,3829,1374001996
3933,3829,1374002400
3829,4061,1374004782
4061,3829,1374004907
4019,2339,1374005151
3517,3757,1374005359
4061,4117,1374005954
4117,4061,1374005991
4095,4019,1374006117
4368,3447,1374010115
976,4053,1374010406
4053,976,1374010531
4392,2566,1374010869
4348,2566,1374012099
2566,4348,1374012123
4061,3750,1374013466
3750,4061,1374013501
2566,4061,1374013534
4293,3692,1374014213
3692,4293,1374014315
4216,2233,1374016967
3829,4393,1374018965
4393,3829,1374019183
3510,3967,1374019792
3967,3510,1374020038
3205,3510,1374023379
3510,3205,1374023433
154,1290,1374025239
3750,2327,1374029983
2327,3750,1374030043
2526,3750,1374031100
3750,2526,1374031203
2065,1954,1374040757
1954,2065,1374040873
1843,4200,1374041486
42,3692,1374042265
4200,1843,1374042955
4296,4394,1374044261
4394,4296,1374044364
4200,4394,1374047483
4394,4200,1374047724
4237,3447,1374053784
3447,4237,1374053785
2914,3676,1374070359
3676,2914,1374070379
3692,42,1374073407
4115,4395,1374075025
4395,4115,1374075056
4395,4041,1374076987
4,27,1374079267
3750,3933,1374080009
3566,4,1374080279
4,3566,1374080345
3933,3750,1374080390
3933,4321,1374081799
4321,3933,1374081817
2339,2065,1374087670
3933,3517,1374087872
2339,3933,1374088029
3447,314,1374089402
314,3447,1374089403
976,4042,1374090291
4042,976,1374090316
3447,2909,1374090641
2909,3447,1374091781
4109,4108,1374096155
2064,191,1374100335
1563,3750,1374101582
2064,976,1374101597
4041,4076,1374103178
4076,4041,1374103243
4360,4394,1374104389
3933,4394,1374106912
4394,4360,1374107214
3955,4396,1374109372
4396,3955,1374109644
4394,3933,1374126974
4237,4382,1374140125
4382,4237,1374140227
4398,4394,1374142661
1566,1143,1374146182
4382,4095,1374146909
4293,4042,1374151370
2918,3955,1374153457
3955,2918,1374153526
4375,4144,1374167367
4144,4375,1374167517
4121,4369,1374169102
4369,4121,1374169133
4200,4360,1374171041
4360,4200,1374171651
3613,4337,1374172237
501,2332,1374172393
2332,501,1374172399
4337,3613,1374172766
4041,2262,1374183451
2262,4041,1374183496
3779,1777,1374187641
3933,2339,1374196602
3350,3967,1374202996
3692,3967,1374203032
2566,4399,1374204621
4399,2566,1374204651
2332,4400,1374206923
1777,4401,1374207447
4401,1777,1374209756
4200,4401,1374210995
4401,4200,1374211090
1364,4041,1374219538
4041,1364,1374219614
2584,3510,1374220792
3510,2584,1374220829
4398,4402,1374225499
87,27,1374225607
4402,4398,1374225745
3447,4403,1374229604
3623,1274,1374237756
3955,4141,1374247080
3769,4071,1374251678
4071,3769,1374251928
3829,4254,1374253605
4254,3829,1374253898
4395,4394,1374257203
1318,140,1374258901
1318,1988,1374258986
1987,1318,1374261150
1987,1,1374261164
1987,1897,1374261655
4395,4404,1374265405
3692,4366,1374266318
4366,3692,1374266366
4404,4395,1374266578
42,1318,1374268735
4041,4395,1374270084
3888,4405,1374283932
4405,3888,1374284043
863,4131,1374284113
3888,4207,1374287397
3769,4406,1374306410
4406,3769,1374306809
863,4245,1374310047
4245,863,1374310175
2492,4407,1374315319
4407,2492,1374315395
2526,4408,1374334073
4237,4259,1374334708
4259,4237,1374334715
2492,2851,1374338176
2851,2492,1374338188
2851,4407,1374338858
4407,2851,1374338923
3750,4407,1374339077
4407,3750,1374339104
4400,2332,1374341359
3750,4160,1374341764
4160,3750,1374341806
4408,2526,1374345364
2332,4019,1374346157
4019,2332,1374346302
4409,4382,1374355587
4019,1451,1374355774
1451,4019,1374355802
4019,4407,1374358445
4407,4019,1374358642
1290,2737,1374361941
4131,4411,1374371135
4411,4131,1374371379
4239,4412,1374374410
4412,4239,1374374448
4413,3586,1374375152
4413,2,1374375181
4413,99,1374375197
4413,2430,1374375216
4413,3611,1374375231
4413,2429,1374375249
4413,1717,1374375264
863,4414,1374388745
4414,863,1374388755
4269,4382,1374405357
4382,4269,1374405390
4269,1915,1374405976
1915,4269,1374406432
4415,4131,1374422562
3207,1777,1374425609
1777,3207,1374425770
4053,2526,1374429984
2526,4053,1374430437
3692,2339,1374430737
4410,2065,1374433822
4053,3586,1374434271
3586,4053,1374434300
863,4173,1374436626
4173,863,1374436776
4342,4416,1374441524
2127,2851,1374441598
2851,2127,1374441663
4416,4342,1374444119
3510,4417,1374449675
4417,3510,1374449803
3415,3586,1374458565
3586,3415,1374458604
4375,887,1374460327
4375,585,1374469155
585,4375,1374469292
3888,4418,1374469421
4418,3888,1374469496
4415,4239,1374476028
4239,4415,1374476244
4239,4417,1374482151
4239,4419,1374483165
4419,4239,1374483232
4407,4239,1374486692
4239,4407,1374486721
4019,4207,1374487768
1580,4419,1374510157
4419,1580,1374510196
4019,4095,1374514406
3692,4312,1374515910
4382,4420,1374518130
4420,4382,1374518301
3888,2851,1374518869
2851,4360,1374519480
4360,2851,1374519888
3692,4420,1374524649
4420,3692,1374524726
4417,4360,1374525587
4360,4417,1374525698
507,2404,1374526034
2404,507,1374526110
2851,3549,1374527816
2492,2404,1374527861
3549,2851,1374527905
4410,4019,1374528706
4420,106,1374529930
2526,4421,1374536499
4421,2526,1374536589
4410,4041,1374539515
3888,4422,1374540136
4422,3888,1374540210
31,4422,1374541363
4422,31,1374541459
4422,1915,1374541500
3305,4423,1374543159
4423,3305,1374543176
2566,4422,1374545133
4422,4239,1374546234
1481,4097,1374546801
4422,2566,1374546899
4097,1481,1374546991
4415,4097,1374548874
2253,4097,1374556060
4097,2253,1374556117
4097,4415,1374556508
4097,2851,1374560362
2851,4097,1374560407
4239,2851,1374564140
3447,4424,1374566325
3447,2492,1374566997
4424,1774,1374567303
4424,3447,1374567380
4417,4239,1374568820
4424,27,1374568989
4041,4410,1374584802
4131,2065,1374589214
3750,3692,1374593055
3447,1987,1374593262
4296,4041,1374597582
4041,4296,1374597617
2851,4239,1374601045
4425,4424,1374613240
4424,4425,1374613452
4041,4426,1374614551
4426,4041,1374614677
4426,2427,1374615399
2427,4426,1374615478
3467,4382,1374616420
4382,3467,1374616561
3692,3779,1374617389
4419,2851,1374638896
2851,4419,1374638905
4094,4239,1374640407
4417,1915,1374652617
1915,4417,1374652962
3510,1915,1374655959
1915,3510,1374656057
863,4239,1374659219
4239,863,1374659236
4369,4316,1374670798
3447,4429,1374674698
4429,3447,1374674925
2065,4430,1374682630
4430,2065,1374682824
863,4431,1374689823
4041,4273,1374694678
4427,4402,1374701029
3692,4131,1374703967
4131,3692,1374703986
3750,4207,1374718460
3517,4422,1374718758
4422,3517,1374718919
2566,3756,1374721013
3756,2566,1374721020
4239,4428,1374729600
4428,4239,1374729966
2134,3510,1374742755
4019,2492,1374743592
2928,1987,1374753992
4382,4409,1374762212
4119,2065,1374762787
4119,324,1374763528
2071,3692,1374773993
4114,4041,1374775158
27,4435,1374778368
976,4436,1374780505
2404,2492,1374781939
976,1843,1374783600
3967,2492,1374787549
4382,2492,1374787924
3779,3692,1374788666
2851,4437,1374794118
4436,191,1374795856
3769,4174,1374798186
4174,3671,1374798615
4174,3769,1374798979
4131,4439,1374805474
4239,4440,1374810013
4440,4239,1374810340
4239,4422,1374810797
4332,27,1374822289
4422,2492,1374828086
4427,4354,1374829872
4354,4427,1374830436
2065,4401,1374846493
4431,863,1374846862
4437,2851,1374848621
4437,4041,1374848669
3564,2566,1374851707
4401,2065,1374852477
4041,4437,1374855890
4427,3517,1374868626
4385,4041,1374879672
4041,4385,1374880481
4427,2922,1374886237
3125,4041,1374886854
2050,4200,1374887438
2922,4427,1374891142
4135,4237,1374892714
4237,4135,1374892798
4131,4200,1374893465
1794,4442,1374901272
4442,1794,1374901291
2851,3676,1374902558
3676,2851,1374902584
4346,2851,1374903574
3684,4346,1374904404
4346,3684,1374904454
4200,2050,1374905683
27,4348,1374907198
4348,27,1374907210
27,3664,1374919464
2492,863,1374920110
2134,3441,1374935669
27,4424,1374935745
2134,1159,1374935891
4237,3750,1374943484
3750,4237,1374943537
4367,4443,1374945179
4443,4367,1374945625
4237,4444,1374965653
4444,4237,1374965989
4097,4198,1374968922
4198,4097,1374969162
3490,4239,1374979115
3319,4441,1374979127
4239,3490,1374979199
3319,4148,1374979208
3338,4428,1374983008
4428,3338,1374983760
4411,3750,1374984080
4411,4239,1374986369
4239,4411,1374986447
4239,4445,1375000210
4445,4239,1375000327
863,1755,1375001723
863,27,1375001845
863,2492,1375001873
863,1605,1375002603
11,1605,1375002838
2492,4109,1375010796
4109,2492,1375010811
4019,4446,1375011901
4417,2492,1375031650
3537,2065,1375037467
2065,3537,1375038125
2999,3447,1375048336
3447,2999,1375048395
2492,3447,1375049726
3667,1755,1375052415
2526,4434,1375055290
4434,2526,1375055694
3447,2429,1375056431
2526,2339,1375058288
1915,4200,1375059104
2339,1915,1375059924
2339,3447,1375059968
1915,2339,1375060047
2339,3130,1375060081
2339,2526,1375060175
1355,2339,1375061572
4418,4239,1375072481
4239,4418,1375072584
2851,4238,1375076324
4238,2851,1375076350
2851,3359,1375078127
3359,2851,1375078183
27,4429,1375078898
2851,4428,1375078979
4446,4019,1375089977
4239,4447,1375090431
4447,4239,1375090624
3564,4131,1375092130
2492,4019,1375094916
4239,4035,1375099207
4035,4239,1375099269
4239,4381,1375109537
4381,4239,1375109544
4381,4382,1375111742
4381,4448,1375112261
4448,4381,1375112393
4381,2851,1375112500
2851,4381,1375112568
2851,4449,1375114985
4449,2851,1375115095
4450,2851,1375116648
976,1855,1375117028
3281,4451,1375117871
4451,3281,1375117913
4418,3510,1375122070
4418,4448,1375122485
4121,4448,1375126003
4448,4121,1375126040
3955,2791,1375127555
2791,3955,1375127604
4381,4019,1375129513
4448,4324,1375129828
4324,4448,1375129935
4448,4053,1375132786
4053,4448,1375132850
1915,4422,1375133991
1563,4428,1375136338
4447,4428,1375136585
4428,4447,1375136599
4428,1563,1375136695
2851,4424,1375136815
4041,4452,1375141821
4452,4041,1375142523
4237,4453,1375145283
4237,863,1375147665
863,4237,1375147695
4453,4237,1375147805
4427,2333,1375159374
4019,3564,1375175293
4351,2492,1375180737
1897,3756,1375185774
3756,1897,1375185795
3564,4019,1375185865
4197,2492,1375192406
2492,4382,1375197882
2354,3824,1375198465
2629,4386,1375200560
4386,2629,1375202053
2851,4454,1375207195
2851,4391,1375207599
4454,2851,1375207835
2851,4041,1375208494
2851,4455,1375209612
2333,4427,1375212675
4391,2851,1375213973
2851,4456,1375214063
3338,4035,1375223160
4035,3338,1375223187
1755,4457,1375228553
3769,4458,1375233245
4458,3769,1375233370
11,4346,1375235921
4346,11,1375236064
3303,2851,1375236842
2851,3303,1375237068
4171,4198,1375258874
2240,3776,1375259192
1638,4239,1375259320
4239,1638,1375259375
2323,4459,1375261757
4121,4460,1375277483
4460,4121,1375278381
314,4382,1375279800
4382,314,1375279828
314,4387,1375281896
4387,314,1375281935
4460,4131,1375286403
2492,4351,1375287738
4381,2818,1375296530
2818,4381,1375296564
4053,4346,1375298295
4346,4053,1375298326
3829,4256,1375299961
4256,3829,1375300044
27,11,1375310858
11,27,1375310977
4041,4428,1375313695
4428,4041,1375313695
324,4462,1375314090
4462,324,1375314392
27,4463,1375315580
3769,4464,1375316573
4464,3769,1375317317
2851,4374,1375317474
4428,4465,1375318377
4465,4428,1375318545
314,4428,1375321731
4428,314,1375324030
4421,4434,1375330218
4424,2851,1375339208
2851,2200,1375339999
2200,2851,1375340200
3732,2200,1375340753
2200,3732,1375340837
4407,99,1375345318
4019,4198,1375348559
4198,4019,1375348635
4239,4466,1375349768
4466,3447,1375351180
4190,3447,1375351482
3447,4295,1375359411
2526,3119,1375363837
3119,2526,1375363860
4121,4222,1375367147
4222,4121,1375367216
4466,4239,1375369136
2134,2008,1375369467
4382,3679,1375370534
3679,4382,1375370582
2526,4326,1375371456
4326,2526,1375371622
4259,3517,1375375898
3517,4259,1375375914
4351,4019,1375380139
4019,4351,1375380371
2526,4174,1375382208
4174,2526,1375382304
4402,976,1375383790
2323,1843,1375392147
2492,3967,1375392176
1843,2323,1375393506
2526,4427,1375394648
4382,4467,1375394819
4427,2526,1375394981
4432,3692,1375394997
2526,2427,1375396045
2427,2526,1375396148
4468,3750,1375396194
4468,3447,1375396230
3447,4468,1375396242
4468,4469,1375397403
4469,4468,1375397511
4346,4465,1375402136
2008,4047,1375403061
4047,2008,1375403083
4465,4346,1375403196
4402,2526,1375414199
1563,2851,1375414442
2851,1563,1375414488
1307,4055,1375426574
1307,4078,1375426622
3447,4190,1375433874
3447,4466,1375433909
4427,2327,1375435656
2327,4427,1375435680
3447,1619,1375452184
4251,976,1375453119
976,4251,1375453319
1619,3447,1375456015
4464,27,1375456243
2339,4207,1375462820
4041,4470,1375463530
4470,4041,1375463569
2467,4346,1375467678
4346,2467,1375467996
4461,4346,1375473524
4346,4461,1375475897
3517,2008,1375477309
4427,4458,1375478127
4458,4427,1375478173
4427,4324,1375479767
976,4432,1375480426
4324,4427,1375481047
3517,3955,1375484263
3955,3517,1375484334
1246,1273,1375484414
4461,976,1375484567
4346,3750,1375484621
4461,2008,1375484638
2008,4461,1375484649
3750,4346,1375484661
3955,2008,1375488172
2008,4346,1375491252
2008,3517,1375492424
4346,2008,1375492502
1246,1566,1375492947
2008,3338,1375494672
3338,2008,1375494719
117,2128,1375497265
4346,4428,1375499889
4428,4346,1375500419
4357,4346,1375503104
356,4472,1375508136
4472,356,1375508157
4256,2851,1375513295
2851,4256,1375513378
4467,4382,1375515459
3398,4473,1375520617
4473,3398,1375520820
3586,4474,1375550045
2526,4475,1375552646
4352,4476,1375552678
4475,2526,1375553008
4467,27,1375554413
2526,4402,1375554453
3447,2851,1375568717
2851,3447,1375568735
2851,4427,1375573713
4427,2851,1375573757
4237,4461,1375581517
4461,4237,1375581535
4460,4477,1375582721
4458,4477,1375582926
2851,4465,1375583683
4346,4477,1375585200
4477,4346,1375585217
2526,4445,1375587878
4445,2526,1375588142
4445,4097,1375588275
4097,4445,1375588330
4477,4478,1375588369
4478,4477,1375588432
3415,19,1375595151
3305,19,1375595611
4239,4382,1375605867
4382,4239,1375605922
4141,4352,1375613380
4352,4141,1375613621
4352,4128,1375615542
4361,4477,1375625069
3955,4352,1375628291
4352,3955,1375628564
3955,3238,1375629472
3207,4019,1375630642
2873,4352,1375639300
4352,2873,1375639379
4332,3510,1375640008
4237,4480,1375643094
4480,4237,1375643361
3163,4481,1375645718
4481,3163,1375645818
3888,4482,1375652292
4482,3888,1375652303
4237,3888,1375653034
3888,4237,1375653081
4482,4237,1375654236
4237,4482,1375654246
1355,4332,1375655785
4332,1355,1375655860
4019,4254,1375656328
4254,4019,1375656423
4468,4097,1375667507
4468,4346,1375667888
4469,4483,1375670079
4483,4469,1375671065
863,4445,1375675275
4097,1882,1375679374
1882,4097,1375681200
4239,4097,1375688698
4097,4239,1375688784
4463,27,1375693413
4458,4295,1375709146
4458,4484,1375709307
4295,4458,1375709429
4295,3447,1375709577
4295,27,1375709716
3447,4124,1375715289
4469,4427,1375718304
4469,4485,1375718359
4485,4469,1375718365
4469,4486,1375719378
4485,4486,1375719402
4486,4485,1375719476
4486,4469,1375719495
4259,4458,1375719642
4458,4259,1375719652
4486,4487,1375719795
4485,4487,1375719825
4469,4487,1375719864
4487,4469,1375719902
4487,4485,1375719916
4487,4486,1375719923
4477,4484,1375723120
4361,4484,1375723212
4458,4488,1375723396
4488,4458,1375723596
4477,4489,1375724321
4361,4489,1375724407
4484,4489,1375724512
4375,442,1375724834
4414,442,1375724940
4489,4490,1375725311
4361,4490,1375725392
4484,4490,1375725490
442,3510,1375725546
4477,4490,1375725573
3510,442,1375726094
4477,4491,1375727564
4458,4493,1375728036
4493,4458,1375728062
4491,4492,1375728063
4491,4490,1375728341
4492,4490,1375728410
27,4464,1375729979
27,4494,1375730008
4490,4495,1375730210
2233,863,1375731639
1273,1246,1375732620
1273,1290,1375732744
4490,4496,1375732849
4491,4496,1375732898
4477,4496,1375732964
4361,4496,1375733035
27,4497,1375733054
1566,1246,1375733083
4489,4496,1375733089
976,2467,1375733138
4484,4496,1375733180
4495,4496,1375733317
4497,27,1375733320
4490,4498,1375735441
3955,1987,1375735458
4491,4498,1375735488
4477,4498,1375735587
4361,4498,1375735641
4489,4498,1375735687
4484,4498,1375735752
1777,3779,1375741364
4497,4332,1375741478
4332,4497,1375741554
4497,4097,1375747113
4097,4497,1375747137
4490,4499,1375747639
4491,4499,1375747718
4477,4499,1375747775
4490,4500,1375748102
4491,4500,1375748162
4428,2526,1375750212
2526,4428,1375750245
4361,4501,1375751163
4501,4503,1375751413
4501,4502,1375751437
4502,4503,1375751507
4502,4501,1375751528
4501,4504,1375751652
4504,4501,1375751701
4504,4503,1375751752
4504,4502,1375751798
4503,4502,1375751857
4503,4504,1375751964
4502,4504,1375752004
4501,4505,1375752122
4502,4505,1375752197
4503,4505,1375752243
4504,4505,1375752305
4505,4501,1375752362
4505,4502,1375752380
4505,4503,1375752402
4505,4504,1375752424
4505,4506,1375757786
4504,4506,1375757834
4503,4506,1375757876
4502,4506,1375757920
4501,4506,1375757957
4499,4506,1375758015
4490,4506,1375758063
4491,4506,1375758118
4477,4506,1375758170
4361,4506,1375758218
4489,4506,1375758253
4484,4506,1375758287
4495,4506,1375758336
4496,4506,1375758388
4498,4506,1375758421
3231,4097,1375759741
4097,3231,1375759859
3751,3947,1375760613
4505,4507,1375764419
3480,2851,1375764432
2851,3480,1375764453
4506,4507,1375764463
4504,4507,1375764508
4503,4507,1375764559
4502,4507,1375764603
4501,4507,1375764659
4465,2851,1375766178
4097,4508,1375769345
4508,4097,1375769352
4019,324,1375778160
324,4019,1375778376
4505,4509,1375794479
4506,4509,1375794535
4504,4509,1375794584
4503,4509,1375794625
4502,4509,1375794664
4501,4509,1375794719
4499,4509,1375794760
4509,4506,1375795389
1,1755,1375802128
4169,4510,1375803781
2481,4458,1375805056
4458,2481,1375805061
3955,4095,1375805461
2851,2481,1375808661
2481,2851,1375808698
4509,4511,1375809590
4505,4511,1375809633
4506,4511,1375809681
4504,4511,1375809723
4503,4511,1375809760
4502,4511,1375809793
4510,4458,1375813648
4458,4510,1375813746
3955,4513,1375820497
4513,3955,1375820603
324,2065,1375820900
3480,4324,1375822038
3480,3517,1375822117
4324,3480,1375822250
4097,2914,1375826388
2914,4097,1375826405
4324,4434,1375826520
4434,4324,1375826558
4428,2851,1375830918
3222,4514,1375830940
3955,4019,1375832253
4019,3955,1375832435
4097,2005,1375838441
4510,4515,1375838924
4097,4516,1375840377
4516,4097,1375840598
2526,1777,1375842360
1777,2526,1375842375
4097,4517,1375842386
4517,4097,1375842405
3888,4517,1375852404
4517,3888,1375852457
2240,4097,1375858902
4097,2240,1375858911
4097,4382,1375861357
4382,4097,1375861401
4514,3222,1375878761
1829,67,1375879407
67,1829,1375879533
4164,2765,1375880740
3955,4370,1375891377
3447,4518,1375895532
4518,3447,1375896946
3779,2793,1375898575
4216,4519,1375899192
4519,4216,1375899270
2339,3692,1375899368
4216,2065,1375899607
4349,4324,1375901877
4324,4349,1375902100
4423,4479,1375902450
4324,4520,1375902614
4520,4324,1375902620
4468,4047,1375904961
1563,4019,1375911571
4520,4521,1375919846
4521,4520,1375919928
4458,4383,1375924677
4383,4458,1375924708
4458,4522,1375925847
4468,4458,1375925875
4522,4458,1375926842
4402,4427,1375929851
1755,2449,1375932975
2449,1755,1375933142
4200,1935,1375940490
3447,4382,1375965851
4382,3447,1375966053
3987,4019,1375969927
4019,3987,1375971709
4256,3692,1375972028
2981,4523,1375975586
4523,2981,1375975776
4499,4524,1375982847
4491,4524,1375982999
4439,4131,1375986812
4517,4190,1375987228
4190,4517,1375987288
4252,4427,1375990616
4427,4252,1375991034
4382,4381,1375995284
3955,4525,1375996127
4019,4246,1375999667
4246,4019,1375999732
4200,624,1376006710
1355,4526,1376006973
4526,1355,1376006992
4468,3510,1376008249
3510,4468,1376008355
430,4160,1376021753
4160,430,1376021803
2065,4216,1376025575
27,3447,1376040027
624,4200,1376045594
4468,27,1376058459
3750,4197,1376062304
4197,3750,1376062319
4458,4197,1376062716
3238,2791,1376085149
3238,3955,1376085304
2791,3238,1376085462
1755,4071,1376111872
4071,1755,1376112021
4197,4458,1376124979
4239,4119,1376125885
4119,4239,1376126265
863,3510,1376131559
3510,863,1376131638
3130,2339,1376134464
4131,3517,1376146561
1794,4472,1376149719
4472,1794,1376153740
3517,4114,1376155763
4114,3517,1376155786
4468,863,1376160070
3750,4455,1376163172
4455,3750,1376163334
863,3480,1376163949
3480,863,1376163956
3119,4455,1376165054
4455,3119,1376165136
2566,3510,1376165366
4352,4527,1376172809
4468,3955,1376185632
863,3338,1376189782
2526,3338,1376196429
3338,2526,1376196562
4293,2914,1376197526
2914,4293,1376197533
4511,4528,1376215614
4509,4528,1376215680
4505,4528,1376215724
4504,4528,1376215771
4503,4528,1376215831
4502,4528,1376215880
4501,4528,1376215970
4499,4528,1376216023
4490,4528,1376216085
4491,4528,1376216134
4477,4528,1376216182
4361,4528,1376216230
4489,4528,1376216291
4484,4528,1376216337
4495,4528,1376216386
4496,4528,1376216441
4498,4528,1376216499
3750,3984,1376241451
3984,3750,1376241501
3338,1755,1376245269
3338,42,1376246351
3338,4517,1376246371
2404,3517,1376250116
3750,4522,1376250579
4522,3750,1376250656
27,3301,1376251141
3057,2851,1376253469
3325,4385,1376253885
4385,3325,1376253913
2851,4348,1376254485
4348,2851,1376254537
3325,3750,1376255441
3750,3325,1376255514
2851,1487,1376259589
2851,4529,1376259786
4529,2851,1376259809
4468,2851,1376260733
2851,3057,1376260785
2851,4530,1376260916
2050,2526,1376264821
2526,2050,1376264865
1638,2851,1376271129
2851,1638,1376271135
2526,2920,1376274442
2920,2526,1376274449
4455,2851,1376283938
452,4124,1376287335
3447,27,1376295798
3022,3002,1376301240
3022,2065,1376301508
4549,4162,1376303438
4549,3022,1376303621
2773,2250,1376303883
4422,4124,1376312226
4432,976,1376320784
3490,4041,1376330254
4041,3490,1376330309
3750,3973,1376331490
3973,3750,1376331493
4169,4551,1376332064
4551,4169,1376332099
4169,4552,1376332112
4552,4169,1376332162
3750,4262,1376332186
4262,3750,1376332295
3338,4169,1376333159
4169,3338,1376333185
4405,4553,1376334470
4553,4405,1376334853
3325,4552,1376337409
4552,3325,1376337598
3955,4453,1376343482
4453,3955,1376343534
4458,2427,1376344983
4552,3750,1376346375
2526,1290,1376346430
2566,3750,1376346430
3750,4552,1376346456
4237,4239,1376353002
4239,4237,1376353035
2526,4433,1376356366
4433,2526,1376357200
2526,3359,1376364326
3359,2526,1376364363
3303,4097,1376365765
4097,3303,1376365782
2427,4458,1376367020
4097,4092,1376368007
4092,4097,1376368012
2127,4097,1376369075
4097,2127,1376369167
2250,2312,1376379438
2250,2283,1376379550
2250,946,1376379593
2250,2773,1376379797
2250,4512,1376379975
2250,4347,1376380196
2250,1566,1376380578
2250,27,1376380722
2250,2020,1376381128
4511,4554,1376381143
4509,4554,1376381193
4505,4554,1376381223
4506,4554,1376381265
4504,4554,1376381306
4503,4554,1376381338
4502,4554,1376381365
4501,4554,1376381391
4499,4554,1376381429
2250,2318,1376381436
4490,4554,1376381463
4491,4554,1376381513
4477,4554,1376381549
4361,4554,1376381579
4489,4554,1376381602
4484,4554,1376381641
4124,863,1376401458
3447,863,1376401522
4555,4382,1376405602
4550,4393,1376410045
4550,1290,1376410303
4292,4556,1376411347
1,2065,1376411536
1897,4556,1376412032
3517,4292,1376413161
4482,1290,1376413841
4393,3517,1376414479
4292,4458,1376415404
3517,4293,1376415941
4293,3517,1376415941
3338,2323,1376419179
3517,4393,1376421287
3517,4427,1376422699
4160,863,1376424042
863,4160,1376424932
863,2865,1376426230
2865,863,1376426250
4433,4200,1376427735
4200,4433,1376428141
4292,4558,1376428449
863,3401,1376428948
863,2851,1376428965
3401,863,1376428970
3401,2851,1376429034
2851,863,1376429077
1290,4278,1376441937
2526,4522,1376443625
4522,2526,1376443629
3517,4171,1376445473
4171,3517,1376445511
3517,4553,1376447078
4553,3517,1376447118
4560,4561,1376447472
4561,4560,1376447519
4511,4562,1376452024
4509,4562,1376452070
4200,2526,1376452615
2526,4200,1376452631
4499,4563,1376452831
2526,4397,1376454085
4397,2526,1376454159
4397,19,1376456484
4259,2851,1376459579
2851,4259,1376459593
585,4553,1376460838
4553,4124,1376460998
4553,585,1376461004
585,4124,1376461045
3756,3325,1376466651
3963,4096,1376466734
4278,1290,1376466934
3963,3281,1376467015
2492,4390,1376470256
3692,2526,1376487386
2526,3692,1376487407
4292,1755,1376491380
4517,4321,1376494038
4321,4517,1376494108
4041,3549,1376497521
4324,2065,1376498437
3517,2692,1376499446
2851,3972,1376500719
2851,4565,1376501398
4041,4207,1376502059
4565,2851,1376502927
4559,4565,1376509055
4565,4559,1376509082
4131,4019,1376514274
4524,4566,1376515854
4361,4566,1376515915
1290,3517,1376516602
4565,3517,1376518840
4453,4567,1376521740
4567,4453,1376521795
1290,585,1376525527
4565,4568,1376528965
4568,4565,1376529039
2008,4553,1376534760
3888,1777,1376539210
2851,2914,1376541524
2914,2851,1376541854
3888,4569,1376542261
4569,3888,1376542681
2851,624,1376546381
624,2851,1376546857
3517,3888,1376547184
3888,3517,1376547241
3376,27,1376550694
2526,3756,1376569730
2526,4190,1376574021
4190,2526,1376574059
2559,4570,1376576075
4160,4571,1376578287
4571,4160,1376578528
3398,4570,1376578600
4570,3398,1376578692
1290,4572,1376579038
4572,1290,1376579147
3517,42,1376583991
1516,1,1376584037
4292,1,1376584096
2907,1777,1376590786
1777,2907,1376590793
1755,2510,1376591782
2914,3692,1376592079
3692,2914,1376592149
4312,3692,1376594005
1777,4312,1376594427
4312,1777,1376594440
3653,4292,1376598926
4517,2259,1376603505
2259,4517,1376603551
1290,4042,1376603931
4042,1290,1376604242
2259,4565,1376604595
166,45,1376604925
3338,4472,1376612429
4472,3338,1376612467
1481,2851,1376620161
2851,1481,1376620174
2259,3205,1376624985
3205,2259,1376625044
3750,3756,1376628662
4472,3756,1376628711
4517,3756,1376629223
3756,4472,1376629490
3756,3750,1376629499
3756,4517,1376629514
4239,4472,1376638051
4472,4239,1376638157
624,863,1376640403
863,624,1376640783
3756,3398,1376650687
3398,3756,1376654183
1,1516,1376656259
1,4292,1376679281
4565,4573,1376681051
3517,3756,1376681618
2259,4160,1376683178
4160,2259,1376683212
4041,2793,1376687027
2793,4041,1376687134
1777,4574,1376687628
3517,99,1376688749
4574,1777,1376689700
1,3398,1376689791
1,121,1376689838
1,1897,1376689867
1,2566,1376689874
1,1987,1376689917
1,2323,1376690460
1480,4575,1376690771
4575,1480,1376691099
4019,4473,1376691448
4473,4019,1376691920
2793,4464,1376692298
3756,3517,1376692302
4464,2793,1376692449
4200,4216,1376693048
2526,2914,1376703047
3586,4131,1376705364
2065,3750,1376708543
4207,4131,1376710179
4521,2526,1376717332
2526,4576,1376717397
3756,2138,1376749790
4286,4565,1376751338
4565,4286,1376751364
4048,4525,1376754878
3517,4565,1376756613
4351,4316,1376759737
863,4517,1376762782
4155,19,1376767371
3517,4577,1376778673
4577,3517,1376779066
1777,2008,1376779517
4286,4578,1376780047
4578,4286,1376780150
2008,1777,1376781628
3566,4579,1376794830
4579,3566,1376795525
4553,1755,1376797408
1755,4553,1376797579
2065,2064,1376803614
3756,2526,1376810683
3756,1355,1376810881
3756,324,1376810906
3756,4580,1376810925
4125,4581,1376831451
4581,4125,1376831496
4019,4384,1376845404
863,1290,1376850744
4581,4108,1376853330
4581,3148,1376853454
4019,4326,1376855888
4326,4019,1376856047
3517,3480,1376858118
4517,2323,1376859198
1,2204,1376861513
1,2240,1376861566
1,164,1376861616
1,1517,1376861712
1642,2737,1376863376
4517,4582,1376865303
4582,4517,1376865617
4517,4053,1376871074
4053,4517,1376871102
2333,3810,1376872847
3810,2333,1376874653
3810,177,1376874832
4053,4458,1376883057
4458,4053,1376883066
2526,4392,1376885019
3517,585,1376886066
585,3517,1376886085
4392,2526,1376893241
4392,2851,1376893264
3756,4144,1376894410
3756,4521,1376894469
4465,3756,1376896461
2526,4521,1376910575
4019,4034,1376919895
3955,3398,1376922023
3398,3955,1376922616
3216,27,1376931380
3238,4019,1376936683
4019,3238,1376938824
2065,4564,1376940324
1589,4019,1376945685
3243,1891,1376947730
1307,4584,1376949257
4584,1307,1376949298
3602,3750,1376963358
4131,2526,1376967918
2526,4131,1376967969
4131,3586,1376968223
1777,4579,1376970131
4579,1777,1376970255
2065,4579,1376972077
4521,1755,1376972296
1755,4521,1376972355
4101,2526,1376973918
2526,4101,1376973921
4259,27,1376984241
4581,3788,1376992011
3754,4019,1377006651
27,2348,1377008692
4458,3209,1377009958
3209,4458,1377009976
3517,4131,1377013464
3517,3454,1377023121
4458,4579,1377028264
4579,4458,1377028296
4517,1777,1377030489
1777,4332,1377032432
4332,1777,1377032491
4237,4332,1377035130
4471,4585,1377036242
4585,4471,1377036305
1777,4517,1377039169
1897,4586,1377041076
4586,1897,1377041492
2851,235,1377041881
1774,4424,1377041962
2526,4160,1377053057
4160,2526,1377053098
2526,4135,1377055033
4135,2526,1377055102
2914,3566,1377064954
3566,2914,1377064969
4332,4040,1377077506
4040,4332,1377077935
2008,2134,1377085718
4458,4174,1377096451
4174,4458,1377096491
4512,2250,1377103693
4382,4369,1377108733
1290,1507,1377113124
1507,1290,1377113369
4019,4586,1377116324
4586,4019,1377116466
624,4458,1377127666
4458,624,1377127693
3517,19,1377138874
27,4587,1377152630
27,4588,1377152641
4583,2250,1377155676
27,4583,1377158255
4135,4160,1377182241
4160,4135,1377182425
4131,4589,1377184698
4589,4131,1377184792
2526,4590,1377186944
4590,2526,1377187076
4197,2851,1377187272
2851,4121,1377187662
4121,2851,1377187722
2851,4197,1377187760
4573,4591,1377197040
4591,4573,1377197080
2526,4592,1377206107
4592,2526,1377206220
863,4019,1377208683
4592,4458,1377211828
3962,4041,1377212012
2526,4559,1377212630
4559,2526,1377212992
624,1777,1377213826
1777,624,1377213953
1755,3166,1377219234
4517,4594,1377222819
4594,4517,1377222839
4588,27,1377226302
4458,4572,1377227732
4572,4458,1377227744
4097,863,1377242612
2323,3756,1377244740
3756,4124,1377244755
4124,3756,1377244821
3756,2323,1377245275
4316,2492,1377247768
2492,4316,1377248067
4019,4471,1377248526
3022,2227,1377250640
3022,3824,1377250649
3022,4155,1377250659
3022,4595,1377250670
3022,4194,1377250680
3022,3822,1377250702
3022,83,1377250712
3022,3723,1377250722
3022,3955,1377250733
3022,3692,1377250743
3022,2961,1377250754
3022,2507,1377250764
3022,4216,1377250774
3022,3886,1377250785
3022,4195,1377250795
3022,4531,1377250806
3022,3673,1377250816
3022,3158,1377250827
3022,2685,1377250837
3022,4570,1377250847
3022,3382,1377250857
3022,3514,1377250868
3022,4162,1377250878
3022,4596,1377250889
3022,3376,1377250899
3022,3908,1377250909
3022,3818,1377250920
3022,4129,1377250930
3022,4148,1377250941
3022,4402,1377250951
3022,3817,1377250962
3022,3816,1377250972
3022,4168,1377250983
3022,3026,1377250993
3022,4175,1377251004
3022,3815,1377251015
3022,4532,1377251025
3022,4533,1377251035
3022,524,1377251046
3022,3814,1377251057
3022,3537,1377251067
3022,2755,1377251078
3022,4534,1377251089
3022,4382,1377251100
3022,4535,1377251110
3022,4108,1377251120
3022,4536,1377251130
3022,3813,1377251141
3022,4178,1377251161
3022,4041,1377251171
3022,4537,1377251182
3022,4336,1377251192
3022,3881,1377251202
3022,1460,1377251213
3022,3810,1377251223
3022,3809,1377251234
3022,4594,1377251244
3022,3807,1377251255
3022,235,1377251265
3022,4121,1377251275
3022,3917,1377251285
3022,4196,1377251296
3022,3343,1377251306
3022,3390,1377251316
3022,2107,1377251326
3022,4597,1377251337
3022,3788,1377251347
3022,4177,1377251357
3022,3421,1377251368
3022,4538,1377251378
3022,1229,1377251389
3022,4598,1377251399
3022,4539,1377251409
3022,3333,1377251422
3022,4034,1377251432
3022,4540,1377251442
3022,4192,1377251452
3022,2219,1377251463
3022,1955,1377251474
3022,3257,1377251484
3022,3079,1377251495
3022,4026,1377251506
3022,3779,1377251516
3022,1234,1377251526
3022,3802,1377251537
3022,4055,1377251548
3022,3801,1377251558
3022,3398,1377251568
3022,4599,1377251579
3022,590,1377251589
3022,3800,1377251599
3022,452,1377251610
3022,3769,1377251620
3022,4600,1377251631
3022,3799,1377251641
3022,4541,1377251652
3022,4601,1377251662
3022,3686,1377251672
3022,3923,1377251683
3022,27,1377251693
3022,4542,1377251703
3022,2957,1377251714
3022,2526,1377251724
3022,4602,1377251734
3022,3610,1377251745
3022,4252,1377251755
3022,4157,1377251766
3022,2815,1377251777
3022,3495,1377251792
3022,4543,1377251802
3022,4544,1377251813
3022,1252,1377251824
3022,3794,1377251835
3022,1796,1377251845
3022,4125,1377251856
3022,3918,1377251866
3022,4207,1377251877
3022,369,1377251887
3022,3792,1377251897
3022,3596,1377251908
3022,2053,1377251918
3022,2671,1377251928
3022,3790,1377251940
3022,3096,1377251950
3022,2006,1377251960
3022,324,1377251970
3022,2184,1377251981
3022,4545,1377251991
3022,2365,1377252001
3022,3787,1377252012
3022,3786,1377252023
3022,1566,1377252033
3022,3501,1377252044
3022,1794,1377252057
3022,2415,1377252067
3022,4546,1377252077
3022,4547,1377252088
3022,3524,1377252099
3022,4548,1377252109
3022,4549,1377252119
3022,3754,1377252130
3022,1877,1377252140
3022,3783,1377252150
3022,4471,1377252160
3467,4603,1377263061
4573,4394,1377265623
4394,4573,1377265711
4594,2005,1377266588
4394,4517,1377268798
4517,4394,1377268917
4458,4190,1377270559
4190,4458,1377270597
4131,4458,1377272474
4458,4131,1377272523
4041,1954,1377275674
1954,4041,1377275733
2005,4458,1377276351
4458,2005,1377276407
4124,3834,1377281160
3834,4124,1377281209
2549,2851,1377283243
2526,2851,1377297368
2851,2526,1377303231
1290,4458,1377303851
4458,1290,1377303963
4097,4604,1377315973
4604,4097,1377316871
4604,2526,1377317548
2526,4604,1377317708
4553,2526,1377318585
2526,4553,1377318637
4141,3643,1377332467
624,500,1377339017
500,624,1377339462
4155,4605,1377341160
4605,4148,1377341195
1892,3617,1377347982
3617,1892,1377348087
27,4606,1377352278
1290,4144,1377362034
4607,1755,1377373236
4530,4259,1377376660
4259,4530,1377376976
3955,4048,1377382580
4048,3955,1377382624
3955,4608,1377385969
4609,4148,1377386820
4155,3022,1377386909
2526,3268,1377393458
4035,2526,1377398946
2526,4035,1377399033
2907,4606,1377417624
4148,3022,1377422127
4573,4593,1377462019
4593,4573,1377462097
1897,1755,1377463892
2526,4610,1377465186
2526,2116,1377468788
2116,2526,1377468862
4610,2526,1377485394
585,3779,1377490980
4141,3726,1377509562
4611,2190,1377515942
2190,4611,1377516054
4458,4121,1377525024
4407,3517,1377551564
3517,4407,1377551681
4407,1290,1377554115
1986,4041,1377554653
4041,1986,1377557364
4019,1897,1377559775
4019,2559,1377559849
4160,4589,1377561389
4589,4160,1377561428
4041,4612,1377561888
4612,4041,1377561936
4200,2670,1377562801
4607,3810,1377565446
4135,4461,1377567556
4041,4613,1377580822
4613,4041,1377580938
3756,4607,1377581726
4589,4611,1377586965
4611,4589,1377587015
4606,27,1377590039
2492,2818,1377601367
2818,2492,1377601841
3955,4570,1377604265
4570,3955,1377604861
2914,2526,1377611694
4141,3723,1377615362
4141,4614,1377615672
4141,3955,1377619820
27,4615,1377621596
4141,4300,1377621751
4517,3779,1377622373
2327,1580,1377624801
4615,27,1377625232
2233,4616,1377630628
4434,42,1377632643
42,4434,1377632676
2065,3692,1377636726
4517,4529,1377638731
2566,4617,1377640128
4458,4041,1377643225
4041,4458,1377644941
4616,2233,1377644975
4434,4216,1377647457
4216,4434,1377649247
4041,3479,1377649391
3479,4041,1377649591
2323,4517,1377650344
1563,4035,1377653430
4035,1563,1377653533
4458,4619,1377653544
4619,4458,1377653648
2105,19,1377664736
4607,19,1377667674
4521,3613,1377676976
3105,4611,1377688886
4611,3105,1377688899
4121,4458,1377695502
1755,4286,1377703289
4286,1755,1377703363
4041,4620,1377705964
4620,4041,1377706004
2065,1679,1377714574
2313,4570,1377717291
4570,2313,1377717389
1755,4439,1377719105
3617,3015,1377722167
4458,4160,1377729162
4160,4458,1377729163
3517,1347,1377729871
1347,3517,1377731226
2526,4455,1377742555
4455,2526,1377742620
3015,3617,1377753797
4124,4439,1377760264
4471,4019,1377771673
4439,4124,1377788407
4521,4458,1377788412
4439,1755,1377788434
4041,4621,1377797461
4621,4041,1377797618
4434,4622,1377800120
4622,4434,1377800136
4521,1777,1377804089
2851,42,1377805152
3359,4041,1377806669
4041,3359,1377806692
3613,4623,1377809884
4595,4019,1377810303
4019,4595,1377810323
4623,3613,1377810718
4595,4625,1377812454
4595,4626,1377812473
4595,2696,1377812479
4595,3998,1377812488
4595,4359,1377812497
4595,3055,1377812517
4595,2981,1377812544
4595,4370,1377812606
3517,4459,1377820899
4618,2526,1377827205
2526,4618,1377827234
4616,3338,1377834359
1638,2526,1377849212
2526,1638,1377849243
376,2250,1377851762
2492,3015,1377870657
3015,2492,1377871675
3955,4595,1377872247
4595,3955,1377872352
4246,4628,1377886223
4628,4246,1377886412
4628,4128,1377886826
4628,4338,1377887269
4628,3148,1377887580
4434,4354,1377889342
4121,863,1377894441
863,4121,1377894954
4607,2427,1377897970
2427,4607,1377898097
4041,4629,1377904560
4629,4041,1377904601
4458,4381,1377907935
4381,4458,1377907979
1290,4124,1377908787
1290,4607,1377910854
4198,4160,1377913357
4160,4198,1377913359
4198,4458,1377915218
4458,4198,1377915224
4517,4630,1377918136
4630,4517,1377918260
2526,2750,1377920277
2750,2526,1377920323
1290,2526,1377970903
3586,4112,1377972409
4112,3586,1377972501
1290,4632,1377975365
4112,4019,1377976931
2323,2204,1377982408
2259,4578,1377985449
4578,2259,1377985730
4342,27,1377986311
27,4342,1377986332
4576,2526,1377986910
1507,3750,1377989458
4630,2259,1377996491
2259,4630,1377996550
1507,4611,1378021382
4611,1507,1378021415
1986,4611,1378026253
4611,1986,1378026370
4529,4517,1378047063
4630,4633,1378048234
4633,4630,1378048254
4434,4632,1378060540
4632,4434,1378060817
4529,1755,1378067371
27,4295,1378067623
1290,1764,1378074404
4381,2526,1378074491
2526,4381,1378074522
1290,4482,1378082197
4124,4351,1378090755
4381,4342,1378092705
4342,4381,1378092746
4351,4124,1378103638
4124,452,1378105463
4634,2549,1378131636
1243,2549,1378137210
4434,3709,1378142080
3709,4434,1378142654
4434,3209,1378143979
3209,4434,1378144084
4237,4019,1378151302
4019,4237,1378151643
27,4635,1378154941
2566,4382,1378155135
4382,2566,1378155173
4635,27,1378155368
863,4382,1378155927
4041,3517,1378157595
27,4636,1378157707
27,4603,1378157734
461,4638,1378157852
461,4639,1378157883
4639,461,1378158077
4639,4638,1378158093
4639,1149,1378158143
1290,2750,1378160555
2750,1290,1378160557
3510,2566,1378162740
4516,4382,1378164825
4382,4516,1378164961
4434,4640,1378166566
585,19,1378168540
2750,2920,1378169558
2920,2750,1378169782
585,3984,1378171512
3984,585,1378171536
4517,3205,1378172450
3205,4517,1378172494
4517,2914,1378177385
4124,4434,1378184815
4434,4124,1378184885
4434,4611,1378190754
4611,4434,1378190857
4316,3617,1378199602
3617,4316,1378199703
4382,4197,1378201405
4041,3617,1378210874
3617,4041,1378211448
4641,27,1378212696
3231,4019,1378214704
4607,4517,1378215249
4640,4434,1378226987
4517,4640,1378228372
4640,4517,1378228373
3750,1507,1378232460
4535,3813,1378234869
4642,4458,1378237582
2259,4643,1378238032
4643,2259,1378238409
3338,2253,1378239072
1777,4642,1378240451
4019,3338,1378240477
4642,1777,1378240480
1318,1605,1378244428
1290,4642,1378249479
4642,1290,1378249653
4041,4526,1378250484
4526,4041,1378250497
154,1349,1378254587
154,1341,1378254692
154,1318,1378254727
154,99,1378254746
154,1988,1378254809
154,1566,1378254960
154,1987,1378254979
154,19,1378254996
4434,3517,1378261205
3517,4434,1378261253
2750,1,1378264562
4517,4644,1378270711
4644,4517,1378270920
4202,4346,1378272243
4346,4202,1378272301
4611,1755,1378275244
4611,4645,1378276198
4202,2044,1378277160
2044,4202,1378277822
2259,4646,1378309442
4646,2259,1378309485
4434,4647,1378322935
4647,4434,1378322951
3289,27,1378328064
2914,4517,1378336617
3750,4429,1378344335
4429,3750,1378344447
3517,2584,1378347093
2584,3517,1378347096
3517,2339,1378350495
2339,3517,1378351088
4124,4557,1378356531
4603,27,1378370936
4019,1202,1378376052
1202,4019,1378376098
4124,447,1378383662
303,4092,1378398419
3517,4649,1378398614
2566,4354,1378399697
4354,2566,1378399988
1290,1272,1378402123
4251,3613,1378404158
4650,27,1378404315
27,4382,1378404465
4382,27,1378404507
2065,4632,1378415962
1764,1290,1378416121
4517,3303,1378421871
3303,4517,1378421901
2750,4375,1378424617
4375,2750,1378424809
4517,4407,1378431569
4407,4517,1378433997
585,2323,1378435458
447,4124,1378435548
2323,585,1378439280
4342,4651,1378447934
4651,4342,1378447993
2255,4397,1378449862
4397,2255,1378454657
4603,4652,1378457133
4652,4603,1378457185
4564,976,1378468266
4394,4019,1378469444
1290,4653,1378471743
4431,4603,1378472144
4517,4455,1378491117
4455,4517,1378491512
4557,4124,1378495579
2492,506,1378504666
2233,4472,1378528895
2323,3586,1378539130
2323,3947,1378542907
4603,4655,1378559181
4655,4603,1378559251
4048,2765,1378565279
4517,1290,1378584677
324,1755,1378589436
1755,324,1378589563
4653,4603,1378598406
4603,4653,1378598620
4162,4570,1378601729
4570,4162,1378601965
4019,3268,1378603586
3268,4019,1378603664
4387,1500,1378609509
1500,4387,1378609558
4234,4656,1378654066
4656,4234,1378654071
4429,27,1378675737
4019,3973,1378677723
3973,4019,1378677762
2750,4517,1378678878
4517,2750,1378678901
4332,4458,1378681763
4458,4332,1378682792
4458,31,1378686270
31,4458,1378686271
4458,4578,1378688897
2914,4131,1378688968
4131,2914,1378688989
4578,4458,1378689694
4041,2427,1378692058
2427,4041,1378692196
4656,3750,1378693237
3750,4656,1378693346
3984,4131,1378693347
4234,4218,1378698081
4218,4234,1378698460
4041,4346,1378701852
4226,4652,1378734517
4019,4657,1378735876
4657,4019,1378735942
4652,4226,1378736398
4254,4658,1378748401
4658,4254,1378748491
863,3772,1378749190
4656,4646,1378754910
4646,4656,1378754927
3228,2549,1378762174
2549,3228,1378762264
3268,3750,1378763287
3750,3268,1378763364
4645,4659,1378764118
4659,4645,1378764192
2670,4200,1378767959
4517,4660,1378773746
4660,4517,1378773794
2365,4603,1378819233
4603,2365,1378819309
4382,3289,1378820158
4645,4661,1378824885
4517,3984,1378829009
3984,4517,1378829023
3517,4041,1378835358
3613,4590,1378840723
4590,3613,1378840909
2571,4595,1378854559
3692,4432,1378861950
4659,4663,1378864814
4663,4659,1378864867
4596,3319,1378876617
4431,500,1378889939
4603,4664,1378890065
4664,4603,1378890217
976,4564,1378926004
4384,4019,1378931316
4216,4019,1378931739
1290,2690,1378932644
27,4641,1378934320
27,4650,1378934358
27,4651,1378934387
27,4665,1378934397
4665,27,1378934562
31,4041,1378935523
4041,31,1378935544
4131,2566,1378951108
3359,4342,1378954290
2255,4349,1378954791
4632,1679,1378959270
3289,4382,1378960105
624,4603,1378985249
4131,2365,1378994314
2365,4131,1378994363
2365,4160,1378994576
4160,2365,1378994654
4019,4666,1378999912
11,4221,1379014785
4221,11,1379014826
4656,4221,1379018665
4221,4656,1379018939
4381,4656,1379020848
4656,4381,1379020864
4141,4666,1379025342
4041,4662,1379048664
3305,4434,1379052937
4434,3305,1379052943
4434,4656,1379054667
4656,4434,1379054701
3326,4368,1379076923
4368,3326,1379077150
4517,4135,1379081845
4135,4517,1379081926
976,3692,1379094241
4131,1998,1379095899
3613,4667,1379104395
4656,27,1379105991
3061,27,1379106645
27,3061,1379106650
4131,1986,1379127854
1986,4131,1379128078
2065,4654,1379129710
976,4668,1379134058
42,2339,1379135339
4131,4035,1379135926
4035,4131,1379135955
2339,42,1379136165
2762,2323,1379138845
4668,191,1379150566
4603,624,1379151017
4603,4175,1379152984
2918,3892,1379154143
3750,4516,1379178445
4516,3750,1379178503
4131,2762,1379179101
3586,1589,1379180694
4648,4669,1379184829
4669,4648,1379184968
4669,2981,1379185404
3772,2280,1379191516
27,4670,1379196186
4670,27,1379198800
4516,4644,1379202947
4644,4516,1379203032
4131,585,1379209836
585,4131,1379209852
4603,4672,1379239888
4672,4603,1379239918
4652,4673,1379244441
4673,4652,1379244567
4603,3467,1379247227
4672,4674,1379258656
3517,2404,1379264794
4644,4672,1379272629
4672,4644,1379272726
4438,3281,1379275346
4438,3415,1379277757
3415,4438,1379278043
3281,4438,1379283327
4438,3963,1379288050
4131,314,1379306947
4019,4603,1379323533
4603,4019,1379323683
3754,4570,1379326744
1589,3586,1379338031
2549,2566,1379354261
2549,1624,1379354394
4386,2404,1379357458
2404,4386,1379357469
4668,3022,1379363966
4668,1955,1379364141
624,1683,1379367817
4517,4255,1379371207
4041,4035,1379376132
4035,4041,1379376141
4517,4216,1379377140
4216,4517,1379377970
3586,3517,1379379365
3517,3586,1379379426
3517,3777,1379383689
3777,3517,1379384016
2851,3684,1379399816
3684,2851,1379399872
1502,4378,1379426760
4378,1502,1379429889
4517,863,1379434761
27,4675,1379444910
976,1764,1379447960
4529,3517,1379453263
976,1774,1379459284
4517,2169,1379491657
27,4676,1379518032
2750,2323,1379530012
2323,2750,1379533358
4382,3057,1379541502
3057,4382,1379541575
4131,1290,1379546305
1290,4131,1379546451
3777,4517,1379550906
42,3166,1379553220
2762,2016,1379569190
2492,4431,1379571179
4431,2492,1379571251
4603,4596,1379590483
4596,4603,1379590715
4048,4338,1379591288
4471,2313,1379598878
2313,4471,1379598909
3692,19,1379619872
3549,4041,1379622037
2804,4677,1379626715
42,2851,1379631350
3967,3662,1379642317
3662,3967,1379642432
4670,4679,1379653391
4679,4670,1379653425
4019,3754,1379674523
27,2614,1379675910
4316,4351,1379676234
2233,4349,1379690447
4680,3750,1379690538
3207,1290,1379696432
1774,976,1379713224
4668,1605,1379714031
2865,2549,1379714401
4342,3171,1379725929
2065,104,1379726037
3171,4342,1379726277
4131,831,1379726548
831,4131,1379726724
4603,2107,1379732174
2107,4603,1379735706
2065,4324,1379736681
4342,4682,1379738568
4682,4342,1379738703
4019,4683,1379763704
4683,4019,1379763728
4386,1934,1379789919
1934,4386,1379790120
4386,600,1379790500
600,4386,1379790563
1755,3510,1379793728
600,3745,1379803056
3745,600,1379803112
4663,2323,1379804276
2323,4663,1379806056
3517,4678,1379806793
4678,3517,1379806932
4517,4397,1379813483
4397,4517,1379814462
4603,2067,1379843240
4131,4644,1379865812
4644,4131,1379865864
3401,2750,1379869653
3750,3145,1379887105
3145,3750,1379887191
4131,4516,1379897634
4516,4131,1379897726
4679,4685,1379899347
4131,4616,1379903419
3750,507,1379904522
4342,3359,1379915665
3955,4471,1379933213
4471,3955,1379933267
2918,2313,1379938970
4197,4386,1379945001
4386,4197,1379945020
3750,2365,1379946808
2365,3750,1379946817
4685,4679,1379949018
2549,4293,1379951464
4293,2549,1379951908
1755,4488,1379953024
4488,1755,1379953064
2614,27,1379961185
2918,4019,1379962573
4048,4686,1379963041
4160,4041,1379965642
4041,4160,1379965715
2331,322,1379966664
2402,2614,1379967179
2614,2402,1379967206
27,4687,1379970497
27,4688,1379970507
27,4637,1379970566
4124,4422,1379999238
4654,2750,1379999620
2750,4654,1379999706
4684,3326,1380002220
3326,4684,1380002267
4131,3268,1380049513
3268,4131,1380049591
4041,3408,1380069766
3408,4041,1380069824
99,3497,1380076388
3497,99,1380077097
4517,4332,1380083645
4603,1143,1380095558
2762,3207,1380111862
2762,2559,1380111967
3517,3207,1380112807
2762,2380,1380113156
2762,3517,1380113188
4673,3610,1380116012
2997,27,1380119275
4675,27,1380124104
322,2331,1380125479
3750,1679,1380134133
4121,4041,1380135321
4041,4121,1380135481
585,322,1380136973
322,585,1380137164
4121,3750,1380140913
3750,4121,1380141004
27,4672,1380143146
4672,27,1380143170
4171,3750,1380156782
3750,4171,1380156846
4662,4041,1380169091
3002,976,1380171336
4342,4174,1380210742
4174,4342,1380210805
4672,4386,1380214947
4386,4672,1380214955
1679,3517,1380215451
3517,1679,1380218318
507,3750,1380221229
1290,4517,1380224905
4433,976,1380225639
976,4433,1380225705
2851,4689,1380229701
4689,2851,1380229728
4590,2549,1380232259
4689,4386,1380233015
4386,4689,1380233020
3750,1290,1380233617
1755,3240,1380234017
3240,1755,1380234730
500,2851,1380235107
2851,500,1380235185
4559,2851,1380242582
4197,4382,1380270595
4688,27,1380291264
4517,4690,1380293270
4517,4691,1380293663
4691,4517,1380293778
3813,4535,1380305425
3238,4473,1380315232
2402,4692,1380315630
4692,2402,1380315666
1460,1679,1380317858
4019,4114,1380320082
4473,3238,1380320211
4114,4019,1380320212
3750,1460,1380321911
4616,3297,1380337480
4685,4654,1380341999
4654,4685,1380342017
2914,4685,1380345524
2467,976,1380346590
4693,4673,1380354572
4673,4693,1380354725
4685,2914,1380356120
4332,4386,1380386121
4386,4332,1380386263
4693,27,1380387968
4155,1143,1380397255
3301,4342,1380424611
3297,4616,1380430581
4202,3756,1380441194
3756,4202,1380441235
3756,4693,1380467134
2065,4207,1380470796
4685,4694,1380477558
4694,4685,1380477883
4693,4694,1380483869
4160,4685,1380485624
4685,4160,1380485708
1507,4019,1380486768
4019,1507,1380486846
4693,2851,1380503720
2851,4693,1380503725
4472,1460,1380505219
1460,4472,1380505750
4693,4041,1380509314
4041,4693,1380509422
4693,4685,1380514852
4685,4693,1380514941
3403,4685,1380523754
4685,3403,1380523905
4685,4678,1380560631
2851,1679,1380561150
4041,2274,1380564321
2274,4041,1380564332
3756,2571,1380564789
3756,2918,1380564816
2571,3756,1380564841
4678,4685,1380568451
4041,4529,1380570109
4529,4041,1380570136
863,3586,1380576246
3750,1638,1380591984
1638,3750,1380591992
1174,2250,1380616262
2250,1174,1380635277
976,4202,1380649580
2065,4631,1380651774
1605,1318,1380652201
1605,11,1380652243
1605,863,1380652256
1605,1464,1380652265
1605,70,1380652277
1605,1829,1380652290
1605,3231,1380652306
1605,2323,1380652317
1605,2844,1380652330
1605,2710,1380652341
1605,1272,1380652357
1605,1698,1380652360
1605,1679,1380652372
1605,378,1380652379
1605,782,1380652388
1605,976,1380652459
1605,1516,1380652480
1605,1747,1380652522
1605,42,1380652558
1605,2169,1380652581
4202,976,1380652850
4041,4695,1380653705
4695,4041,1380653772
314,4696,1380657471
4696,314,1380658098
314,2851,1380679731
2549,2365,1380718792
2365,2549,1380718811
4529,2549,1380719660
4698,2549,1380722363
4019,3839,1380725422
3839,4019,1380725859
2571,4019,1380726174
4434,2259,1380735283
2259,4434,1380735290
2259,4041,1380736812
4041,2259,1380736840
4251,191,1380741200
27,4386,1380747410
1987,265,1380750923
265,1987,1380750953
2255,1987,1380751201
1987,2255,1380751240
2255,265,1380751255
25,3517,1380751752
3517,25,1380751800
2323,4699,1380787410
4471,4700,1380813294
4700,4471,1380813395
1679,1460,1380814896
314,19,1380815902
4471,3734,1380823118
3734,4471,1380823224
4472,4701,1380826170
4701,4472,1380826306
2851,2549,1380835927
4694,4702,1380838170
4702,4694,1380838733
4701,4587,1380845191
4587,4701,1380845429
4381,3750,1380857740
3750,4381,1380857808
3750,4689,1380860245
4689,3750,1380860282
4685,4650,1380873593
4650,4685,1380874077
4698,2844,1380884011
2481,4698,1380893198
4698,2481,1380893252
670,4701,1380912700
4701,670,1380913272
4517,2804,1380913907
2804,4517,1380914045
670,2804,1380918570
2804,670,1380918670
2918,3077,1380924264
4332,4685,1380936352
1460,2566,1380936724
4685,4332,1380937348
3769,2259,1380975371
2259,3769,1380975397
2233,442,1380977446
2233,42,1380977662
2233,1,1380977686
2233,1159,1380977793
27,4703,1380982778
2250,2242,1380983901
2559,4704,1380984546
4704,4705,1380984917
2259,4673,1380984957
4673,2259,1380985038
2242,2250,1380985915
2259,4701,1380989259
4701,2259,1380989342
4703,27,1381000430
2259,4386,1381004527
4386,2259,1381004600
4131,4348,1381005166
4348,4131,1381005219
3779,4348,1381005441
4348,3779,1381005485
4019,1290,1381018130
1290,4019,1381018145
2207,863,1381021795
4131,3984,1381023020
4685,2259,1381027019
2259,4685,1381027062
2882,4685,1381030644
3359,4685,1381035952
4685,3359,1381036053
2240,4155,1381050967
4155,2240,1381051222
2844,1605,1381060207
2844,4698,1381072544
4701,3399,1381079650
3399,4701,1381079655
4678,4701,1381085125
4701,4678,1381085154
4701,3282,1381088190
3282,4701,1381088432
4701,4685,1381097298
4685,4701,1381097396
2323,314,1381099928
4698,4382,1381160673
4382,4698,1381160784
2259,2904,1381168361
2904,2259,1381168392
2259,3171,1381173488
3171,2259,1381173603
4131,4706,1381177272
4706,4131,1381177336
4698,4160,1381194766
4131,4701,1381196234
4701,4131,1381196282
1349,2050,1381206008
2882,4701,1381238827
4701,2882,1381238841
507,4707,1381245326
4707,507,1381246624
4707,4708,1381247130
1941,4706,1381250263
4706,1941,1381250281
976,4091,1381253618
4706,4553,1381260634
4553,4706,1381261026
4019,2918,1381261841
4294,4441,1381272087
4155,4294,1381273080
4685,3057,1381279850
3057,4685,1381279936
4441,4294,1381283525
4709,4685,1381303731
4698,4706,1381331792
4706,4698,1381331810
1755,1946,1381341184
1946,1755,1381341272
4595,2571,1381341515
4393,4041,1381363485
4041,4685,1381365083
4685,4041,1381365129
1355,4092,1381372183
4092,1355,1381372249
4434,4698,1381376497
4698,4434,1381376513
4332,4517,1381380996
4517,3777,1381381149
4332,4691,1381386275
4691,4332,1381386571
4710,2081,1381386713
2190,1,1381399801
2190,2313,1381400001
3750,4041,1381436700
4041,3750,1381437147
3750,4685,1381437850
4685,3750,1381437943
4160,4706,1381443163
4706,4160,1381443242
2313,2190,1381443761
4698,4711,1381444943
4706,2323,1381446951
4131,4698,1381457657
4603,992,1381472232
992,4603,1381472333
4202,4685,1381475565
4685,4202,1381475566
4202,4603,1381475962
4603,4202,1381476101
4131,2920,1381518534
2920,4131,1381518769
1349,515,1381526132
4294,4155,1381539413
3955,4010,1381549358
3955,1589,1381549391
4698,4673,1381584496
4673,4698,1381585443
3692,3648,1381588982
3648,3692,1381589028
4706,4041,1381595714
4685,3268,1381604184
3238,4712,1381605044
2105,1290,1381607994
4332,4698,1381643057
4698,4332,1381643705
4010,4713,1381650399
4713,4010,1381650429
4386,4387,1381669264
27,4387,1381671586
2571,4714,1381695313
4714,2571,1381696066
4131,4715,1381696286
4715,4131,1381701437
4715,4604,1381702413
4715,4041,1381702712
4604,4715,1381702764
4698,4472,1381717760
4472,4698,1381717782
4125,4716,1381746754
4716,4125,1381747126
4698,4685,1381757098
4685,4698,1381757185
1589,3955,1381758191
4386,3231,1381764055
3231,4386,1381764080
3750,4694,1381774324
4694,3750,1381774371
3750,2404,1381777877
2404,3750,1381777912
3359,4715,1381780628
4715,3359,1381780792
3670,4386,1381783686
2549,4041,1381789799
4698,4041,1381792622
4041,4698,1381792665
4708,4707,1381794934
4698,4701,1381801363
4701,4698,1381801404
4160,4698,1381810243
4698,4197,1381827015
4197,4698,1381827054
4316,4717,1381828536
4386,4718,1381831817
4719,4386,1381833226
4718,4386,1381840955
4698,3117,1381842077
3117,4698,1381843714
976,4720,1381854235
4717,4316,1381855430
4517,4720,1381856091
4706,4721,1381860569
4721,4706,1381860716
4517,4439,1381865590
4439,4517,1381865756
4386,27,1381868183
2323,4472,1381887078
4472,2323,1381887578
4720,4517,1381894839
4441,4148,1381906196
4148,4441,1381906338
3662,4685,1381907026
4685,3662,1381910283
2571,2313,1381915414
2559,4722,1381922925
4722,4595,1381923692
4701,4406,1381931504
4406,4701,1381931520
4386,4434,1381935883
4434,4386,1381935898
1,2115,1381943076
2115,1,1381943216
4553,4517,1381944492
2115,4685,1381954074
4685,2115,1381954252
2115,4386,1381956244
4386,2115,1381956253
4715,4517,1381962052
2008,3955,1381965266
3955,4723,1381967933
4723,4724,1381968085
164,4723,1381968777
4724,4723,1381968781
4698,4131,1381978037
4517,4715,1381978572
4041,4393,1381986863
4397,4668,1382001117
4668,4397,1382002340
2107,4155,1382005357
4386,4291,1382006617
4291,4386,1382006721
4668,976,1382006777
2549,4160,1382015687
4160,2549,1382015687
4723,1307,1382037126
1290,4725,1382038471
4725,1290,1382038581
2327,4108,1382039721
976,2190,1382042659
2190,976,1382042899
2250,376,1382048969
2250,4717,1382048977
585,4685,1382077881
4685,585,1382078196
4316,4726,1382094048
4726,4316,1382094154
4386,3670,1382102478
4701,4642,1382108567
4517,4553,1382110444
507,4727,1382113218
4727,507,1382113229
4019,1516,1382115317
507,2135,1382115585
2135,507,1382115727
4131,1516,1382116071
4131,2135,1382117538
2135,4131,1382117592
4715,4728,1382131077
4728,4715,1382131103
3729,4041,1382132403
1990,2549,1382133621
4701,4604,1382135419
4604,4701,1382135454
4701,3057,1382136277
3057,4701,1382136382
4386,4171,1382139910
4171,4386,1382139965
1777,1679,1382141324
2339,3061,1382147539
4713,2135,1382152680
2559,4729,1382196017
3905,2791,1382206504
3602,4730,1382208399
4730,3602,1382208512
4729,4731,1382208791
4729,4732,1382208811
4729,4733,1382208826
4729,4734,1382208842
976,3899,1382209713
1679,4041,1382211606
2791,3905,1382211992
4141,4735,1382212870
4141,4736,1382212950
4730,2549,1382214164
2549,3057,1382214684
3057,2549,1382214766
4141,4737,1382224308
4141,4738,1382224658
4041,1679,1382225326
314,4386,1382226788
4386,314,1382226879
4381,4603,1382242198
4603,4381,1382242231
4386,2922,1382290843
3745,4019,1382290980
2922,4386,1382292750
1987,3586,1382293494
4141,4740,1382297731
4019,507,1382302120
507,4019,1382302174
2255,2804,1382313894
2804,1679,1382314430
2804,2255,1382314476
1679,2804,1382314777
4202,4387,1382317873
4387,4202,1382317932
4387,4386,1382318572
3061,2339,1382321821
4131,511,1382322977
511,4131,1382323020
976,1679,1382326159
2050,2584,1382333966
2584,2050,1382334209
4386,4719,1382365361
4019,976,1382366564
4041,2249,1382383138
2249,4041,1382383419
4717,2250,1382389597
4379,4654,1382396520
4654,4379,1382396577
1566,4741,1382431007
3856,1469,1382439250
4673,4386,1382448902
4386,4673,1382448947
4131,4386,1382450529
4386,4131,1382450564
4131,3648,1382452245
4473,4595,1382459988
4595,4473,1382460218
2259,1,1382463737
2549,4742,1382464267
4742,2549,1382464842
4721,2549,1382465668
4131,4743,1382469746
3648,4131,1382472063
4721,4517,1382473091
4517,4721,1382473129
4742,3856,1382473411
4727,2804,1382473586
2804,4727,1382473703
3692,4041,1382482722
4041,3692,1382482842
2323,2690,1382510358
2690,2559,1382512123
4019,314,1382517459
4019,97,1382525675
97,4019,1382525839
4019,2549,1382529172
2549,4019,1382529263
4386,3856,1382532828
4386,4739,1382534629
4739,4386,1382534704
1516,177,1382539536
177,4293,1382539579
992,4441,1382542483
4654,2549,1382543585
2549,4654,1382544769
4386,4745,1382546786
4745,4386,1382546818
104,1679,1382548427
1679,104,1382548817
4386,4746,1382549742
4746,4386,1382550222
670,4041,1382562293
4041,670,1382562315
670,4747,1382568910
4747,670,1382568954
4386,3268,1382569581
3268,4386,1382569612
2190,1605,1382571146
4386,507,1382578493
507,4386,1382578535
4386,4685,1382581379
4685,4386,1382581443
7,4748,1382589742
4748,7,1382590073
4441,992,1382603834
1507,691,1382606563
691,1507,1382606609
1941,4386,1382618415
4386,1941,1382618640
3398,4740,1382631231
4740,3398,1382631305
1679,233,1382631398
1998,4131,1382633199
4720,976,1382640955
3856,4041,1382643802
4595,4736,1382645487
4595,4722,1382645488
4595,4749,1382645488
4595,4750,1382645546
4595,4022,1382645547
4595,4751,1382645547
4595,4752,1382647725
4595,4753,1382648305
4595,2801,1382648306
4595,4712,1382648306
4595,4754,1382648318
4595,4755,1382648318
4386,3842,1382653806
3842,4386,1382653847
4386,500,1382662850
500,4386,1382662961
4701,4386,1382663948
4386,4701,1382664027
4595,4756,1382665939
4595,4608,1382665940
4595,4624,1382665940
4595,4757,1382665961
4595,4734,1382666246
4595,4740,1382666246
4595,4308,1382666247
4595,4758,1382666288
4758,4595,1382666561
4758,4705,1382666906
4758,4760,1382666926
4758,4740,1382666978
4758,3148,1382666994
4386,511,1382667253
4758,3022,1382667395
511,4386,1382667457
3856,4742,1382674827
314,4019,1382687855
27,4697,1382704101
4595,4300,1382716908
4595,4759,1382716909
4595,4761,1382719445
976,2050,1382721422
4434,4685,1382727318
4685,4434,1382728454
4595,3754,1382728912
4041,3856,1382729706
4685,3856,1382731927
4041,3729,1382736051
3899,976,1382736795
3856,4685,1382739568
2050,976,1382746793
4041,4763,1382749141
4763,4041,1382749598
4155,4603,1382757881
4246,4764,1382799059
4386,1507,1382799465
1507,4386,1382799631
1777,4765,1382842401
4765,1777,1382842418
1777,3581,1382842542
4765,3581,1382848376
3581,4765,1382848409
4764,4246,1382867821
1679,4766,1382890122
4766,1679,1382894190
3581,1290,1382899956
4250,4386,1382903381
4386,4250,1382903487
4668,3250,1382958113
3325,4382,1382962786
4382,3325,1382962968
4386,4382,1382963767
4382,4386,1382963907
2549,4386,1382966646
4386,2549,1382966664
3856,4386,1382967501
4286,4131,1382969336
3750,4517,1382983759
4517,3750,1382983857
4473,4732,1382992791
4286,3750,1382995869
3750,4286,1382995942
4473,4737,1383001147
4386,4767,1383007465
4767,4386,1383014821
2065,4364,1383015082
4434,447,1383018262
447,4434,1383018455
4382,863,1383059052
4767,4768,1383061391
4768,4767,1383061463
4595,4700,1383063256
4767,4769,1383063836
4700,4595,1383063864
4769,4767,1383063916
4767,4770,1383079204
4770,4767,1383079213
2791,3241,1383079735
2791,3148,1383079781
4041,2903,1383088566
4041,4771,1383092336
4771,4041,1383092393
1086,4772,1383095296
4772,1086,1383095568
2549,2882,1383138716
2882,2549,1383139232
2481,4386,1383145089
4386,2481,1383145111
4041,3684,1383151979
27,4774,1383165363
27,4775,1383165376
4386,4326,1383165452
4326,4386,1383165750
27,858,1383165852
4019,2903,1383168711
2903,4019,1383168763
4019,4382,1383171432
4382,4019,1383171556
4019,3856,1383172222
3856,4019,1383173519
4642,4386,1383175079
3415,4472,1383187888
4472,3415,1383188080
2050,4458,1383189267
4458,2050,1383189292
976,4041,1383189383
976,4762,1383189420
4041,976,1383189588
4694,4603,1383205355
4694,4693,1383205386
4603,4694,1383205452
4517,4685,1383207671
4382,1882,1383212370
1882,4382,1383212465
4019,2115,1383212741
2115,4019,1383213097
2682,4019,1383227613
4019,2247,1383231289
2247,4019,1383231376
4685,4517,1383234861
4019,142,1383236569
142,4019,1383236840
4570,4776,1383238093
4776,4570,1383240093
2065,4019,1383244300
4595,3734,1383244663
4762,191,1383244980
2750,4767,1383245149
4767,2750,1383245453
4767,2629,1383248713
2629,4767,1383248764
976,3051,1383253000
3051,976,1383253490
1987,858,1383259113
858,1987,1383259566
4155,4777,1383274652
4019,4141,1383308301
4141,4019,1383308446
2233,447,1383309980
447,2233,1383310547
4595,4778,1383317084
1290,3586,1383332357
104,3692,1383336401
3692,104,1383338893
4724,3441,1383349759
1683,1480,1383349824
4386,4202,1383385974
4202,4386,1383386086
2549,858,1383406662
858,2549,1383406743
4019,4780,1383414176
4780,4019,1383414335
4019,4604,1383414585
4604,4019,1383414602
1290,3581,1383419166
3581,1987,1383419450
1987,3581,1383420029
1987,3207,1383429221
3207,1987,1383429254
4516,863,1383430567
4604,2851,1383437793
4773,2050,1383452659
2050,4773,1383452709
4386,4696,1383483390
4772,3325,1383490917
858,4781,1383495352
4696,4386,1383495587
4781,858,1383496451
4678,2566,1383497997
2566,4678,1383498018
4190,4782,1383505800
4782,4190,1383506189
4782,4783,1383506939
4783,4782,1383507302
4131,3325,1383514139
4782,4784,1383533811
4784,4782,1383534819
1516,4096,1383538173
4694,4784,1383542693
4784,4694,1383542704
4694,4785,1383543191
4785,4694,1383543357
1646,1891,1383557907
3325,4772,1383569940
4595,2918,1383573921
4471,2918,1383581971
2918,4471,1383582218
4386,2903,1383582556
2903,4386,1383582832
4293,177,1383599057
4121,4019,1383599370
4019,4121,1383599407
4434,4010,1383602138
4108,1897,1383602303
4108,2327,1383602451
4108,4021,1383602486
4108,2559,1383602612
4434,4517,1383607509
4517,4434,1383607537
4096,1516,1383609182
4096,2692,1383609348
4096,3963,1383610703
3750,2903,1383611411
2903,3750,1383611454
2882,863,1383618091
4131,2339,1383621001
2339,4131,1383621054
4131,2882,1383621516
2882,4131,1383621571
2492,858,1383671189
858,2492,1383671276
858,4786,1383672213
4786,858,1383672393
4019,2008,1383679738
2008,4019,1383680036
4096,4787,1383680413
511,4160,1383686725
4160,511,1383686843
4141,4339,1383689149
4010,4434,1383691163
4019,2566,1383692450
2233,4788,1383697177
4788,2233,1383697243
4131,1860,1383712976
1860,4131,1383713030
4131,42,1383713921
1159,42,1383716159
1860,4218,1383717748
4218,1860,1383717820
4386,1860,1383720126
1860,4386,1383720260
3051,4789,1383728189
4789,3051,1383728216
4789,1710,1383728322
4787,4096,1383737604
2918,4039,1383742648
1897,3981,1383745283
4517,4790,1383774953
2566,4431,1383775020
4790,4517,1383775061
1987,4723,1383776521
2920,4041,1383779934
4788,4785,1383782213
1710,4789,1383782349
4785,4788,1383782420
4019,4791,1383782753
4791,4019,1383783082
4041,2920,1383788306
4386,3057,1383788357
3057,4386,1383788753
3581,4788,1383795529
4788,3581,1383800775
4785,4792,1383802041
4792,4785,1383802095
4431,2566,1383810363
4431,1774,1383813013
27,4744,1383819874
2692,4096,1383835934
2549,3676,1383838474
3676,2549,1383838619
4788,4793,1383842572
4793,4788,1383842601
2936,3734,1383852313
3734,2936,1383852380
1290,4788,1383854696
4789,863,1383863339
863,4789,1383865858
4148,4155,1383875664
858,27,1383917589
3617,506,1383919045
2882,3325,1383926422
3325,2882,1383926428
4382,4794,1383932731
4010,1290,1383957079
4458,858,1383959605
858,4458,1383959623
4019,4346,1383960987
4246,4141,1383961464
4346,4019,1383961907
863,4792,1383963988
4792,863,1383964033
2327,3654,1383972917
4654,3654,1383973049
3654,2327,1383973068
3654,4654,1383973153
4794,4382,1384002008
3073,4019,1384002354
4019,3073,1384002366
3734,4795,1384012769
4795,4308,1384014419
4795,4626,1384014477
4019,1954,1384021312
1954,4019,1384021351
3734,4796,1384028212
4796,3734,1384028407
863,4785,1384029828
4785,863,1384029885
4795,3734,1384036095
4353,4797,1384037769
4797,4246,1384037805
4797,4353,1384037836
4108,4019,1384037926
2233,2050,1384040726
4797,4733,1384041137
3268,2566,1384043654
2566,3268,1384043703
4668,4798,1384044915
4798,4668,1384044935
2050,2233,1384049566
4651,1860,1384061627
4651,27,1384061649
2222,2918,1384074837
2222,4039,1384074873
3979,4019,1384081961
2918,4799,1384082691
4799,2918,1384083769
2065,4800,1384104078
4795,4801,1384111036
4604,3305,1384111543
863,4604,1384114661
4604,863,1384114664
4604,4798,1384115113
4798,4604,1384115154
4458,3937,1384115284
3937,4458,1384115599
1755,4802,1384131647
4802,1755,1384131683
1290,1777,1384134182
2008,99,1384136318
4434,2050,1384136653
4155,760,1384143699
760,4155,1384148831
4386,4694,1384174778
4131,2429,1384181287
4595,4803,1384187027
4529,4131,1384187717
4797,4804,1384190222
4804,4797,1384190999
4387,4798,1384191191
4798,4387,1384191246
4530,4739,1384193089
4530,2851,1384193921
863,3325,1384199090
4801,4795,1384199554
4530,4646,1384199752
4801,4705,1384200194
858,3617,1384203954
2920,4798,1384210438
2190,4141,1384214824
2190,4666,1384215210
3684,4019,1384243757
4019,3684,1384243806
4797,4805,1384251116
2581,245,1384268216
1683,4806,1384278616
3734,4353,1384282087
4353,3734,1384282173
863,2005,1384289468
2005,863,1384289527
863,4387,1384289558
4387,863,1384289579
2323,4807,1384300423
863,3750,1384325196
3937,863,1384326947
4323,4218,1384349176
4218,4323,1384349270
4517,1355,1384355832
4646,4808,1384366964
4808,4646,1384367152
1516,2259,1384368482
3734,4799,1384368498
2259,1516,1384368570
4799,3734,1384368807
4808,3325,1384370509
3613,19,1384374101
4808,2404,1384375941
2404,4808,1384375966
4019,4202,1384377170
4530,27,1384379307
2566,4530,1384380246
4530,2566,1384380264
4041,2959,1384381025
2959,4041,1384383429
3734,4120,1384384275
4120,3734,1384384325
976,4096,1384394651
4096,976,1384403709
507,4135,1384408051
4135,507,1384408150
507,4809,1384408418
4809,507,1384408572
507,3592,1384408668
3592,507,1384408782
4131,507,1384409804
507,3769,1384411793
3769,507,1384412043
4019,3592,1384422347
4019,2404,1384423402
2404,4019,1384423418
2250,4810,1384429636
4517,3574,1384453976
3734,4811,1384454377
3574,4517,1384455153
1829,4155,1384461899
670,4517,1384462199
4517,670,1384462414
511,1679,1384466990
1679,511,1384469523
4019,3734,1384470785
3734,4019,1384470786
4155,1829,1384470819
2571,4812,1384472492
4785,4415,1384473717
4415,4785,1384473966
4813,2994,1384477755
4785,4772,1384478575
3117,4813,1384478825
4813,3117,1384478920
2566,4815,1384487032
4815,2566,1384487084
2566,4785,1384487125
4785,2566,1384487132
4785,4814,1384487445
2566,3499,1384488608
2065,4096,1384488996
4790,4816,1384490622
4816,4790,1384490880
3499,2566,1384491404
324,4096,1384495696
4785,27,1384499035
4814,27,1384499290
4814,4785,1384499769
4790,4817,1384501224
4817,4790,1384501305
3671,863,1384504790
245,2581,1384504792
4386,4818,1384509970
4818,4386,1384511072
27,4819,1384526317
27,4820,1384526327
4779,2549,1384527404
4789,4822,1384529148
4822,4789,1384529175
1883,863,1384534197
2339,133,1384541754
133,2339,1384541761
508,863,1384550655
3305,4019,1384551821
4019,3305,1384551855
3717,27,1384553793
863,508,1384554451
4810,2250,1384557306
2844,4823,1384557465
4096,3779,1384558290
4096,324,1384558337
4772,4785,1384560705
4434,4814,1384561514
4814,4434,1384561638
4678,4814,1384564201
3586,1290,1384564392
4814,4678,1384564459
4,4815,1384567143
4815,4,1384567213
1843,4815,1384569630
4815,1843,1384569712
3684,4739,1384574325
4739,3684,1384574467
4041,863,1384579258
4694,4019,1384606243
2559,4824,1384614565
27,4825,1384634250
508,4415,1384635239
2323,27,1384642003
3305,4041,1384651160
4041,3305,1384651260
863,4415,1384656919
4415,863,1384656942
2233,2566,1384677257
3326,2566,1384677276
1829,3319,1384698847
4822,4826,1384707672
2259,4822,1384708825
4822,2259,1384708846
2259,3639,1384721585
3639,2259,1384722590
4415,508,1384725289
3592,4720,1384731793
4824,3788,1384732680
4824,3148,1384732797
4824,4760,1384733048
4824,4740,1384733099
4824,4352,1384733200
4678,4826,1384735251
4826,4678,1384735632
4202,4678,1384736651
4678,4202,1384736703
4202,4826,1384737989
4826,4202,1384738025
841,508,1384739062
4530,4202,1384739251
4202,4530,1384739319
508,841,1384739773
4131,2259,1384741950
2259,4131,1384744102
4131,4530,1384746650
4530,4131,1384746691
3706,4530,1384753600
4530,3706,1384753678
27,3842,1384766314
3842,27,1384766466
4694,4386,1384772077
4795,4827,1384784057
4795,3148,1384786341
4826,2071,1384786455
2071,4826,1384786512
4131,3592,1384786512
3592,4131,1384786562
3617,4810,1384787246
4810,3617,1384791717
4386,4810,1384792209
4828,4826,1384797054
4435,27,1384797962
4131,4415,1384801744
4019,3662,1384803476
3662,4019,1384803505
3281,2115,1384804994
2115,3281,1384805097
3613,4829,1384807970
4829,3613,1384808256
507,4747,1384811511
4747,507,1384811560
4160,507,1384813847
507,4160,1384813908
4202,841,1384817773
841,4202,1384817867
4019,4795,1384818312
4019,4169,1384819781
3566,4747,1384819844
4747,3566,1384819864
4828,4830,1384819914
4830,4828,1384819978
4131,3667,1384820292
3667,4131,1384820437
4169,4019,1384820508
4720,3592,1384821041
4096,85,1384822562
507,508,1384825921
508,507,1384826039
508,4831,1384826073
4828,4832,1384827330
507,4831,1384827412
4832,4828,1384827566
4831,507,1384827649
4831,508,1384828185
4131,3962,1384828632
3962,4131,1384828662
604,4646,1384828746
4646,604,1384828770
4830,4833,1384828824
4833,4830,1384828843
85,4096,1384831928
2190,19,1384832336
3051,2190,1384832455
2882,4834,1384835146
4829,4646,1384835995
4834,2882,1384836285
4830,1347,1384837689
4458,4835,1384839182
4835,4458,1384839293
4828,4829,1384840977
1347,4830,1384843344
4458,1347,1384846719
1347,4458,1384846936
2233,3318,1384855870
3318,2233,1384858017
511,27,1384869927
27,511,1384870148
507,4814,1384874503
4019,4836,1384876861
4836,4019,1384878052
4517,4838,1384886587
4838,4517,1384886698
4415,19,1384887615
2233,4019,1384887652
4019,3509,1384891153
4144,3509,1384891320
3509,4019,1384891350
2233,2427,1384895593
2427,2233,1384895868
4838,4840,1384901387
4840,4838,1384901837
3326,1863,1384902987
1863,3326,1384903102
3326,863,1384908433
4739,3057,1384921153
3057,4739,1384921254
507,4841,1384927106
4837,3325,1384950347
4825,27,1384959692
2416,4842,1384968272
4842,2416,1384968311
42,2105,1384969069
2105,42,1384969128
3326,4829,1384969881
1987,1755,1384971251
4386,4843,1384972233
4843,4386,1384972699
4646,4829,1384972932
4810,4386,1384974418
3325,4829,1384974755
4829,3326,1384974997
27,4821,1384982644
27,4814,1384982652
27,4530,1384982668
27,4844,1384982681
27,4845,1384982691
27,4846,1384984965
4846,27,1384987087
670,4847,1384987949
4847,670,1384987997
3326,3586,1384988233
2566,4848,1384997952
4848,2566,1384998006
4222,4849,1384998244
4849,4222,1384998359
2566,4202,1385002030
4202,2566,1385002044
4131,19,1385008349
3326,4131,1385008377
2914,4830,1385011910
4830,2914,1385011969
4830,4850,1385012853
4850,4830,1385012888
314,3326,1385026458
3326,314,1385026594
4795,4019,1385035273
2416,4804,1385042880
4458,4202,1385044181
4804,2416,1385045106
3325,4842,1385053280
4842,3325,1385053833
4844,27,1385054303
4517,2050,1385058575
3509,4757,1385065821
3325,2549,1385067753
3326,4739,1385069889
4739,3326,1385069937
1829,4851,1385070093
4678,1863,1385071879
1863,4678,1385071893
4019,42,1385075758
85,3750,1385078113
3750,85,1385078195
4160,85,1385079556
85,4160,1385080591
4041,4852,1385080881
4852,4041,1385080975
863,3592,1385086154
863,4458,1385099223
511,4651,1385107841
4851,1829,1385117697
1349,4853,1385117950
1349,92,1385124700
85,3824,1385139685
2333,976,1385144651
3517,3676,1385148127
1777,4829,1385151465
4829,1777,1385151965
507,4646,1385154322
3639,4382,1385156481
4382,3639,1385156483
4646,507,1385157425
4694,4831,1385158098
4831,4694,1385158112
1863,4854,1385161136
4041,4114,1385162548
4041,4814,1385163714
4814,4041,1385163779
4603,4855,1385166653
604,2566,1385166678
2566,604,1385166765
4855,4603,1385166992
4814,4856,1385170960
1500,4041,1385179927
4814,4604,1385180617
4604,4814,1385180721
4837,4814,1385183090
2762,4857,1385187773
4857,2762,1385188519
3326,4695,1385194740
4695,3326,1385194821
4854,1863,1385195615
4856,4814,1385219862
4821,27,1385222891
4795,4858,1385223031
4856,27,1385227599
4458,4695,1385229986
4695,4458,1385230146
4458,4859,1385232422
1755,1843,1385232996
85,3325,1385236462
3325,85,1385236688
4859,4860,1385236775
4860,4859,1385236885
4458,3480,1385239628
3480,4458,1385239656
2050,4814,1385240812
4814,2050,1385240931
4458,4415,1385241999
4415,4458,1385242003
2233,4856,1385250560
4856,2233,1385250623
2566,4332,1385261124
2566,4861,1385262233
4861,2566,1385262501
4415,2566,1385263094
85,1349,1385263834
3166,1755,1385273183
4458,3592,1385303191
3592,4458,1385303240
1349,4019,1385314822
976,4364,1385321309
4415,3325,1385326135
1755,2204,1385326268
4415,4202,1385333041
2233,4863,1385341358
4863,2233,1385341570
4332,2566,1385344128
3750,2255,1385348521
3574,1683,1385348899
4332,4678,1385349362
4678,4332,1385349507
2737,506,1385356528
4865,4859,1385369530
4865,4863,1385369545
4865,4866,1385369713
4865,4867,1385369923
4866,4867,1385370085
4867,4866,1385370265
4865,4868,1385370421
4866,4868,1385370492
4867,4868,1385370587
4868,4867,1385370680
4868,4866,1385370706
4869,4867,1385370942
4869,4866,1385370960
4869,4868,1385370980
4867,4869,1385371051
4866,4869,1385371110
4865,4869,1385371163
4868,4869,1385371260
4865,4870,1385371529
4870,4867,1385371610
4870,4866,1385371627
4870,4868,1385371646
4870,4869,1385371668
4867,4870,1385371791
4866,4870,1385371843
4868,4870,1385371899
2240,4668,1385371912
4869,4870,1385371961
4668,2240,1385372174
4871,4867,1385372415
4871,4866,1385372438
4871,4868,1385372455
4871,4869,1385372469
4871,4870,1385372492
4867,4871,1385372612
4866,4871,1385372671
4865,4871,1385372712
4868,4871,1385372758
4869,4871,1385372845
4382,4872,1385395591
4382,4555,1385397241
3854,4846,1385398400
3613,4458,1385398445
4458,3613,1385398456
1,442,1385402011
4694,4458,1385402936
4458,4694,1385402952
2259,4739,1385404704
4739,2259,1385404750
4846,3854,1385414552
2233,4387,1385417013
4387,2233,1385417174
2065,1274,1385420424
4646,4859,1385422748
4859,4646,1385423088
42,4131,1385428418
322,1679,1385444011
1679,322,1385444328
4109,4829,1385448220
3984,164,1385457541
164,3984,1385457573
4,4664,1385465129
4019,4131,1385475163
1307,4771,1385484380
1843,1755,1385484526
3592,4873,1385484957
4874,4570,1385486661
2566,4847,1385493874
2704,4108,1385497046
2704,3148,1385497135
2566,322,1385504558
322,2566,1385504589
4041,3962,1385509735
863,4875,1385513396
4041,4472,1385520686
4472,4041,1385520721
4458,887,1385524913
4616,4458,1385524965
3613,2339,1385530394
1,1274,1385534417
2050,4434,1385540376
4651,2938,1385545961
2938,4651,1385546131
4471,4874,1385553059
27,4297,1385553151
4874,4471,1385553359
1566,4862,1385555256
1566,2259,1385555288
4155,3592,1385559445
1589,4646,1385563014
1372,4876,1385563896
4876,1372,1385563935
4250,3829,1385565087
1516,1589,1385566316
976,231,1385566702
1755,4826,1385568510
4646,1589,1385568750
4826,2566,1385568825
4826,4434,1385568825
2259,4877,1385574154
3734,4048,1385575188
4048,3734,1385575437
231,976,1385576966
4019,3902,1385576993
3902,4019,1385577041
4019,4842,1385577202
4842,4019,1385577273
4434,4826,1385577879
3676,430,1385578601
430,3676,1385578630
4834,4829,1385579068
4829,4834,1385579255
1755,2813,1385579884
4840,4878,1385582332
4646,4856,1385582610
4856,4646,1385582833
3586,4041,1385584468
4041,3586,1385584637
2566,2611,1385588724
2566,3303,1385588781
3517,4646,1385590326
4646,3517,1385590526
4019,322,1385597416
4814,4695,1385621239
4695,4814,1385621241
2918,4874,1385634662
4874,2918,1385635168
3617,4061,1385640808
4795,4879,1385649709
4061,3617,1385656771
4381,4516,1385657461
4516,4381,1385657637
3585,4863,1385658852
4516,4694,1385662436
4694,4516,1385662512
4458,3856,1385663177
3856,4458,1385663301
4019,4694,1385664939
4458,3680,1385667801
3680,4458,1385667843
1683,3676,1385673788
3676,1683,1385673792
3734,4880,1385677062
4880,3734,1385677123
3962,4881,1385680042
3962,4882,1385681407
4882,3962,1385681801
3967,4839,1385681936
4839,3967,1385682219
3962,1710,1385682708
1710,3962,1385687477
3962,4883,1385688540
4019,2671,1385690784
2671,4019,1385690791
4814,4884,1385693142
4884,4814,1385694252
2050,3517,1385700613
3856,4814,1385702571
4814,3856,1385702663
4826,4814,1385702845
4814,4826,1385702873
4863,1516,1385703018
4814,507,1385707591
4381,4863,1385707751
3692,4662,1385708249
4662,3692,1385713271
27,4872,1385716391
27,4885,1385716404
27,4886,1385716418
27,4856,1385716429
27,4347,1385716633
3325,4814,1385717208
4814,3325,1385717297
177,4887,1385722754
4887,177,1385722950
4845,4379,1385723103
177,3810,1385724212
4347,2250,1385725755
2250,4888,1385728773
4888,2250,1385729050
4888,1566,1385729127
4646,4202,1385730680
4202,4646,1385730699
1566,4888,1385742654
507,3676,1385743933
3676,507,1385744178
507,3325,1385744740
4889,507,1385746567
4458,3676,1385747801
3676,4458,1385748127
4458,863,1385748558
4846,3617,1385748747
3962,1423,1385751889
1423,3962,1385751963
3676,4041,1385752395
4041,3676,1385752659
1423,4653,1385752752
4653,1423,1385752838
3617,4846,1385756274
4863,4381,1385757317
27,4890,1385758636
4890,27,1385758819
4863,1423,1385769163
1423,4863,1385769297
2566,4826,1385777679
1516,4863,1385781827
4814,4883,1385785192
4883,4814,1385785528
4814,4346,1385788606
4346,4814,1385788643
4881,4891,1385791784
4891,4881,1385791855
4616,4131,1385792502
3517,322,1385793102
322,3517,1385793123
4872,4382,1385805330
4872,27,1385805386
2994,4892,1385811136
3676,4893,1385822214
4131,887,1385831994
2233,4894,1385834048
4863,4814,1385836772
4814,4863,1385837130
4458,146,1385837988
4847,4458,1385839754
4458,4847,1385839811
3680,2566,1385843288
2566,3680,1385843597
1679,976,1385845102
1290,2566,1385846583
3676,3517,1385846589
1307,4671,1385847104
1290,322,1385848964
4664,4896,1385853787
4896,4664,1385854310
4826,4646,1385876970
2704,4311,1385891513
4872,4814,1385896879
507,4889,1385912296
4893,1460,1385913551
507,3680,1385913579
3680,507,1385913629
4893,3676,1385914381
4379,4845,1385916897
4379,2994,1385919737
2994,4379,1385919960
2025,4694,1385921739
4771,4898,1385922401
4694,2025,1385922438
4898,4771,1385926018
4771,1307,1385931490
4771,506,1385934450
4222,3441,1385935018
4814,4872,1385940599
4899,3680,1385940864
2404,4814,1385942066
4814,2404,1385942073
511,4019,1385942228
4019,511,1385942244
4604,4881,1385948015
4739,4900,1385955081
4900,4739,1385955194
2255,3750,1385960299
1343,4654,1385982947
4019,4394,1385984882
4394,4845,1385985965
4845,4394,1385987365
4394,2994,1385989466
2240,4829,1385990351
4829,2240,1385997571
322,4019,1386000658
4019,1777,1386001128
1777,4019,1386001182
4382,4901,1386004933
2332,507,1386005249
507,2332,1386005269
3617,858,1386005827
4434,4019,1386022408
42,4041,1386023916
4041,42,1386023930
4902,3617,1386026357
4814,4903,1386028455
4903,4814,1386028477
4900,4881,1386028648
3680,4899,1386030437
4434,4646,1386030524
4604,3517,1386035572
4458,4903,1386036765
4903,4458,1386036790
2851,4579,1386038461
4579,2851,1386038515
4434,4904,1386041924
4904,4434,1386042148
4904,4744,1386042372
4694,4160,1386043492
3581,585,1386049986
4019,4905,1386059063
4109,4342,1386062919
2945,4842,1386071734
4842,2945,1386071979
4678,3303,1386081475
3303,4678,1386081513
3984,4041,1386095449
4041,3984,1386095528
3734,4906,1386096243
4906,3734,1386096378
265,4041,1386101035
4041,265,1386101070
4739,4041,1386102569
4041,4739,1386102876
4847,2566,1386110682
3325,3763,1386113291
3763,3325,1386113392
863,4907,1386114358
3303,4646,1386116438
3750,3676,1386124127
3676,3750,1386124162
4900,4041,1386127515
4041,4900,1386128387
2071,4907,1386137394
4382,4908,1386153111
4814,4226,1386153335
4908,4382,1386153352
4226,4814,1386155629
3160,2071,1386176702
2071,3160,1386176726
4155,2107,1386185998
3750,2071,1386186067
2071,3750,1386186093
4155,4909,1386186204
4909,4155,1386186213
4909,3676,1386186267
4909,4910,1386186307
4909,4911,1386186357
4646,2071,1386186506
4155,1112,1386186549
2071,4646,1386186711
4907,2071,1386192126
3973,2339,1386193055
2339,3973,1386193076
1679,4096,1386200138
1679,3692,1386200836
1987,3692,1386200883
4646,1290,1386202957
4041,1500,1386203033
976,3580,1386206056
3580,191,1386206122
4202,4912,1386208575
4912,4202,1386208744
4646,4814,1386214008
4814,4646,1386214089
4458,4896,1386215110
4896,4458,1386215456
1272,4202,1386219261
1272,4019,1386219333
3639,4914,1386243903
4914,3639,1386244014
4654,1343,1386246185
27,4915,1386253282
4915,27,1386253339
2540,1307,1386260862
4772,4744,1386261142
4744,4892,1386261621
4744,4897,1386261630
4744,4904,1386261662
4744,4772,1386261711
4744,27,1386261766
2313,3734,1386268206
3734,2313,1386268226
4434,1777,1386269311
4346,3326,1386270371
1290,3207,1386276422
4847,4916,1386276987
4916,4847,1386277634
2313,4917,1386280900
4917,2313,1386280955
4814,3750,1386299751
3750,4814,1386299852
3684,3517,1386304615
3517,3684,1386304630
3517,4826,1386308114
4826,3517,1386308399
3592,4155,1386310861
4694,4889,1386314276
4913,4878,1386330175
4878,4913,1386330318
3166,42,1386345872
27,4918,1386357071
27,4919,1386357084
27,4920,1386357093
27,4921,1386357110
4628,4734,1386366792
4019,3207,1386378141
2240,42,1386386535
4826,19,1386390518
3967,4922,1386391470
4922,3967,1386391586
2323,1290,1386393373
4694,4415,1386397027
2233,1760,1386397876
4155,4873,1386408428
27,2938,1386410074
4873,4155,1386410734
691,3415,1386438185
3415,691,1386438248
1863,4923,1386442033
4923,1863,1386442038
3617,2492,1386443622
4646,4530,1386443675
4202,4896,1386482915
4896,4202,1386483107
3305,3517,1386485893
3305,4604,1386485958
27,4924,1386495151
27,4925,1386495176
2492,3617,1386497114
4019,4739,1386517234
4739,4019,1386517400
4131,4926,1386536077
4926,4131,1386536234
4927,4019,1386538393
4905,4019,1386538490
4458,3962,1386543659
3962,4458,1386545897
4346,4922,1386546648
4922,4346,1386546929
3467,42,1386548536
3581,4131,1386568812
863,4928,1386570785
4928,863,1386570891
2169,1605,1386583625
4131,3581,1386600472
4382,4929,1386604609
4929,4382,1386604650
177,4926,1386609402
4926,177,1386609467
42,4646,1386612104
4646,274,1386613304
3338,4723,1386614309
4723,3338,1386614389
4744,4930,1386614416
1516,3517,1386615807
3517,1516,1386615843
274,4646,1386617736
2255,4417,1386653523
42,3467,1386684567
4930,4744,1386687239
4019,3517,1386699719
3517,4019,1386699841
4517,3117,1386708303
4517,4202,1386709089
1516,1481,1386711407
322,1290,1386713555
4202,4517,1386721623
4646,4923,1386723836
4923,4646,1386723870
501,4646,1386726994
1679,4019,1386729105
2323,4923,1386729436
4646,501,1386730161
4646,4694,1386730920
4694,4646,1386731133
4923,4434,1386738835
3326,1777,1386743988
1290,3326,1386744755
1469,3856,1386752272
4739,4646,1386774148
27,4932,1386783329
27,4933,1386784789
4019,1679,1386787248
4934,1307,1386797032
1987,4935,1386797312
3517,4923,1386806715
4923,3517,1386806723
1897,4826,1386819704
4826,1897,1386819895
4131,4936,1386824360
4707,4386,1386829661
3376,3692,1386831226
3376,4937,1386831559
4937,3376,1386832013
2190,4896,1386848856
4896,2190,1386849010
3734,4938,1386857728
4938,3734,1386858311
4933,4041,1386865411
4041,4933,1386865475
3757,4939,1386873451
4939,3757,1386873498
4916,863,1386878277
498,154,1386880846
154,854,1386880989
1272,265,1386892392
265,1272,1386892631
976,3283,1386900788
585,3581,1386909701
4434,4940,1386916501
4940,4434,1386916582
1010,409,1386925938
1010,1689,1386925963
1010,4941,1386926012
4942,3574,1386926623
4646,4739,1386943667
1290,3662,1386986540
3662,4707,1386986677
4415,4346,1386989474
4939,3517,1386990782
4346,4415,1386990807
3517,4939,1386990921
4386,4362,1387014349
4362,4943,1387017759
4386,1987,1387021319
1987,4386,1387021492
4081,4944,1387021679
4944,4081,1387021724
3517,4945,1387043926
4744,3290,1387047625
3398,1318,1387049281
3398,1,1387049290
3398,1897,1387049302
1516,1987,1387050904
1987,1516,1387051533
4415,4694,1387061744
4517,4346,1387062796
3757,4041,1387064455
4041,3757,1387064567
507,4946,1387065050
4946,507,1387065216
4346,4517,1387065498
4386,3398,1387081367
4386,1,1387112717
4945,4947,1387123417
4947,4945,1387123503
4826,2172,1387131064
2172,4826,1387132481
4653,4826,1387132735
4415,4081,1387151806
4945,4653,1387152170
4653,4945,1387152224
4342,4949,1387154534
4949,4342,1387154572
1307,4723,1387156457
4945,4950,1387160711
4950,4945,1387160759
4948,4951,1387179087
4951,4948,1387179143
4948,4952,1387179357
4952,4948,1387179427
4952,4951,1387179444
4951,4952,1387179488
4342,2461,1387179940
2339,4681,1387180653
4948,4953,1387181814
4953,4954,1387182283
4954,4955,1387182624
4955,4956,1387182817
4948,4957,1387183122
4386,4958,1387187780
4019,4958,1387187788
4342,4928,1387227203
4928,4342,1387227211
1,4019,1387229168
4019,1,1387229195
4019,4041,1387237386
4041,4019,1387237428
1,4386,1387247686
4362,3592,1387259288
4041,2851,1387265288
4019,4959,1387289438
4959,4019,1387289816
1941,27,1387313479
4886,27,1387313981
2005,4019,1387317583
4945,4930,1387327774
4930,4945,1387327782
511,1516,1387329838
4646,2994,1387349937
2994,4646,1387350101
3592,4019,1387367061
27,4960,1387388247
4960,27,1387388430
4930,3231,1387398150
3231,4930,1387398408
4019,4961,1387414729
4961,4019,1387415244
511,2938,1387430244
2938,511,1387430351
2323,511,1387432705
3452,241,1387446668
241,3452,1387446721
4939,241,1387448316
241,4939,1387448421
4950,4962,1387448891
4962,4950,1387448920
4155,2169,1387453344
2169,4155,1387457713
4795,4371,1387458048
4197,4019,1387470215
4019,4197,1387470363
4131,3499,1387480996
3499,4131,1387481014
4950,4963,1387482491
4963,4964,1387484717
4964,4963,1387484765
2559,1838,1387494611
4965,2994,1387495020
3757,4966,1387497984
4966,3757,1387498105
4517,4967,1387498861
4967,4517,1387498886
4197,31,1387554412
31,4197,1387554514
4019,2844,1387570560
1679,1777,1387579791
3684,4875,1387580274
4875,3684,1387580338
3117,3002,1387588941
3002,3117,1387589090
4829,3002,1387591058
4923,4472,1387603784
4472,4923,1387603814
2313,4969,1387636087
4595,1838,1387636892
1838,4595,1387636989
4965,4653,1387642140
4653,4970,1387643283
4970,4653,1387643294
3662,1290,1387645340
4144,2366,1387648785
2366,4144,1387650645
2313,4019,1387652772
4019,2313,1387652797
4972,2851,1387677002
2851,4972,1387678815
31,1679,1387701129
1679,31,1387701315
4653,4144,1387727786
4144,4653,1387727820
4415,4923,1387752595
4923,4415,1387752628
4653,1755,1387760367
1755,4653,1387760381
4972,4974,1387762634
4974,4972,1387762690
4974,3002,1387763282
3002,4974,1387763849
4974,3841,1387764007
3841,4974,1387764018
4975,3326,1387769067
3326,4975,1387772261
4976,3613,1387819197
4974,3757,1387820814
3757,4974,1387820833
4974,4041,1387821542
4041,4974,1387821586
1897,289,1387823948
3750,4974,1387846721
4131,2243,1387852285
4972,2938,1387866896
2938,4972,1387867290
4434,4972,1387877361
4972,4434,1387877468
4202,4434,1387877609
4434,4202,1387877625
2938,4977,1387879233
4977,2938,1387879307
4976,4978,1387912836
4978,4979,1387912961
4979,4978,1387913011
4979,4980,1387913192
4971,4981,1387917601
4981,4971,1387917660
4235,4982,1387925382
4982,4235,1387925421
4826,4982,1387957682
4982,4826,1387957886
4653,4982,1387999554
4982,4653,1387999905
25,3002,1388003655
3002,25,1388003660
3002,1290,1388003971
4653,4983,1388014380
4983,4653,1388014384
4826,4984,1388031789
27,4973,1388048784
27,4986,1388048795
27,4987,1388048807
4982,4985,1388066363
4985,4982,1388066432
3499,4041,1388082996
4041,3499,1388083275
241,4332,1388088642
4332,241,1388090572
4829,4988,1388108831
4829,4989,1388108854
4988,4829,1388109473
4988,4989,1388109505
4988,4019,1388109623
4989,4988,1388109717
4989,4829,1388109920
4984,4826,1388111008
4198,4171,1388113582
4131,4207,1388115150
4984,4990,1388116095
4990,4984,1388118414
3499,863,1388127096
863,3499,1388127215
4694,4826,1388130350
4826,4694,1388130357
4381,241,1388136856
241,4381,1388137298
2313,4991,1388156082
2065,4458,1388163778
4987,27,1388168951
1280,4990,1388175797
4990,1280,1388176099
4517,1010,1388181002
585,3326,1388192372
585,1755,1388192948
3517,2050,1388217125
1010,4517,1388227394
4971,4990,1388258335
4990,4971,1388258351
1272,4041,1388262475
3517,4332,1388280454
4332,3517,1388280456
4826,4653,1388289167
4131,4826,1388289539
3581,1747,1388290145
4131,4653,1388290408
4653,4131,1388291093
4826,4131,1388291733
4387,241,1388329041
241,4387,1388329054
4653,241,1388330501
241,4653,1388330549
4473,4355,1388330983
4355,4473,1388331918
241,2903,1388345380
3517,2903,1388345438
2903,241,1388347540
4971,27,1388348700
863,4041,1388349980
2240,3326,1388350914
4975,2240,1388351340
307,4971,1388351511
4144,4019,1388352339
241,4993,1388355346
4826,241,1388356425
241,4826,1388356539
4727,3967,1388357094
3967,4727,1388357125
3566,241,1388361465
4131,241,1388386310
241,4131,1388386321
241,4651,1388401139
4651,241,1388401228
3592,3319,1388406356
4041,3415,1388426275
3415,4041,1388426327
4971,4994,1388434488
4994,4971,1388434595
4971,307,1388434748
27,4977,1388434949
27,1711,1388434977
27,4995,1388435041
4994,4382,1388435463
4897,4971,1388442265
4971,4897,1388442603
3524,3415,1388458151
3415,3524,1388458185
4155,4968,1388460994
3967,2255,1388467499
2255,3967,1388467579
4927,4905,1388471073
4905,4927,1388471923
3979,4332,1388475514
4332,3979,1388475568
863,1516,1388502318
1341,2233,1388504143
2240,4996,1388516193
2559,4997,1388516214
4996,2240,1388516324
4997,2559,1388516463
4727,4041,1388517754
4041,4727,1388517823
429,4994,1388526153
4994,429,1388526227
3841,3586,1388539679
3586,3841,1388539705
3763,585,1388549460
585,3763,1388549462
1829,863,1388558708
863,1829,1388560087
4332,4826,1388606811
4826,4332,1388606915
4381,863,1388616703
1454,2241,1388633067
2241,1454,1388633120
4131,4662,1388635480
4662,4131,1388635904
3750,4745,1388640226
4745,3750,1388640352
1318,121,1388644692
4972,4961,1388648988
2844,4019,1388691821
67,4999,1388719622
4999,67,1388720648
3415,4646,1388721747
4646,4939,1388723358
4939,4646,1388723951
2250,1984,1388761991
2250,4583,1388762126
2250,5000,1388762438
3692,3750,1388763468
4646,4972,1388787119
4972,4646,1388787265
4854,4971,1388790090
4971,4854,1388790145
2994,5001,1388794977
4975,3662,1388818572
2559,5002,1388821252
4387,4930,1388850539
4930,4387,1388850623
4931,3734,1388851373
3734,4931,1388851380
3734,4969,1388851483
4969,3734,1388872924
4969,2313,1388873028
430,3566,1388901623
3566,430,1388901726
1984,2250,1388907109
4019,36,1388923052
36,4019,1388923332
36,4996,1388923387
4996,36,1388923694
4019,4969,1388926644
4969,4019,1388926660
2559,4969,1388929115
4969,3298,1388929342
3298,4969,1388929493
4653,4646,1388945908
4646,4653,1388945992
4646,3499,1388946014
3499,4646,1388946038
27,5003,1388950163
1863,2903,1388951147
863,3566,1388951291
3566,863,1388951441
4646,3763,1388958839
3763,4646,1388958872
4646,4041,1388968766
4041,4646,1388968924
2323,5004,1388977292
4155,4966,1388978721
5003,27,1389010193
2903,1863,1389024846
511,4646,1389039360
4646,511,1389039365
4646,4517,1389040748
4382,4994,1389044321
4382,5005,1389044340
1987,5006,1389045679
5006,1987,1389046599
4646,2549,1389050523
2549,4646,1389050545
863,976,1389072180
4019,5006,1389106718
2065,1536,1389115159
4041,3082,1389115331
5007,3854,1389115899
3160,976,1389116959
4041,2813,1389117005
2750,5008,1389119989
507,1795,1389121509
4897,36,1389125463
36,4897,1389125877
2172,4041,1389131253
4041,2172,1389131267
4517,1679,1389132222
4517,4646,1389132245
407,4041,1389134407
4041,407,1389134453
4972,4517,1389141013
4517,4972,1389141163
4160,4694,1389141263
3517,4925,1389145510
4925,3517,1389145551
4972,4041,1389148415
4646,4416,1389150947
4826,4416,1389151241
2323,4646,1389152148
4041,4972,1389152860
2323,2255,1389153477
4662,976,1389157048
976,4662,1389160228
585,4971,1389171972
4971,585,1389172538
4387,27,1389188463
5006,4019,1389220063
4019,109,1389221332
109,4019,1389221657
4202,4415,1389223394
4131,4041,1389223863
4041,4131,1389223953
2050,4415,1389224384
5004,2323,1389238909
4362,4386,1389250604
27,4971,1389258592
27,5009,1389258608
27,5010,1389258617
4646,2566,1389290433
2566,4646,1389290491
3662,4972,1389298973
4972,3662,1389300424
2242,3854,1389304991
3854,2242,1389305202
3854,2312,1389305278
3750,3117,1389309981
3117,3750,1389310049
3854,5007,1389316672
5004,3662,1389335689
3662,5004,1389335810
4590,5004,1389337513
5004,4590,1389337991
4897,4646,1389351235
4646,4897,1389351918
2255,1516,1389355810
3967,3750,1389360731
3750,3967,1389360795
177,3524,1389363345
5006,5011,1389375227
5011,5006,1389375260
3592,863,1389408683
5000,2250,1389438242
1679,4517,1389447472
4019,5012,1389514905
5012,4019,1389514998
4019,3467,1389515114
4458,5013,1389518423
5013,4458,1389518540
3648,4646,1389520709
4646,3648,1389520717
1460,511,1389528792
511,1460,1389528827
4646,177,1389542106
177,4646,1389542153
4646,3117,1389553562
3117,4646,1389553655
4595,4108,1389560214
4155,5014,1389564663
5014,4155,1389564699
1764,976,1389569552
3592,5015,1389589631
5015,3592,1389589694
4019,4472,1389602561
4646,3415,1389605165
4646,3467,1389605656
3467,4646,1389605807
2750,1679,1389612757
1679,2750,1389612801
4646,3325,1389619619
3325,4646,1389619782
3581,5016,1389628050
5016,3581,1389634282
4646,4381,1389636901
4381,4646,1389636962
4651,5017,1389638282
5017,4651,1389638314
3326,1536,1389642921
946,2312,1389646057
1536,3326,1389646294
2050,1954,1389649436
1954,2050,1389649449
5017,5019,1389678935
5019,5017,1389679097
2242,5018,1389734417
5018,2242,1389734708
2233,3667,1389735850
4041,3205,1389749425
2050,4517,1389750343
4155,5020,1389750666
4472,5021,1389758829
5021,4472,1389758944
27,5022,1389772734
5020,4155,1389779269
4646,3757,1389816447
3757,4646,1389816479
5017,4972,1389836317
4972,5017,1389836334
4972,5023,1389836620
5023,4972,1389836910
4131,5024,1389849703
2994,5024,1389850173
4386,1619,1389874035
4109,3841,1389891712
4727,5025,1389894951
5025,3841,1389895015
5025,4727,1389895155
3586,5026,1389902326
2005,691,1389903810
691,2005,1389904317
4342,1882,1389921439
1882,4342,1389921905
4994,5017,1389927844
5017,4994,1389927904
4646,5024,1389933819
5024,4131,1389935267
3326,1795,1389942027
4160,2071,1389973248
2071,4160,1389973280
2071,4994,1389975195
4994,2071,1389975220
4131,1777,1389988246
4918,27,1389998521
2233,4393,1390003243
4393,2233,1390003303
3750,4897,1390009265
4897,3750,1390009294
4394,4041,1390009424
5017,5027,1390014922
5027,5017,1390015022
241,3566,1390029827
3750,5013,1390070917
5013,3750,1390071321
3750,4094,1390082695
4434,5025,1390097079
5025,4434,1390097183
2566,241,1390110430
241,2566,1390110438
429,241,1390112015
241,429,1390112495
3692,3676,1390143622
2233,4587,1390151544
4587,2233,1390151975
4458,3750,1390166307
3750,4458,1390166359
4472,5013,1390169596
5013,4472,1390169692
241,5025,1390175889
5025,241,1390179333
241,511,1390185110
511,241,1390185117
5017,3305,1390189847
3305,5017,1390189859
5017,4587,1390190862
3750,5022,1390194281
5022,3750,1390194517
241,122,1390200567
122,241,1390200712
241,3499,1390233438
241,1516,1390233552
3499,241,1390233552
3750,1516,1390233626
1516,241,1390235111
2233,5010,1390241822
5010,2233,1390242547
5010,3841,1390242673
4155,4066,1390299209
3692,4197,1390314016
4197,3692,1390314217
3107,976,1390323673
241,4998,1390327970
4998,241,1390328020
241,5029,1390329093
5029,241,1390329170
4342,3301,1390329774
4646,863,1390330962
863,4646,1390330991
4723,2994,1390341055
3517,4587,1390360396
4587,3517,1390360446
322,4707,1390374389
241,5030,1390374680
5028,3841,1390382614
5030,241,1390401455
241,4295,1390402566
5032,3841,1390405108
4131,3117,1390423597
3117,4131,1390423618
3592,5023,1390427180
5023,3592,1390427240
2255,5034,1390428072
5034,2255,1390428207
4351,241,1390488112
241,4351,1390489200
5032,5023,1390489380
5023,5032,1390491383
5022,27,1390506950
3581,5035,1390513183
5035,3581,1390513700
4517,4057,1390515714
4057,4517,1390515837
4041,4653,1390528120
4653,4041,1390528135
4131,1679,1390585587
2851,691,1390586938
691,2851,1390587683
27,1202,1390596636
4386,1683,1390608038
4386,4806,1390608153
1667,1605,1390625414
3398,4386,1390632981
691,3231,1390651572
4646,1795,1390661367
4933,27,1390665923
1307,5037,1390668369
1307,5038,1390668682
4671,5038,1390668914
4671,1307,1390669049
4671,3574,1390669203
3581,2844,1390669271
1777,4131,1390689886
863,5039,1390690653
5039,863,1390690656
3517,5022,1390700323
5022,3517,1390700475
5040,3841,1390732095
4019,3231,1390739593
4646,3676,1390750288
3676,4646,1390750337
3841,5040,1390762187
3517,4971,1390763789
4971,3517,1390764544
3841,3941,1390774834
25,1795,1390774853
3941,3841,1390774991
4646,1364,1390789672
1364,4646,1390789714
4646,4434,1390791085
4646,42,1390792737
4968,1143,1390829729
4968,4155,1390829762
4575,19,1390836026
1516,3326,1390858821
1679,1516,1390865004
1679,4131,1390872154
4971,5022,1390873726
5022,4971,1390874028
5031,5023,1390874759
5023,5031,1390874803
1987,4434,1390928845
1202,5018,1390929074
1202,27,1390929113
5035,1679,1390945853
4342,4587,1390946022
4587,4342,1390946238
1679,5035,1390946593
4386,3399,1390950090
3841,2903,1390961854
2065,863,1390966461
5018,1202,1391005092
5034,5042,1391009309
5042,5034,1391009345
4994,241,1391014183
241,4994,1391014302
2219,5041,1391015428
5041,2219,1391017013
4971,4362,1391028024
4362,4971,1391029862
4994,3841,1391038281
3841,4971,1391045319
2255,2323,1391049119
1987,4664,1391102227
3841,4664,1391117329
1764,5044,1391119842
5044,1764,1391120077
2181,314,1391133312
4646,4346,1391133550
4346,4646,1391133556
3303,3841,1391162343
3841,3303,1391162384
5041,3298,1391167608
27,5045,1391167873
27,5046,1391167881
3841,5041,1391171365
3298,5041,1391171831
946,3939,1391174451
5041,3841,1391179615
4723,164,1391182217
851,5047,1391190663
3326,4646,1391195528
1679,4538,1391198370
5047,851,1391201374
1679,4646,1391207109
4664,1987,1391211175
4646,1679,1391214018
2750,4971,1391214806
4971,2750,1391214808
3326,3662,1391216098
2750,322,1391219340
2750,5048,1391223166
5048,2750,1391223195
5023,4994,1391228477
4994,5023,1391229976
1307,2737,1391234327
1307,2067,1391234389
4386,1891,1391267377
4386,4864,1391267451
4386,1307,1391267470
3841,5025,1391277150
946,5049,1391290292
863,4386,1391302470
4472,4971,1391302561
4971,4472,1391302912
3399,4386,1391304589
1683,3508,1391309950
1683,3207,1391310745
1683,4386,1391311000
5046,4727,1391321870
4727,5046,1391321913
3841,4932,1391338289
3841,5032,1391355702
4988,5036,1391357326
4723,4646,1391363523
4646,4723,1391364021
5049,946,1391379855
4727,5050,1391380731
5050,4727,1391380832
4646,3399,1391383126
3399,4646,1391383159
1863,3841,1391435331
3841,3854,1391435444
3841,1863,1391435468
5051,5052,1391444177
5052,5051,1391444186
4048,5052,1391444379
1516,1679,1391452285
4131,5050,1391457376
5050,4131,1391457487
3750,511,1391463772
511,3750,1391463808
2903,3517,1391466234
5022,4972,1391468788
4972,5022,1391469373
4972,2549,1391469480
2549,3841,1391470955
2549,4254,1391472543
4254,2549,1391472715
4971,3841,1391479691
5054,1795,1391488769
3524,177,1391493817
3231,241,1391520051
3231,4387,1391521571
3231,4274,1391523028
4274,3231,1391523142
4387,4342,1391551177
4342,4387,1391551208
2065,1516,1391552848
5036,4988,1391560129
4517,3002,1391560150
4472,3763,1391572978
3763,4472,1391573295
27,1480,1391593163
1480,27,1391593326
4019,3325,1391596359
3841,4109,1391602996
3231,4219,1391635015
4219,3231,1391636571
3231,5055,1391638368
1460,36,1391638431
5055,3231,1391638462
36,1460,1391638524
4393,2255,1391640317
2255,4393,1391640335
4538,1679,1391641809
2255,1460,1391642818
3613,5056,1391646764
5056,3613,1391646945
3854,3841,1391681107
5034,5057,1391703476
5057,5034,1391703481
4131,4747,1391706559
4747,4131,1391706619
4517,3841,1391718718
3841,4517,1391719205
4994,4342,1391722250
4342,4994,1391722252
1679,2851,1391723078
3841,2240,1391729605
2240,3841,1391729693
3002,4517,1391732298
314,4664,1391749413
4664,314,1391749483
1838,3754,1391793893
4131,4226,1391794453
4226,4131,1391794497
1516,1536,1391794766
5047,1941,1391798575
1941,5047,1391798925
1536,1516,1391814239
4332,2247,1391827539
2247,4332,1391827545
863,1679,1391839918
3676,3841,1391864315
4994,27,1391874900
27,4994,1391875029
27,1347,1391891814
4517,1347,1391898692
5054,5058,1391921756
5058,5054,1391923377
3676,5022,1391941182
5022,3676,1391941284
1480,1318,1391946491
1318,1480,1391946626
863,3841,1391958817
863,5013,1391963928
5013,863,1391964042
5034,5013,1391969221
5013,5034,1391969254
442,3581,1391972674
5013,3841,1391973604
2549,4472,1392054773
4472,2549,1392054811
5013,4517,1392055542
4932,27,1392055794
2938,5059,1392059115
1897,3734,1392061218
3734,1897,1392061529
5013,5060,1392080817
5060,5013,1392081001
241,2938,1392099459
3979,3841,1392114405
3841,3979,1392114471
2313,5061,1392129384
5061,2313,1392129715
4131,4972,1392130829
4972,4131,1392131081
4994,4202,1392146449
4202,4994,1392146547
4202,154,1392147200
5062,5051,1392157331
3441,4222,1392157552
3441,1480,1392157655
3441,4055,1392158108
3441,959,1392158185
5051,5062,1392158315
3441,461,1392158759
4517,2076,1392159644
3441,1639,1392160370
1480,5063,1392163416
5063,1480,1392163742
2076,4517,1392164814
4197,851,1392216801
851,4197,1392216860
1897,3273,1392221541
3273,1897,1392221603
5061,3734,1392238750
3734,5061,1392239423
1882,3841,1392246592
3581,863,1392248018
3326,1516,1392269973
3326,1679,1392271450
1679,3326,1392271478
1679,19,1392271666
2918,5062,1392289636
5043,3841,1392313059
3841,5013,1392313556
3398,4705,1392317339
4705,3398,1392317499
3841,5043,1392334057
4434,3375,1392335004
3375,4434,1392335048
4386,2566,1392337127
2566,4386,1392337204
2566,3581,1392338372
2566,4160,1392338949
4160,2566,1392338984
4434,2549,1392341384
2549,4434,1392341399
2566,5064,1392341868
2566,5065,1392342080
5065,2566,1392342119
5064,2566,1392342155
4990,5064,1392358975
5066,3574,1392359737
5064,4990,1392361106
3841,5053,1392365717
5053,3841,1392377661
3841,5065,1392380706
5065,3841,1392382149
2918,3734,1392399468
3734,2918,1392400128
3734,4842,1392400548
4842,3734,1392400842
4434,2566,1392406902
2566,4434,1392409239
3841,507,1392412483
507,3841,1392412510
4990,5065,1392414311
4990,3841,1392415418
3305,2566,1392415877
2566,3305,1392415883
5065,4990,1392418819
3819,5056,1392424579
5056,3819,1392424936
4678,4458,1392479200
4458,4678,1392479215
4019,4144,1392491104
4222,2259,1392515552
4465,27,1392541914
4386,4348,1392569555
4990,863,1392585730
1897,5068,1392588004
4990,1598,1392588155
1598,4990,1392588811
4019,5068,1392590051
5068,4019,1392590526
3841,1882,1392592916
3231,3841,1392613505
3841,5046,1392622552
5046,3841,1392622748
3499,3750,1392651408
4131,5067,1392668900
5067,4131,1392668954
3819,5069,1392672621
5069,3819,1392672773
2903,3082,1392673140
3082,2903,1392673220
3841,5070,1392677271
5069,2227,1392677768
2227,5069,1392677892
4434,5071,1392679727
5047,5072,1392680019
3303,2938,1392702454
2938,3303,1392702784
27,5073,1392711252
3841,4347,1392719416
4347,3841,1392720559
5069,4664,1392734532
3750,4994,1392736802
4994,3750,1392736831
3613,2903,1392751139
2903,3613,1392751209
4131,4517,1392757605
5047,5061,1392759009
5067,4517,1392761049
3581,2566,1392761200
5061,5047,1392761808
5069,3581,1392765481
3581,5069,1392765798
863,5069,1392767438
5069,863,1392767679
4517,2064,1392768645
4517,5067,1392768675
4517,4362,1392768725
5069,5075,1392781622
5075,5069,1392781785
5075,5076,1392809788
5076,5075,1392812062
3750,863,1392822163
863,4990,1392822359
3841,314,1392823398
314,3841,1392823408
3967,1516,1392824051
976,5069,1392826578
5069,976,1392827107
5076,5077,1392835029
5077,5076,1392835181
863,1777,1392847702
863,3581,1392849023
2247,2005,1392849345
863,4434,1392849459
863,4472,1392849477
2005,2247,1392849710
4596,4148,1392855734
4472,863,1392859652
4131,5069,1392861104
5069,4131,1392861171
5069,4434,1392861492
4434,5069,1392861508
1755,5078,1392862479
1,663,1392872603
4930,4990,1392891457
4990,4930,1392892365
4990,5080,1392892416
5080,4990,1392893000
5069,5081,1392894934
5081,5076,1392894952
5076,5081,1392894962
5081,5069,1392895004
1318,3819,1392896228
3819,1318,1392896471
5057,5082,1392915265
4362,1777,1392919580
1777,2938,1392921584
2938,1777,1392921782
5082,5057,1392928287
5083,177,1392934619
4362,4517,1392937638
3517,863,1392938025
5069,5084,1392942762
5084,5069,1392942891
5067,4727,1392944770
4727,5067,1392944860
5067,4994,1392950019
4994,5067,1392950113
1274,5085,1392976786
4932,3841,1392977155
3841,5087,1392981331
5087,3841,1392981388
1883,2063,1393011088
2063,1883,1393011173
1883,5088,1393012897
5088,2063,1393012952
5088,1883,1393012983
2063,5088,1393013176
5089,7,1393035422
5089,5090,1393035870
4604,3841,1393036125
5090,7,1393036182
5090,5089,1393036212
5089,5091,1393041935
5091,7,1393042663
5091,5089,1393042698
7,5091,1393042884
7,5090,1393045890
7,5089,1393046021
4199,241,1393071646
241,4199,1393072125
3772,3398,1393074611
1683,624,1393078504
5067,2914,1393103723
2914,5067,1393103736
5067,604,1393108283
604,5067,1393108327
4348,4386,1393113139
4668,1,1393114307
1,4668,1393114486
1,5079,1393122217
4131,1,1393133646
1,4131,1393133776
5091,4724,1393187903
4724,5091,1393187930
5079,1,1393199709
2938,1,1393214195
5091,4381,1393215731
4864,4222,1393215868
4864,4386,1393216084
3662,3326,1393216994
3841,5092,1393228911
5092,3841,1393229056
1318,6,1393233603
3207,1,1393270808
1,3207,1393270822
3841,1347,1393273920
4087,5094,1393275250
4992,241,1393276008
241,4992,1393276328
5094,4087,1393281597
1349,1,1393291389
1,1349,1393291668
5067,5095,1393311784
4961,3499,1393312092
3499,4961,1393312235
3819,5072,1393335274
5086,3841,1393351079
4570,5096,1393365361
5096,4570,1393365389
5061,45,1393375565
3574,5097,1393376658
3574,5098,1393376696
5067,5065,1393378625
5065,5067,1393381027
4472,4346,1393397227
4346,4472,1393397344
5095,5067,1393399683
4628,5061,1393418065
3841,4972,1393426282
4972,3841,1393426662
3841,5086,1393429575
3772,1,1393431648
3772,154,1393431667
322,1760,1393444168
4628,5099,1393444438
5099,4628,1393444721
5099,5061,1393445677
3326,322,1393446234
4131,5100,1393450624
5100,4131,1393451505
3841,2255,1393452227
2255,3841,1393452259
5100,5058,1393453998
5001,2127,1393455945
1679,3662,1393461517
5067,4678,1393461663
4678,5067,1393461675
4678,5101,1393465504
5101,4678,1393465628
4990,5093,1393475970
5093,4990,1393477661
4517,4254,1393532778
4254,4517,1393533549
3841,3772,1393538692
4019,3841,1393538816
3841,3676,1393539288
442,3305,1393540712
1341,442,1393540939
3662,3415,1393546468
3415,3662,1393546541
5067,4346,1393552783
4990,5102,1393556992
5102,4990,1393557052
3305,442,1393561957
4434,4990,1393566960
4990,3305,1393568648
3305,4990,1393569709
4727,5101,1393617163
5101,4727,1393620626
4202,1679,1393633454
1679,4202,1393633826
3662,1679,1393645445
4990,4434,1393713733
1619,4172,1393744302
4172,1619,1393744347
3841,5103,1393768109
5103,3841,1393768648
5047,4019,1393782649
4723,4131,1393783186
4990,5104,1393787206
5104,4990,1393787576
5101,1777,1393827612
1777,5101,1393827642
3508,1642,1393833001
3841,442,1393856408
4795,4705,1393858048
4795,4370,1393858200
3613,4387,1393859183
4387,3613,1393859347
4939,3841,1393861921
3841,4939,1393861956
2648,5006,1393864783
5006,2648,1393864835
5006,5052,1393869008
5042,5105,1393873238
5105,5042,1393873255
2648,2313,1393885560
2313,2648,1393885595
5060,3841,1393928214
3841,5060,1393928238
3499,3613,1393957141
3613,3499,1393957198
3750,5106,1393961710
3750,3841,1393968221
4517,3581,1393972606
3581,4517,1393973672
3581,5064,1393991601
5064,3581,1393991649
5064,3326,1393991709
3574,1307,1394003347
3574,3441,1394003460
3574,2323,1394003941
3574,3092,1394004562
3841,3750,1394005449
3581,5108,1394050072
5108,3581,1394050154
3973,4041,1394072275
4041,3973,1394072403
4155,4596,1394101739
4596,4155,1394101819
4517,2903,1394135321
2903,4517,1394135342
1902,27,1394187578
241,3979,1394200590
3979,241,1394200622
5006,1897,1394211392
1897,5006,1394211421
2540,1170,1394218919
2540,5109,1394218971
4723,4434,1394225362
4346,241,1394233718
241,4346,1394234096
3326,5067,1394241496
5067,3326,1394241588
1897,4108,1394244382
863,5067,1394311415
1987,5110,1394313181
3841,4332,1394332476
5067,4053,1394343462
4053,5067,1394343508
4678,4131,1394375658
4131,4678,1394375669
3841,5028,1394380799
5067,863,1394383428
3841,3973,1394383694
5067,4431,1394478274
4431,5067,1394478351
5078,5111,1394485279
3517,5067,1394489124
5067,3517,1394489152
4718,5112,1394496532
5112,1795,1394497001
1,1566,1394508251
1566,1,1394508936
5067,3581,1394543411
5067,2005,1394566906
322,1307,1394568864
2005,5067,1394569884
5067,4202,1394575464
4202,5067,1394575566
2240,5064,1394579766
5064,2240,1394580243
3581,5067,1394580289
4049,5113,1394609209
5113,4049,1394609281
4049,3841,1394613322
3841,3061,1394619495
3061,3841,1394619709
3772,3841,1394627633
5113,3835,1394630847
3441,4723,1394658506
4723,3441,1394658521
4041,3566,1394740774
3566,4041,1394740836
2065,4434,1394742592
2065,4646,1394742682
1679,3566,1394750609
3566,1679,1394758998
1389,27,1394763314
1389,734,1394763433
1389,1174,1394763449
3326,3581,1394764109
976,2417,1394766449
3841,5114,1394788193
4723,3841,1394803438
3841,4723,1394803447
5067,5101,1394824287
5101,5067,1394824405
4472,5115,1394851495
5115,4472,1394852006
3517,4604,1394856468
5067,5083,1394864669
1290,1679,1394898243
4829,4109,1394928570
3581,3326,1394985370
4131,5058,1394986143
3750,4131,1394989558
4131,3750,1394989596
4131,3772,1395002393
4434,5067,1395016334
4434,4723,1395016412
3750,1777,1395017339
4434,2903,1395077050
2903,4434,1395077080
2417,976,1395082053
4472,4202,1395119482
4202,4472,1395119735
4160,4998,1395151774
4998,4160,1395151783
3763,3841,1395157914
4434,3841,1395163549
3841,4434,1395163578
3841,3763,1395163608
5074,5072,1395163677
3841,3648,1395163699
3835,5113,1395190962
4643,4877,1395206436
4877,4643,1395206643
4642,4877,1395206879
4877,4642,1395207508
1679,4144,1395239933
4144,1679,1395239963
5074,5116,1395242163
3750,5067,1395260596
5067,3750,1395261409
3841,5117,1395266239
3841,4049,1395266405
3231,5118,1395284986
5118,3231,1395285245
3326,5118,1395293101
5118,3326,1395293203
4144,3692,1395335626
3692,4144,1395335661
946,5018,1395345308
5018,946,1395346959
5067,4434,1395349356
27,5119,1395353807
27,4465,1395353816
3613,5067,1395359836
5067,3613,1395360262
4795,4751,1395404810
3841,4994,1395409471
3841,4144,1395409651
4144,3841,1395410200
3499,4829,1395426538
4829,3499,1395426676
4829,4041,1395427193
3499,3841,1395431753
3841,3499,1395431812
322,3750,1395444714
3750,322,1395444750
3841,1679,1395531928
3841,3835,1395576152
3835,3841,1395576529
1679,3841,1395592001
3841,2938,1395611831
4144,4386,1395624877
4131,5120,1395626410
4131,3205,1395628556
4472,5121,1395634022
5121,4472,1395634107
2566,5123,1395696430
5054,5033,1395703669
2065,5124,1395705274
4434,4035,1395705342
4035,4434,1395705379
4678,5124,1395705737
5124,4678,1395705879
5054,4131,1395712384
5123,2566,1395713641
27,5125,1395745408
27,5126,1395745415
5126,27,1395745507
4434,5127,1395759712
5127,4434,1395759746
87,3478,1395761456
4517,4131,1395763241
3684,4677,1395776803
4677,3684,1395776916
1307,2172,1395792714
5127,2914,1395794865
2914,5127,1395794882
5054,4998,1395864623
4998,5054,1395864652
3841,2750,1395869443
5074,5128,1395872031
5128,5127,1395872051
5127,5128,1395874864
4087,4852,1395878283
3305,1795,1395879794
3750,4332,1395883870
5115,5118,1395889509
5118,5115,1395889612
3574,4386,1395905692
5097,3574,1395906643
4386,87,1395908070
5098,3574,1395911845
4332,3841,1395916572
4332,3750,1395916648
1516,4131,1395941154
1516,3750,1395941187
5117,3841,1395945403
2737,3508,1395956071
4793,5129,1395958424
5129,4793,1395958499
5130,4472,1395971510
5127,5131,1395978780
5131,5127,1395978841
5107,5132,1396012487
2566,4131,1396016842
5033,5054,1396018709
3841,5127,1396030791
5127,3841,1396030821
4131,5072,1396031760
3574,506,1396032553
5129,5133,1396038130
5133,5129,1396038156
5129,5134,1396103176
5134,5129,1396103453
506,3574,1396124623
506,5132,1396125339
506,3508,1396125387
4646,4998,1396126110
4998,4646,1396126145
5054,3750,1396135362
5072,4131,1396187849
5115,5060,1396191789
5060,5115,1396191858
3325,377,1396192770
377,3325,1396192791
1307,4934,1396215958
4874,5135,1396297007
3684,4219,1396323079
4219,3684,1396323084
5127,2903,1396384878
2903,5127,1396384891
1307,5136,1396438827
1307,1674,1396438839
3750,3231,1396448990
3231,3750,1396449004
1987,5124,1396453909
154,3772,1396458481
5127,5137,1396459443
5137,5138,1396459713
5137,5127,1396459935
4727,5139,1396463324
5139,4727,1396464077
4347,27,1396465631
3732,3763,1396515878
3763,3732,1396516148
27,5140,1396523058
5140,27,1396538052
3841,4346,1396546792
4346,3841,1396546866
4692,5074,1396547823
5074,4692,1396547910
5074,3841,1396548430
4041,5141,1396573094
5141,4041,1396573288
3750,3581,1396583012
3581,3750,1396583159
1987,5067,1396615922
5067,1987,1396616038
1987,3750,1396620000
3684,4254,1396639131
4222,4724,1396649697
511,2008,1396658466
5128,5142,1396661822
4131,3684,1396669478
4724,4222,1396682956
4627,2332,1396706630
2332,4627,1396706662
4131,5130,1396716985
5130,4131,1396717026
1755,1290,1396720751
1290,1755,1396720995
2008,511,1396733368
5036,4041,1396745149
4041,5036,1396745218
4131,4096,1396766567
3750,4579,1396805771
4579,3750,1396805878
2008,4273,1396830571
2566,2852,1396832264
27,1598,1396897988
1598,27,1396898016
4576,2549,1396900603
4678,3166,1396902826
3166,4678,1396902907
87,5143,1396905349
4041,5144,1396920113
4041,4579,1396921598
4579,4041,1396921796
3326,4663,1396924982
4663,3326,1396925030
3750,2914,1396926274
1,4723,1396943518
4,5145,1396948409
5146,3589,1396972858
4727,3326,1396974738
3326,4727,1396974812
976,5147,1396974854
3326,5148,1396987028
5148,3326,1396987053
27,5149,1396992057
27,5150,1396992070
3326,3325,1396996283
3325,3326,1396996305
3684,4041,1396999857
4517,5151,1397012853
5151,4517,1397012953
2005,2549,1397053407
5148,5152,1397059446
5152,5148,1397059577
2549,2005,1397060207
2903,1777,1397078330
1987,4707,1397079055
1290,1987,1397079127
5068,1897,1397086549
5144,4041,1397089770
4222,1480,1397140227
3517,5127,1397144477
5127,3517,1397144508
3684,4131,1397145810
4517,3684,1397149934
585,1224,1397150190
1224,585,1397150200
585,4351,1397150320
4351,585,1397150439
4041,3325,1397173757
2852,2566,1397184724
506,5153,1397196295
5153,506,1397196347
5153,1307,1397196373
5153,3508,1397196382
5153,4671,1397196390
5153,3441,1397196402
5153,4723,1397196425
5153,3574,1397196475
5153,5098,1397196542
5153,1683,1397196554
5153,4864,1397196560
5153,2737,1397196567
5153,4386,1397196572
5153,4988,1397196582
5153,4222,1397196603
5153,1480,1397196631
5153,5132,1397196691
5153,5037,1397196698
5153,5038,1397196716
5153,5107,1397196723
5153,3092,1397196875
5153,87,1397196903
5153,1,1397197064
5153,5155,1397235100
5153,322,1397235128
5153,1464,1397235191
1516,5153,1397241218
2844,3166,1397241671
1755,3750,1397241724
3166,2844,1397241750
4678,5118,1397247641
5118,4678,1397247810
2008,5118,1397249362
5118,2008,1397249429
3732,4386,1397252801
4386,3732,1397260119
4434,5036,1397279199
5036,4434,1397279219
4434,4727,1397280395
4727,4434,1397280485
4434,5156,1397285929
5156,4434,1397286236
1307,5157,1397300845
5157,1307,1397301369
1307,5153,1397301915
87,5153,1397302077
5155,5153,1397311979
3508,4942,1397325356
3508,5158,1397328067
1307,5158,1397334621
4346,4332,1397334670
4332,4346,1397334692
4671,506,1397336035
87,2138,1397337727
5098,5153,1397345119
3574,5156,1397398540
3508,2233,1397408720
3508,1307,1397408740
3508,506,1397408756
3508,1464,1397408790
3508,87,1397408797
3508,3574,1397408816
3508,4723,1397408844
3508,2737,1397408872
3508,5132,1397408905
3508,5098,1397408918
5160,4727,1397409061
3973,4434,1397411546
5155,1307,1397413676
5155,506,1397415355
1307,3343,1397423381
1683,5161,1397425749
5148,27,1397428160
5107,506,1397434427
3589,4222,1397437223
5107,1307,1397444878
5160,1307,1397450741
5036,3684,1397453647
1860,27,1397457205
3732,4019,1397459669
5123,5162,1397499645
2065,5123,1397500007
4727,3508,1397500467
4019,3732,1397502495
4348,4434,1397502865
4434,2851,1397509321
511,4041,1397511268
5123,5163,1397513402
5163,5123,1397513551
3684,177,1397520324
2008,3684,1397520764
3684,2008,1397520915
177,3684,1397521272
5148,5036,1397521585
2737,1642,1397521859
2737,1683,1397521993
4131,4381,1397522385
5148,2233,1397530639
4942,5164,1397532162
3750,2008,1397571080
2008,3750,1397571090
3750,3979,1397572792
2783,5167,1397590381
5167,2783,1397590427
4988,5166,1397594617
1619,5168,1397596930
5168,1619,1397597050
5170,4596,1397615941
1307,5171,1397615986
4596,5170,1397616097
3732,5156,1397631198
5156,3732,1397631316
5036,5148,1397649704
87,5172,1397666676
3508,5172,1397666787
5172,87,1397666890
5172,3508,1397666898
1683,5172,1397667233
3508,4999,1397667986
2008,2128,1397680943
5170,1307,1397692034
5132,5107,1397694796
5173,2566,1397700525
3574,2566,1397701013
5168,3589,1397702668
4434,3684,1397706732
3589,1619,1397753271
3732,3508,1397756265
5140,3574,1397759277
3574,5140,1397767304
4381,4346,1397769185
4346,4381,1397769278
5171,3732,1397770841
3732,4349,1397772819
5036,4556,1397776353
4556,5036,1397778111
4386,1755,1397779219
4434,4346,1397781315
4434,3589,1397781339
4346,4434,1397781351
2323,3589,1397788377
322,2323,1397790422
1,2008,1397797784
2008,1,1397822842
1619,3589,1397833946
4707,4434,1397842942
3517,4035,1397852200
4035,3517,1397852263
4394,4035,1397930100
4394,5117,1397931806
4035,4394,1397932044
3732,5159,1397932756
5117,4394,1397937592
4131,12,1397939045
12,4131,1397939321
4394,976,1397940136
976,4394,1397940165
2204,4517,1397943581
1897,5175,1397945151
3467,3750,1397958830
3750,3467,1397959105
3002,3750,1397959198
3750,3002,1397960021
3750,3166,1397960488
3166,3750,1397960585
3325,4394,1397998526
4394,3325,1397998559
4041,511,1398012585
4222,4727,1398021325
4727,4222,1398022045
3732,5176,1398027100
5176,3732,1398027245
3325,3002,1398037927
3002,3325,1398037942
1307,1683,1398074986
1307,4806,1398075035
1307,3441,1398075114
3325,5036,1398081369
5036,3325,1398081400
3589,4671,1398114983
2914,3517,1398127188
3517,2914,1398127253
4671,87,1398132740
4434,1679,1398146714
1679,4434,1398146924
3441,87,1398169672
3441,506,1398169709
3441,4671,1398169772
3441,1307,1398169962
3441,4864,1398170073
3441,1683,1398170352
4671,1683,1398170477
4671,4864,1398170521
4671,3441,1398170592
87,30,1398171417
3441,4806,1398173125
87,3441,1398180168
87,1683,1398180274
87,4671,1398180369
87,506,1398180432
87,50,1398180506
1683,4671,1398181305
1683,87,1398181343
1683,4864,1398181444
1683,3441,1398181594
87,4864,1398181649
1683,506,1398181847
1683,1307,1398181899
3732,3441,1398184882
2005,4346,1398196330
4346,2005,1398196397
87,5177,1398196441
5177,87,1398196561
5037,1307,1398196757
3684,4434,1398202398
3732,4678,1398206013
4678,3325,1398206416
4678,3732,1398206503
5098,3508,1398212179
5098,506,1398212215
5098,4671,1398212229
5098,1307,1398212243
5098,3441,1398212254
4864,4671,1398221536
4864,87,1398221583
4864,3441,1398221649
4864,1683,1398221682
5036,5054,1398229215
5054,5036,1398229255
5054,3684,1398230468
4434,5054,1398230768
5054,4434,1398230805
87,1307,1398254093
3325,4678,1398278507
2332,4434,1398281974
4434,2332,1398282051
3517,5178,1398287909
5178,3517,1398288073
3325,3166,1398288540
3166,3325,1398288552
5178,3589,1398291102
2065,1,1398311840
2065,4131,1398313775
4434,3117,1398314359
27,5179,1398335703
27,5180,1398335728
87,2,1398339622
87,58,1398339772
87,1160,1398339912
4934,4671,1398346562
4671,4934,1398346874
4934,87,1398347195
4934,4864,1398347218
4934,506,1398347584
87,4934,1398348359
4934,3441,1398348644
4671,5177,1398348894
4934,1683,1398349458
5123,1598,1398353200
1598,5123,1398353222
1010,5128,1398354086
4864,4934,1398354230
3508,4934,1398355484
2844,5123,1398360208
5123,2844,1398360226
4864,1891,1398360370
4222,3343,1398361746
3574,4934,1398361814
4222,4934,1398361864
3589,4934,1398361869
87,1,1398368074
1,87,1398368138
506,87,1398369646
506,1683,1398369656
506,4671,1398369695
506,4934,1398369733
506,4864,1398369736
3325,1355,1398375542
1355,3325,1398375583
3732,5181,1398375820
5181,3732,1398376261
3441,4934,1398378694
3325,4434,1398380006
4434,3325,1398380012
5107,4934,1398384720
3684,5130,1398401727
5130,3684,1398401841
3508,5182,1398402373
5182,3508,1398402582
5182,4934,1398406245
5182,1307,1398406291
4434,5183,1398408805
5183,4434,1398408862
87,5184,1398422349
87,624,1398428852
3732,5166,1398438801
3732,4727,1398456799
4332,3082,1398461703
3082,4332,1398461763
3082,4041,1398462212
5122,5186,1398523484
5186,5122,1398523659
5123,5178,1398525483
5178,5123,1398527782
4727,5123,1398529921
5123,4727,1398529943
4434,5123,1398553131
4434,3523,1398560162
3523,4434,1398561633
5123,4690,1398627367
5185,5123,1398627396
5123,5176,1398627424
4690,5123,1398627486
5123,5131,1398637077
5131,5123,1398637143
5123,2914,1398638895
2914,5123,1398638963
3589,5132,1398641110
4131,5123,1398646075
5123,4131,1398646139
3589,1464,1398648626
4707,5036,1398652597
5123,4434,1398653617
4394,5188,1398655200
1355,1755,1398656667
1755,1355,1398656887
5123,1755,1398664630
3326,1755,1398667099
4707,5123,1398668666
5123,4707,1398668683
5189,5166,1398679723
5123,5036,1398695336
5036,5123,1398701505
4254,3684,1398702562
4707,5124,1398708696
4222,4895,1398724069
5190,5176,1398738906
4434,4131,1398739914
5036,4707,1398744560
4663,3979,1398748233
3979,4663,1398748297
3398,3702,1398765643
3702,3398,1398765941
4349,5191,1398784915
2492,3173,1398784923
3173,2492,1398785313
2065,5192,1398798510
3508,5192,1398799081
4155,5191,1398800387
3305,3750,1398818170
3750,3305,1398818215
4942,4724,1398821840
3326,4707,1398827191
3326,1,1398827327
5036,4131,1398827557
4434,3326,1398830317
3326,4434,1398830320
2571,3754,1398858351
5193,27,1398869614
4349,3732,1398873239
5185,5190,1398880240
2750,2844,1398880965
2844,2750,1398881000
3589,1349,1398884681
3772,4131,1398885624
5173,5191,1398893248
2808,3589,1398904500
3589,2808,1398904504
4346,5185,1398918713
5194,5193,1398959134
3750,3499,1398962071
5174,5185,1398969341
5185,5174,1398969449
1516,5054,1398969911
5123,177,1398970100
177,5123,1398970185
5193,5194,1398972677
5195,3508,1398976681
4727,1683,1398982694
5123,3002,1398985628
3002,5123,1398985750
3763,5123,1398986012
4131,4434,1399009200
3754,2571,1399024195
1307,5107,1399030228
5193,5196,1399048312
5196,5193,1399048382
4222,5197,1399054905
3574,4727,1399073309
5185,1941,1399085318
1941,5185,1399085389
5036,5198,1399111376
5198,5036,1399111567
5199,3589,1399131135
5199,5159,1399131309
5199,1987,1399131334
5199,4671,1399131394
5199,506,1399133647
5199,3574,1399133718
5199,3732,1399133868
5199,3508,1399133911
5199,3441,1399135053
2737,3441,1399136500
2549,5131,1399146950
5131,2549,1399146978
5098,3732,1399151402
1423,3839,1399154383
3839,1423,1399154467
3750,4253,1399169322
3750,5200,1399169714
5200,3750,1399169749
2938,5123,1399174747
5123,5190,1399175415
5190,5123,1399175663
1755,5201,1399218957
5201,1755,1399218974
950,866,1399219338
5193,5202,1399223308
5202,5193,1399223349
87,14,1399231729
3589,1683,1399232859
5123,2938,1399240006
4342,1990,1399240457
1990,4342,1399240654
27,5204,1399241893
27,5205,1399241926
5204,27,1399241934
3589,5153,1399259066
3589,19,1399259137
3589,2566,1399259502
3589,1307,1399259903
3589,506,1399260024
3589,4434,1399260139
3589,5168,1399260509
3589,5146,1399260573
1683,1960,1399278286
5140,5206,1399279682
5206,5140,1399279685
3589,1,1399310236
1349,2750,1399315814
2750,1349,1399315854
4222,4864,1399316060
2549,5174,1399323531
3589,2549,1399324441
2750,4678,1399325337
4678,2750,1399325404
5107,1464,1399327688
4864,1464,1399327722
1679,1290,1399333487
1349,4144,1399335005
4144,1349,1399335223
5169,1,1399360356
322,1777,1399361615
2750,5207,1399399425
5207,2750,1399399527
2737,4222,1399400809
2549,4053,1399403611
4053,2549,1399403619
3441,1464,1399422826
3750,5207,1399486767
5207,3750,1399486809
3303,650,1399489118
3303,5195,1399489128
5195,3303,1399489428
5169,1897,1399500289
2750,1987,1399500477
1987,2750,1399500528
5183,2682,1399537948
2682,5183,1399537970
5208,5183,1399539635
5183,5208,1399539716
4864,5037,1399581801
3574,429,1399584998
3750,2050,1399609654
2050,3750,1399609660
3750,2332,1399611736
2332,3750,1399611804
5036,5174,1399649539
4131,1341,1399657976
3684,5183,1399670317
5183,3684,1399670329
1307,19,1399725960
3732,5210,1399730645
5210,3732,1399730979
3517,3574,1399754161
3574,3517,1399754201
2549,3574,1399757997
3574,2549,1399758051
4155,3719,1399849938
3719,4155,1399850353
4131,322,1399870705
5132,3589,1399877770
5132,3732,1399877922
3732,5132,1399878413
3732,3303,1399924326
3303,3732,1399924330
27,4346,1399927860
2084,4155,1399966162
4155,2084,1399966274
3732,4927,1399984470
3508,5211,1400008063
4864,5211,1400008186
5211,3508,1400008469
4041,2914,1400009696
3472,5100,1400025630
27,3732,1400057069
27,5213,1400057113
2938,5214,1400061417
5214,2938,1400061523
4155,67,1400066030
67,4155,1400066766
67,1274,1400067044
4155,1274,1400067305
1274,4155,1400067426
5174,2549,1400086313
5101,5215,1400124598
5215,5101,1400125121
2323,4198,1400128361
4198,2323,1400128440
3732,2233,1400166734
5207,2233,1400166778
1755,2233,1400166832
4332,2332,1400169080
2332,4332,1400169114
2332,5216,1400183847
5216,2332,1400183903
3589,5107,1400200999
1307,5166,1400202095
3684,5169,1400217618
5169,3684,1400217747
4603,4155,1400226595
3574,5211,1400227936
5166,1307,1400228491
3326,1290,1400229006
5036,5217,1400233978
5217,5036,1400234178
5169,3305,1400291620
3305,5169,1400291658
5169,3662,1400298759
5217,2938,1400381550
2938,5217,1400391211
3589,1755,1400422047
4678,1364,1400454943
1364,4678,1400454984
4342,5032,1400482032
5032,4342,1400482244
5174,2332,1400528975
2332,5174,1400529426
5194,5036,1400532117
5036,5194,1400532175
4381,5036,1400538387
3662,5169,1400545612
5126,5218,1400580748
5126,5219,1400580859
5126,5220,1400580911
5126,5221,1400580942
5126,5222,1400580987
177,3984,1400585485
3984,177,1400585520
2233,3326,1400602238
3326,2233,1400602373
4642,3326,1400605537
4642,5223,1400605543
3326,4642,1400605550
5223,4642,1400605572
3326,5223,1400605574
5223,3326,1400605598
2682,4041,1400614952
4041,2682,1400615087
3732,87,1400618654
2914,4041,1400626117
2581,5112,1400636282
5112,2581,1400636432
992,4155,1400654808
4155,992,1400655025
2065,5224,1400704894
5224,5036,1400705060
5036,5224,1400705174
27,5215,1400707462
27,5225,1400707477
5168,4144,1400709635
4144,5168,1400709788
87,5226,1400750583
5226,87,1400750886
1349,3589,1400780103
5174,322,1400789487
322,5174,1400801239
976,42,1400807796
42,976,1400807855
5047,4346,1400809943
4346,5047,1400810533
4346,2938,1400822512
2938,4346,1400823406
5227,3508,1400823623
2938,241,1400824922
3732,5155,1400831743
5155,3732,1400831889
4222,5227,1400835365
4041,4678,1400867085
4932,4678,1400869336
5229,4041,1400870959
4932,5047,1400872672
5123,2050,1400872718
3326,3762,1400874467
5047,4932,1400874836
5123,5229,1400876384
5229,5123,1400876437
5123,5230,1400886952
5230,5123,1400888038
2050,5123,1400888126
5190,1755,1400950817
1755,5190,1400951067
5123,5231,1400952716
5123,5174,1400955194
5174,5123,1400955465
4041,5123,1400962318
4998,3750,1401039495
3750,4998,1401039621
5123,4041,1401041659
3684,5229,1401066601
5229,3684,1401066646
3732,25,1401100624
25,3732,1401100629
4222,4386,1401106568
4222,87,1401106593
3732,4222,1401106605
3732,1307,1401106649
4222,3732,1401106684
4222,1891,1401106704
4222,4723,1401106736
3732,5153,1401106778
4222,5154,1401106836
1307,5181,1401128481
5037,5181,1401128853
4041,1619,1401128863
1619,4041,1401128871
4332,4472,1401129172
4131,5228,1401131855
4019,4332,1401138853
5123,2549,1401214819
5132,5233,1401221291
2323,1566,1401222239
2323,4961,1401222251
27,5232,1401284713
4041,178,1401295986
178,4041,1401296184
5199,1307,1401316487
4144,1355,1401317276
4342,5223,1401318653
5223,4342,1401318802
3966,1755,1401321425
3305,2559,1401322993
3966,4041,1401396175
4041,3966,1401396523
3574,4041,1401413472
5207,25,1401458209
25,5207,1401458834
4041,3574,1401474746
5229,1679,1401493307
4727,5235,1401495745
3326,4144,1401498006
4144,5236,1401504633
5236,4144,1401504702
2233,4131,1401507266
4346,3769,1401513799
3769,4346,1401513823
3574,4942,1401520378
3305,1941,1401540634
1941,3305,1401540677
2750,2005,1401555757
4131,3732,1401557881
3732,4131,1401559566
5236,99,1401564012
2005,2750,1401564141
42,3732,1401632438
3732,42,1401632463
5236,5161,1401661362
4035,2851,1401664433
2851,4035,1401664459
5112,5208,1401669783
3662,5112,1401669791
4362,5112,1401672455
5112,4362,1401672522
2914,5036,1401673436
1679,5239,1401675536
5239,1679,1401677204
4472,2914,1401682567
2914,4472,1401682584
4041,3450,1401737017
3450,4041,1401737093
976,3613,1401738012
4041,4434,1401747141
5123,5241,1401751312
3613,976,1401751494
5151,5242,1401764614
5242,5151,1401765375
4362,2750,1401777864
2750,4362,1401777985
3589,5182,1401779599
5123,4094,1401795505
3589,5209,1401813261
2050,4041,1401813704
4041,2050,1401813787
3589,5037,1401815129
3326,2008,1401831792
3574,4864,1401842515
3574,4671,1401842619
5241,5123,1401850977
4131,2750,1401851059
2750,4131,1401851104
4131,4663,1401852241
4663,4131,1401852311
2750,5224,1401857444
5224,2750,1401857524
3732,2323,1401910917
2851,2938,1401915740
3450,1843,1401986048
1843,3450,1401986176
3772,1318,1401994017
1987,3772,1401996313
2050,5240,1401999619
5242,4041,1402009187
5242,5241,1402010357
5242,5036,1402010396
5241,5242,1402010433
5241,5036,1402010552
4041,5242,1402011290
1,3772,1402018236
25,36,1402040472
36,25,1402040488
2938,36,1402042327
36,2938,1402042427
5047,3305,1402060815
3305,5047,1402060834
2581,2233,1402075260
5240,3732,1402089514
5240,2050,1402089600
5240,5244,1402102274
217,5246,1402102362
5160,19,1402115576
4727,5247,1402116554
5247,4727,1402124149
5240,4342,1402130836
4342,5240,1402130873
3732,5248,1402145377
442,2233,1402166824
3732,442,1402166873
1307,5249,1402173789
5223,5250,1402193483
5250,5223,1402193621
5223,5251,1402227543
5250,5251,1402227587
5251,5223,1402231813
5251,5250,1402231841
27,5246,1402251365
5246,27,1402251564
5244,3639,1402251784
27,3639,1402251971
3639,5244,1402252407
3639,27,1402252465
5246,217,1402253653
1987,5250,1402262317
4346,1987,1402262802
1987,4346,1402262823
1683,5248,1402264789
2844,5094,1402267382
5094,2844,1402267529
2844,3662,1402267621
4041,5246,1402270755
5246,4041,1402271041
3326,2938,1402283422
2938,3326,1402283583
2844,2204,1402327684
1642,1307,1402345200
4346,5252,1402347692
3326,265,1402348416
5252,4053,1402360009
4053,5252,1402360155
5244,3326,1402385852
3326,5240,1402385892
3524,5153,1402393140
1915,27,1402431159
2938,2851,1402433011
2323,3684,1402434017
2938,11,1402437546
11,2938,1402437576
3343,5253,1402437590
4041,2750,1402447438
2750,4041,1402447565
2549,2914,1402452618
2914,2549,1402452660
4472,2938,1402461823
2938,4472,1402461988
3684,2323,1402505116
5241,4472,1402548154
322,3326,1402549081
322,5208,1402549500
3205,4041,1402608366
1915,506,1402613801
4041,3662,1402615715
976,1272,1402625114
1307,5254,1402632179
5254,1307,1402633207
5254,87,1402633396
5254,1683,1402633551
5254,3574,1402634283
5254,4222,1402634400
5254,4386,1402634698
4202,1272,1402634788
5254,4864,1402634803
4864,5254,1402635083
5254,4671,1402636405
27,5251,1402650405
1883,1,1402675646
4864,3574,1402678674
2938,5255,1402678880
5255,2938,1402679491
27,5229,1402686932
27,1915,1402686947
4724,5256,1402689513
4349,4131,1402696758
3326,5244,1402698454
2750,2938,1402698985
3450,5255,1402701977
5256,4724,1402720142
3684,5257,1402730295
5257,3684,1402730713
3732,1,1402750400
4671,5098,1402771367
4346,2549,1402779102
2549,4346,1402779120
4019,1272,1402787013
2581,1,1402813525
2581,1883,1402816307
1883,2581,1402820436
5253,5132,1402821933
5253,5238,1402822934
5253,1307,1402823344
4131,5231,1402864876
5231,4131,1402864954
4472,4332,1402892248
4202,4041,1402950628
4041,4202,1402951926
5255,5123,1402957887
2233,5123,1402960234
3467,4041,1402963885
4041,3467,1402963929
3667,4041,1402970917
4041,3667,1402971078
1307,5253,1402975258
5234,1307,1402976359
3343,5234,1402976376
5234,5132,1402976501
3343,1307,1402977142
5213,27,1402985106
4019,1829,1403001087
1829,4019,1403001221
4346,4041,1403048252
2914,3750,1403062076
1307,3732,1403088129
4219,3841,1403137005
3574,5155,1403139595
5160,5155,1403139721
506,5155,1403141328
3684,3592,1403145205
3592,3684,1403145249
5260,2549,1403185136
5259,3684,1403203144
3684,2938,1403207153
2938,3684,1403207216
1710,5262,1403207852
4671,5211,1403224772
4671,5263,1403225268
5264,4472,1403228090
2938,5261,1403231316
5261,2938,1403231344
2938,5036,1403240933
3841,5262,1403288079
4864,5263,1403300454
4727,4057,1403303605
3841,4604,1403306325
3841,3305,1403309732
5265,3305,1403312112
3841,5265,1403312183
3305,5265,1403312275
3949,4040,1403312884
4040,3949,1403312954
5265,3841,1403313048
5265,5244,1403320019
5253,5245,1403323897
5265,1,1403340355
1307,5245,1403343737
1349,4131,1403375033
4131,1349,1403379491
3684,2844,1403385174
3841,2844,1403386203
4671,5161,1403408429
5155,3574,1403424239
4140,1480,1403424636
3684,5259,1403458152
3841,4472,1403459760
2737,496,1403462758
5244,5265,1403469789
3841,1724,1403481405
5098,5268,1403483976
5263,3508,1403494499
3508,5245,1403495212
5098,5269,1403501049
3574,5207,1403538595
2844,5155,1403548861
5155,2844,1403548877
3841,1777,1403549114
3841,3684,1403549777
3841,1272,1403551041
3841,3692,1403551062
3841,2323,1403554795
3589,5270,1403555370
3841,322,1403591426
4678,5036,1403593170
4019,25,1403621605
2364,1710,1403623149
1710,2364,1403627796
5244,3450,1403627979
3450,5244,1403628339
4864,5245,1403629075
5244,5216,1403629674
5216,5244,1403629880
5054,1998,1403638870
1998,5054,1403639175
5128,5271,1403639568
2750,3305,1403648310
3305,2750,1403648310
1683,4545,1403652091
4041,5128,1403660864
1307,4864,1403661367
3684,5261,1403661717
5261,3684,1403662092
5261,2549,1403662568
2549,5261,1403664019
3841,42,1403684596
5273,3148,1403700670
5244,442,1403720569
5244,2914,1403724434
2914,5244,1403724529
2065,5229,1403733258
4727,5274,1403734325
5274,4727,1403734335
5275,4049,1403735234
5272,3450,1403777003
5266,5272,1403777729
3841,1290,1403777958
3841,4131,1403777963
3841,2566,1403792652
3305,5274,1403822607
27,3984,1403823421
27,5276,1403823446
27,5277,1403823459
5274,3305,1403824154
5274,2323,1403824182
506,5245,1403827948
4041,5279,1403829344
5279,4041,1403830991
2050,5229,1403832802
5229,2050,1403832855
2938,5229,1403839216
3305,2938,1403840075
5229,2938,1403840203
2938,3305,1403840958
5260,5229,1403840977
5229,5280,1403847842
5280,5229,1403847889
5229,5281,1403850606
5281,5229,1403850652
5282,5272,1403852674
5282,5274,1403852753
5274,5282,1403853091
2750,4202,1403854133
4202,2750,1403854169
5272,5282,1403854242
3841,4202,1403856041
4222,3574,1403858736
3841,1747,1403868046
5251,5283,1403875077
3450,5272,1403880357
4041,5229,1403893224
3841,2105,1403899729
5132,1683,1403906949
1683,5132,1403907016
5132,5234,1403907238
5132,5245,1403907420
5023,2938,1403918786
2938,5023,1403922014
2938,1954,1403936938
1954,2938,1403936973
4041,24,1403977358
4041,501,1403978895
501,4971,1404013289
4971,501,1404013296
4971,5284,1404013711
501,4131,1404016157
4131,501,1404016410
3574,5107,1404058124
5107,3574,1404058187
5107,5155,1404061428
5155,5107,1404061536
5183,4678,1404082911
4678,5183,1404082916
4131,1307,1404084466
3343,5285,1404111606
3732,5098,1404127070
5155,5047,1404127705
5047,5155,1404127768
3589,5286,1404145320
5023,4041,1404147824
4041,5023,1404147846
5260,5287,1404150449
5287,5260,1404150633
24,4041,1404152786
3589,4723,1404154574
3684,5241,1404160023
5241,3684,1404160046
2332,5288,1404163802
5288,2332,1404163829
4041,3231,1404168673
5260,5289,1404169811
5289,5260,1404170305
5289,5290,1404170579
3662,5291,1404175129
5183,5224,1404175237
5183,4202,1404175265
5224,5183,1404175299
5224,4202,1404175335
5291,3662,1404175470
5291,2323,1404176384
5244,5036,1404177577
5036,5244,1404177605
5291,3684,1404179256
3684,5291,1404179328
3508,5244,1404180341
3662,4131,1404182236
4131,3662,1404182262
4156,3378,1404193799
5290,5289,1404206560
3378,4156,1404212688
5260,5292,1404213719
5292,5260,1404213773
5260,5293,1404228292
5293,5260,1404228329
4998,4041,1404233554
4041,4998,1404233557
5278,3303,1404252160
3450,5174,1404258553
3574,5285,1404259645
5278,99,1404263785
5278,442,1404263822
1679,5229,1404264894
5174,5036,1404265937
3305,3303,1404268689
3303,3305,1404268722
3303,5174,1404270095
5246,3589,1404270334
5174,3303,1404270858
5278,4961,1404289188
4202,3841,1404290055
5244,2844,1404291116
3589,5246,1404303591
3732,5294,1404305290
3841,3732,1404309222
3841,1897,1404309237
3441,5107,1404312354
5107,3441,1404312426
3441,1,1404312894
5294,3732,1404328014
4472,4286,1404342447
4286,4472,1404342506
3662,5100,1404342685
5174,3450,1404342811
5278,5036,1404346541
524,605,1404367963
5224,5295,1404398218
5295,5224,1404398245
3684,5296,1404497456
5296,3684,1404497516
3478,5297,1404510031
4222,5298,1404510458
5297,3478,1404510692
5278,2844,1404562166
1307,5299,1404574544
5297,5174,1404668891
5174,5297,1404669191
5278,121,1404683527
5278,154,1404687198
5244,5203,1404693292
5203,5244,1404693392
177,2273,1404694526
4441,4155,1404703817
2273,177,1404713122
4155,4441,1404724147
4155,4148,1404724172
4131,5036,1404741485
3732,4202,1404742071
4202,3732,1404742112
4202,3692,1404746602
3692,4202,1404747383
4041,4348,1404752103
4348,4041,1404752131
5132,5160,1404753378
5229,5036,1404764864
4041,2273,1404771510
2273,4041,1404771542
5036,2938,1404783171
2065,3305,1404784197
4332,5301,1404786302
5301,4332,1404786370
1307,5132,1404799357
5274,5302,1404799495
5132,1307,1404801144
4019,1987,1404814105
1987,4019,1404814242
5174,5047,1404825155
3841,4692,1404834076
3841,5074,1404834098
4692,3841,1404845950
5047,5174,1404853265
3231,5244,1404871253
5244,3231,1404871383
2331,4939,1404921308
3841,5303,1404921799
5303,3841,1404921931
5244,4678,1404924559
4678,5244,1404924574
1679,3750,1404942639
3508,5195,1404955941
3750,5244,1404957631
4726,27,1404998177
4678,4041,1405030666
2065,3205,1405050135
4131,5305,1405052791
5305,4131,1405052845
3499,2851,1405055563
5244,3750,1405057403
5181,5306,1405086333
3841,4386,1405086701
3841,4019,1405086750
2105,2366,1405098808
2366,2105,1405098952
2105,1698,1405099466
5264,2549,1405101052
5244,5308,1405107098
5308,5244,1405107101
3508,4864,1405107564
3305,5208,1405110063
3841,11,1405163088
11,3841,1405163286
5264,5309,1405289015
5309,5264,1405289116
5183,2938,1405298566
2938,5183,1405299026
2065,4346,1405311154
5274,2844,1405350583
5244,3467,1405353684
5244,5267,1405353740
3467,5244,1405354009
5267,5244,1405354246
4671,5310,1405360602
2903,4041,1405366292
2549,2903,1405368441
2903,2549,1405368604
4041,5311,1405380131
5311,4041,1405380139
3750,2549,1405432384
2549,3750,1405432465
5274,5312,1405441902
5312,5274,1405442219
1307,815,1405443259
5311,4877,1405445733
4877,5311,1405445796
5264,4362,1405448762
4362,5264,1405449081
5264,4019,1405527606
5224,4019,1405528585
3684,2750,1405533625
2750,3684,1405533641
3684,5313,1405538429
5291,2844,1405544757
4939,5174,1405545079
5174,4939,1405545455
4939,3589,1405545580
5313,3684,1405549695
5291,442,1405549789
4131,2844,1405604225
2549,24,1405610015
24,2549,1405610165
3589,3574,1405615662
2065,3338,1405625909
3662,3305,1405633573
5244,5315,1405650730
5315,5244,1405651153
4198,27,1405674879
5291,5036,1405699235
5036,5291,1405699568
5244,4971,1405699744
4019,3756,1405728587
4971,5244,1405759292
5316,3589,1405774541
3841,4990,1405781099
3589,5316,1405791303
3841,3756,1405796557
3305,3662,1405825554
4053,2105,1405866097
2105,4053,1405866227
3841,3325,1405892712
4019,2959,1405896360
2959,4019,1405896426
2938,4019,1405904022
2323,5274,1405908609
2549,2938,1405952106
3841,2549,1405960114
4222,5238,1405960642
4222,5234,1405961773
5259,4019,1406046954
3574,3589,1406066159
2938,5264,1406067895
5264,2938,1406068087
4864,5098,1406071981
5067,5174,1406081540
5174,5067,1406081601
4431,3732,1406098951
3732,4431,1406103645
5238,5209,1406123964
5132,3441,1406129332
5238,2,1406129874
3589,2105,1406130662
501,4041,1406145068
5300,5212,1406151272
5244,4663,1406180002
4663,5244,1406180108
3841,5244,1406185446
3841,5318,1406185454
4441,2169,1406192104
5303,5174,1406192595
5174,5303,1406194856
1683,3318,1406197270
4222,3318,1406198181
2844,4131,1406199870
1710,2844,1406216587
5244,2005,1406245690
3589,3746,1406254537
2005,5244,1406254706
27,5321,1406298665
5196,5322,1406309384
5322,5196,1406309424
5264,2105,1406318645
5264,5244,1406320693
5244,2904,1406321043
2904,5244,1406321163
5244,5317,1406322851
5317,5244,1406323215
4131,1710,1406423475
1710,4131,1406423719
2938,2549,1406427876
4346,3499,1406439204
3499,4346,1406439238
5115,3841,1406451751
3841,5115,1406451947
3756,5036,1406452275
4671,5324,1406516565
5244,4472,1406524392
5264,2914,1406553218
5318,3841,1406556228
5318,27,1406556394
5318,5244,1406561775
4864,5323,1406563295
2914,5264,1406565184
5244,4739,1406566076
3231,5174,1406568333
2549,5036,1406587937
5036,2549,1406587969
5300,3589,1406597715
5132,1,1406608470
2065,3231,1406611072
3841,1987,1406644647
5155,3589,1406647600
3756,4019,1406650170
2844,5074,1406653476
2008,5307,1406663691
1307,3589,1406663784
3508,5187,1406667655
5156,3746,1406671740
3746,5156,1406671918
4348,4544,1406689516
4544,4348,1406689707
2081,2050,1406693921
2050,2081,1406694105
5074,2844,1406735747
5074,5325,1406735826
2844,5325,1406735832
2105,5326,1406739710
5326,2105,1406739823
3231,2323,1406747119
2105,3102,1406754284
3338,5264,1406775619
4041,5183,1406777714
5074,4472,1406806502
3841,3589,1406818281
5325,5074,1406820907
5325,2844,1406821763
1987,3841,1406841631
5264,3841,1406852806
4472,5241,1406863394
4472,3231,1406865833
4131,3231,1406866260
3841,5325,1406879417
3467,5174,1406904724
5174,3467,1406905043
1692,1516,1406913826
5325,3841,1407009555
1692,19,1407019916
4332,4019,1407020081
1692,5327,1407023246
5327,1692,1407023619
27,5328,1407047187
2844,5329,1407073834
3305,5329,1407080807
3508,5330,1407080906
1710,5329,1407081980
4472,4131,1407100883
5244,5174,1407102887
4472,5031,1407109105
442,3517,1407122713
3517,442,1407122733
3756,5244,1407133921
5244,3756,1407134260
2737,5037,1407176164
1710,3756,1407177803
3684,3756,1407178678
1516,1692,1407179209
3289,5244,1407182702
3289,1987,1407182727
5244,3289,1407200990
5268,5155,1407221772
5244,1987,1407251852
1987,3289,1407251945
1987,5244,1407251961
5264,3756,1407259373
3756,5264,1407259513
5244,5331,1407276711
5331,5244,1407276924
5332,5244,1407278211
5332,5174,1407278753
5244,5332,1407279116
5174,5332,1407279220
5054,5332,1407279292
5332,5054,1407279461
4864,506,1407286096
4864,1307,1407286261
3574,3508,1407287745
4864,5132,1407287896
3508,4671,1407290790
4351,376,1407332513
42,4019,1407347665
42,1755,1407349595
2190,2852,1407360273
2455,4131,1407401780
2455,1790,1407401843
2455,99,1407402037
2455,6,1407402144
2455,2543,1407402272
2455,2871,1407402388
2455,2994,1407402452
2455,2243,1407402684
2455,2588,1407402748
2455,496,1407403008
2455,815,1407403098
2455,976,1407403162
4131,2455,1407419588
5244,4131,1407419989
4131,5244,1407420015
4381,5244,1407421554
5244,4381,1407421566
4544,4434,1407434257
2323,3662,1407437525
5092,27,1407440500
3305,5244,1407446377
5244,3305,1407446388
4342,3303,1407465578
3303,4342,1407465766
376,4351,1407474603
4155,5319,1407513260
3589,4998,1407522302
3841,5036,1407522672
5333,27,1407528846
2065,4544,1407532092
2851,4019,1407537254
5319,4155,1407544735
5334,4971,1407602223
5334,5264,1407602746
5264,5334,1407603268
4131,4472,1407604753
3574,2737,1407620091
3841,1,1407620976
3841,3398,1407621027
2323,863,1407632414
1464,3441,1407639508
1464,5107,1407639646
1464,4864,1407639736
1464,5132,1407639891
1464,506,1407640576
1464,4671,1407640693
3841,2233,1407671928
3841,4961,1407672488
3841,4988,1407693705
3841,2008,1407694220
5244,4019,1407701312
5244,1710,1407701365
1710,4019,1407701750
1960,5074,1407707583
5285,5132,1407709173
5279,5335,1407709682
5285,1307,1407710378
5285,3574,1407710887
3205,4131,1407725917
5244,3586,1407732320
3586,5244,1407732357
2737,18,1407740125
3841,1307,1407740452
5155,5336,1407755119
3692,4019,1407776795
4019,3692,1407783735
4041,2904,1407783817
2904,4041,1407783842
1509,5337,1407784634
5337,1509,1407784828
976,4131,1407786807
4202,4019,1407790990
5183,5338,1407800661
5338,5183,1407800812
4041,76,1407807353
1710,5244,1407808373
3841,2169,1407825578
4131,976,1407854517
3841,3326,1407857790
3326,3841,1407857847
4678,3841,1407863648
1307,4727,1407867398
3841,154,1407880354
5244,5339,1407881874
3589,1481,1407882099
5339,5244,1407882111
4723,1,1407883305
4472,4254,1407884578
4254,4472,1407884718
3662,4041,1407890630
5153,2172,1407892229
5153,4727,1407892241
5153,3732,1407892249
5153,5245,1407892255
5153,3343,1407892262
5244,5340,1407897198
5340,5244,1407897327
5036,5341,1407897458
5341,5036,1407897533
4727,1307,1407901297
3841,4678,1407911540
1307,5279,1407911847
5279,1307,1407912131
3841,3662,1407922679
4678,4971,1407944829
4971,4678,1407944864
5334,5342,1407954713
4202,3305,1407956509
3305,4202,1407956551
5342,5343,1407956763
5343,5342,1407956805
5342,5344,1408015885
5344,5342,1408016092
5342,5345,1408017392
5345,5342,1408017465
3841,511,1408034161
1464,5037,1408034506
511,3841,1408035232
3589,2323,1408045462
2134,1307,1408088914
2134,2362,1408088948
2134,3788,1408088965
2134,1996,1408089126
3589,1272,1408114839
3841,4381,1408126498
4381,3841,1408126511
5165,1307,1408134506
976,5174,1408134941
5174,976,1408135636
5174,4346,1408136450
4346,5174,1408136495
3589,5346,1408208968
5346,3589,1408209109
4472,4019,1408211176
4222,5098,1408213051
4222,18,1408213270
4222,22,1408213310
4222,507,1408213581
2240,5074,1408216283
5074,2240,1408216393
1464,3633,1408222988
3633,1464,1408223190
3289,1755,1408229616
1464,5098,1408247724
5182,4671,1408247995
2134,5212,1408282309
2134,2844,1408282647
2134,4909,1408282787
5347,5212,1408293676
1423,3231,1408305023
1307,3719,1408313357
3574,3719,1408322299
3589,3719,1408334479
3589,5170,1408334626
4971,5348,1408369850
5348,4971,1408369933
3841,2851,1408380060
2851,3841,1408380191
1692,5074,1408459614
4723,4472,1408460378
4472,4723,1408460437
2737,5349,1408467036
3517,5174,1408471100
5174,3517,1408471280
4346,36,1408477389
36,4346,1408477672
5264,5351,1408493239
5351,5264,1408493355
5031,4472,1408495013
3684,4472,1408495226
4131,5054,1408495278
4131,1056,1408495590
3589,2240,1408497027
5350,5264,1408518458
2134,5153,1408540839
3841,376,1408547247
2737,3732,1408554765
4019,2851,1408559478
3231,1423,1408559993
4346,5224,1408563993
5224,4346,1408564056
5320,27,1408570318
2737,5352,1408588106
4671,5353,1408649365
976,2851,1408660744
3719,5354,1408674196
2134,1454,1408715712
2134,2141,1408715744
2134,1777,1408715816
5264,5224,1408722906
5224,5264,1408722973
5264,4219,1408726731
4671,5355,1408727874
5310,5355,1408728452
1987,4219,1408728888
2008,5155,1408728968
4219,5264,1408729028
3841,4219,1408729083
5155,2008,1408729318
4131,5174,1408729368
5174,4131,1408729597
4727,3586,1408742070
1860,4651,1408746254
3586,4727,1408754837
2169,4019,1408804121
2851,976,1408817008
376,3841,1408821537
2327,3841,1408968477
27,4106,1408985704
4106,27,1408986426
3303,5117,1408988134
3662,976,1408989203
3841,2904,1408996159
5244,670,1409020860
670,5244,1409020876
5117,3303,1409059654
4942,5356,1409070859
3325,5357,1409072951
5357,3325,1409073023
4346,5155,1409078960
5155,4346,1409079101
5311,27,1409086668
27,5358,1409086684
27,5359,1409086703
4458,4642,1409113314
5160,1,1409114582
5160,5132,1409114825
4727,3662,1409153632
2134,557,1409154524
2134,3092,1409154527
2134,19,1409157873
3589,5360,1409158849
5244,4998,1409164728
4998,5244,1409164736
5074,1960,1409171470
3574,5312,1409176112
1755,5312,1409180955
5312,1755,1409180971
5312,2243,1409185272
2243,5312,1409185298
5160,506,1409193974
2233,1272,1409196397
3215,5312,1409197370
3841,5112,1409217718
5112,3841,1409217824
5279,5156,1409227371
5244,4346,1409262092
4346,5244,1409262112
5171,5160,1409272948
1464,4386,1409278558
4131,5312,1409280186
5120,5329,1409287657
4971,5329,1409289798
4222,5155,1409302882
5361,5155,1409329619
3343,5362,1409331530
5361,5363,1409332966
5362,3343,1409338166
5363,5361,1409341258
2332,5224,1409350869
5224,2332,1409351838
3343,5364,1409370073
5364,3343,1409370324
5364,5234,1409370800
5364,5253,1409370857
5364,5362,1409370913
5364,2507,1409371033
5244,5329,1409377962
5132,3508,1409389011
27,3303,1409402903
5364,5365,1409405351
5362,5365,1409406729
5362,5364,1409406745
5365,3343,1409408562
5365,5364,1409408572
5365,5362,1409408630
3325,2005,1409414532
2005,3325,1409416741
442,5244,1409432491
5329,5244,1409445479
3325,851,1409475151
851,3325,1409475420
3325,3517,1409499406
3517,3325,1409499456
1,154,1409525335
3684,4286,1409543549
4131,2233,1409544468
5155,3841,1409577360
5155,5361,1409577390
4723,5155,1409577552
5155,4723,1409577842
27,5320,1409586411
5362,5366,1409586952
5365,5366,1409594692
3343,5366,1409600862
3662,5367,1409692501
5367,3662,1409693003
4971,5112,1409697460
5112,4971,1409697732
2233,5329,1409702092
5244,5369,1409713884
5369,5244,1409714122
5279,5370,1409738037
5312,5314,1409783622
4041,5155,1409853918
5155,5279,1409854298
27,5311,1409855498
3684,5244,1409861759
5244,3684,1409861833
4472,2750,1409890654
2750,4472,1409890776
5155,5371,1409925926
5155,4041,1409926439
1911,5372,1409963306
4971,5373,1409973388
1911,1755,1409973741
2065,2851,1409979128
5273,5374,1410006372
5273,5304,1410007152
3441,3508,1410026604
3732,3589,1410035724
3589,3732,1410035840
3148,5375,1410035875
3841,4348,1410104668
4348,3841,1410104857
4348,5376,1410105860
5376,4348,1410105899
2904,3841,1410106315
3841,1755,1410106372
4342,5361,1410110399
5361,4342,1410110439
3662,5368,1410130207
5368,3662,1410130269
3841,5155,1410171796
1897,5377,1410179475
3684,5378,1410194574
5378,3684,1410198100
3732,27,1410202456
5244,3517,1410208799
3517,5244,1410208800
5203,5174,1410216093
5174,5203,1410216213
5131,3684,1410228881
3684,5131,1410228936
4971,5311,1410240183
2903,3841,1410268266
1911,5379,1410285362
3841,5380,1410292907
5380,3841,1410293882
5380,27,1410293946
5380,5074,1410294007
5279,5381,1410298638
5181,5382,1410356419
1536,5207,1410375148
2065,5383,1410390963
3325,4019,1410454415
976,3523,1410468674
5376,3841,1410541810
3841,5376,1410541834
4131,99,1410549809
99,4131,1410550250
1,5311,1410575569
5365,5384,1410602126
5384,5365,1410602785
1307,5381,1410630046
3574,5279,1410631470
3574,5381,1410631488
5174,3231,1410642363
3841,2327,1410642451
3772,5385,1410688586
507,442,1410713734
442,507,1410713763
2323,2008,1410727396
2008,2323,1410727422
1911,5386,1410784608
5387,5244,1410798293
1683,5173,1410812229
5173,1683,1410820551
2169,4441,1410885833
27,5388,1410890085
1987,2323,1410895864
3325,1987,1410895881
1987,42,1410895954
4346,3325,1410898150
3325,4346,1410898186
42,4971,1410898861
4971,42,1410900297
3772,670,1410902624
670,3772,1410902774
4381,4362,1410907345
4362,4381,1410907426
3305,5174,1410952938
5174,3305,1410953036
4342,5174,1410963020
5174,4342,1410963090
4202,4131,1410967488
976,1605,1410967659
5381,550,1410987395
5381,3574,1410987414
5381,1307,1410987455
5381,5279,1410987485
5131,4041,1410995040
4041,5131,1410998224
2323,5390,1411006617
5390,2323,1411006632
27,5092,1411023315
5253,5364,1411032908
5253,5285,1411033351
5253,3574,1411033715
3574,5212,1411071724
4971,5391,1411088426
5391,2780,1411088960
2008,1755,1411133073
3325,4727,1411149482
4727,3325,1411149495
5181,1307,1411150734
5181,5037,1411151093
2851,4472,1411157416
4472,2851,1411157474
2851,5155,1411157509
5107,4723,1411158647
5155,2851,1411161177
5074,4971,1411235500
4971,5074,1411235528
5074,5329,1411243535
3684,5174,1411250062
5174,3684,1411250373
4202,5155,1411321721
5274,5392,1411350404
5392,5274,1411350606
4723,2737,1411363871
5155,4202,1411374724
5376,27,1411382868
3684,5376,1411400716
5376,3684,1411401610
5191,5393,1411413730
5279,5393,1411413968
1307,5393,1411416366
4131,4346,1411499567
4346,4131,1411499604
5362,5384,1411500196
5299,1307,1411565338
3325,5329,1411569256
5329,3325,1411569389
4202,2005,1411590599
2005,4202,1411590609
4434,4041,1411592572
4727,5394,1411592674
5394,4727,1411592702
5329,5394,1411662035
5394,5329,1411662081
5322,5395,1411664655
5395,5322,1411664724
1897,5074,1411667214
5329,5312,1411671151
5183,4041,1411680032
1589,3325,1411689384
3325,1589,1411689418
2323,5380,1411691971
27,5376,1411715572
5395,3325,1411744537
4472,5074,1411842068
27,5389,1411847496
5389,27,1411847563
5112,5074,1411852208
76,851,1411858083
851,76,1411858137
3574,5153,1411865474
3732,5396,1411923096
5396,3732,1411923288
4472,5036,1411924879
3508,5227,1411925842
3173,27,1411926997
5274,5397,1411960344
1,27,1411966327
1,99,1411968388
3523,976,1412002305
1307,5173,1412009038
4362,3517,1412016507
3517,4362,1412016529
851,5398,1412079317
5398,851,1412079346
1755,1,1412124785
4545,5329,1412181227
442,5074,1412191398
5074,442,1412191433
3662,5054,1412206122
3662,5255,1412206181
5054,5255,1412206222
5054,3662,1412206327
4971,1755,1412260305
3523,5244,1412308079
5244,3523,1412308867
3574,5170,1412323621
5170,3574,1412330704
5279,3574,1412330983
3589,5234,1412336802
3589,5399,1412367775
4971,70,1412539443
70,4971,1412539499
3044,3809,1412545232
4346,1679,1412545662
1679,4346,1412545804
3044,4705,1412586008
3044,3148,1412590302
3044,3839,1412590727
3589,946,1412613843
3841,27,1412678697
3508,3589,1412690213
3732,5244,1412709480
27,2414,1412709511
5244,3732,1412709561
5399,5285,1412722974
5399,5253,1412723057
5399,5238,1412723252
5399,5234,1412723272
5238,5399,1412725747
5238,5234,1412725836
5253,5399,1412725916
3589,5238,1412725922
5238,3589,1412726002
5234,3589,1412726180
5238,5253,1412727070
5253,5234,1412727136
5253,3343,1412727161
5234,3343,1412727183
5234,5285,1412727291
5234,5253,1412727482
5234,5238,1412727581
5234,5399,1412728134
3589,2737,1412789863
2851,70,1412793311
2005,70,1412804089
70,2005,1412804876
3589,5212,1412808473
3589,3343,1412813249
3684,4160,1412866086
4160,3684,1412866126
1307,5400,1412880318
5279,5401,1412901707
5279,5402,1412902161
5120,4131,1412946493
1516,1349,1412955363
3325,4041,1412976836
4922,4362,1412978893
5245,1307,1412982524
4971,3231,1413007066
3231,4971,1413029735
3325,5404,1413058164
5404,3325,1413058185
1307,3756,1413111116
36,4094,1413145669
3517,4472,1413151035
4472,3517,1413151147
3343,5399,1413245705
1987,3231,1413265260
5155,5170,1413283758
5279,5170,1413284525
3589,5173,1413305545
5171,4723,1413310022
4160,3231,1413312861
3231,4160,1413312889
5173,1307,1413322044
5173,5170,1413322258
5173,3574,1413322298
4864,5170,1413322886
5238,5132,1413380602
5132,5238,1413380655
5132,506,1413380745
27,5406,1413382850
27,3173,1413382868
27,5407,1413382879
1683,5405,1413389841
1865,27,1413390201
5408,3574,1413429306
5107,5408,1413429390
5405,5211,1413467632
1307,5409,1413477854
3508,5258,1413493491
3684,4576,1413493987
4576,3684,1413494186
5395,5410,1413500943
5410,5395,1413501032
3589,3441,1413554198
3508,5403,1413559686
1987,1891,1413571843
1307,5258,1413587732
5395,27,1413648297
4971,3662,1413687283
3662,4971,1413687352
5279,5153,1413722016
5411,506,1413734615
3508,5412,1413753357
3243,3333,1413790207
1349,2243,1413814532
4381,5329,1413815887
2243,1349,1413820336
4723,5413,1413826472
4222,99,1413828237
4222,506,1413828291
4222,1307,1413828302
4222,1683,1413828318
2737,4723,1413829222
2008,4971,1413832522
4971,2008,1413832596
3333,3243,1413834889
1307,4222,1413837436
3303,3750,1413847481
3750,3303,1413847610
5132,5170,1413904379
5132,3574,1413904452
5132,4723,1413904511
5132,4671,1413904635
4864,4723,1413906365
5312,3325,1413918247
3325,5312,1413919930
5395,5414,1413923403
1755,1987,1413928888
4041,2549,1413929459
5367,5414,1413929758
4362,5329,1413947446
322,4723,1413948372
4386,42,1413949105
3574,5411,1413997843
5411,3574,1414001518
3685,5415,1414022238
70,4530,1414166501
4530,70,1414167029
2737,3574,1414172228
4971,5357,1414175984
5357,4971,1414181493
5174,5244,1414182214
4346,27,1414182374
5174,5416,1414187765
5416,5174,1414187800
4530,5414,1414201415
5414,4530,1414201459
1307,5156,1414256333
5285,5238,1414283172
5285,3343,1414283567
5285,5253,1414283702
5285,5234,1414283777
5285,5399,1414283973
5156,5417,1414326997
5417,5156,1414327282
5417,1307,1414327583
851,1,1414341204
1307,5417,1414355567
3841,5174,1414365934
5174,3841,1414365968
3841,5010,1414366103
3841,5418,1414367844
5418,3841,1414369146
2081,5272,1414391229
2081,4710,1414391295
3841,99,1414401426
3517,4160,1414443150
4160,3517,1414443325
3841,1891,1414447122
5418,1891,1414447987
5132,4864,1414482634
3841,5328,1414483938
70,1480,1414513565
1480,70,1414513711
4971,5312,1414528422
5416,4971,1414538845
4971,5416,1414538953
4160,5416,1414539924
5416,4160,1414539973
5238,5170,1414542266
2005,5416,1414543340
5416,2005,1414543731
4472,5416,1414549801
5416,4472,1414550205
4332,5416,1414553735
5416,4332,1414553846
5170,5132,1414556260
5170,3589,1414557967
5170,5238,1414558193
3325,4131,1414601432
5237,4222,1414611013
4362,5416,1414616984
5416,4362,1414617159
5238,2737,1414622265
2737,5238,1414622369
2737,5155,1414624430
5258,3508,1414698240
5258,4671,1414709222
5251,27,1414757525
5237,27,1414778955
3467,4362,1414783454
1307,4386,1414792892
2737,5419,1414815869
3441,4386,1414847190
3841,1710,1414861115
322,4472,1414904421
27,5421,1415031066
5421,27,1415031329
3684,70,1415032507
70,3684,1415032574
4131,4723,1415032876
4727,5278,1415053465
1987,70,1415053868
4160,5101,1415057380
3231,1987,1415058631
3231,4041,1415060166
3231,70,1415060227
4864,5173,1415068095
5169,4131,1415077289
4131,5169,1415078023
5238,5422,1415110155
1307,5238,1415113250
5169,70,1415125270
70,5169,1415125308
1347,19,1415126014
3586,5423,1415160416
5170,5268,1415186972
4434,5397,1415217743
5397,4434,1415217873
1589,4362,1415217881
4131,1987,1415226809
1987,4131,1415226968
4041,1589,1415233557
1589,4041,1415233594
5253,5424,1415261527
5253,5170,1415261910
5279,1897,1415277988
5424,5253,1415290366
5251,5425,1415355022
5425,5251,1415355064
4019,5426,1415368234
1897,4019,1415368404
5426,4019,1415368422
5132,5427,1415399452
3326,4971,1415475200
4971,3326,1415475236
3508,1683,1415475971
5173,506,1415485875
5173,3589,1415486013
4131,2549,1415492431
2323,4971,1415494022
2233,3662,1415569629
5273,3839,1415608419
3839,5273,1415608835
976,4349,1415650571
3589,5428,1415706019
5428,5212,1415721658
5411,442,1415721696
5428,3589,1415728186
4971,4718,1415729377
4718,4971,1415729412
4362,4418,1415762659
4418,4362,1415762692
4362,4346,1415765204
4346,4362,1415765283
5155,1,1415789728
5155,1683,1415789761
5155,3508,1415790298
5155,1464,1415790316
1307,5428,1415889404
4971,2649,1415900837
4718,3325,1415901904
4472,3962,1415902293
3962,4472,1415902410
2649,4971,1415903438
3841,2005,1415904459
2005,3841,1415915755
76,27,1415917361
4530,4678,1415917361
4678,4530,1415917383
27,76,1415917455
3517,3305,1415921870
27,5237,1415986880
27,5429,1415986896
76,5430,1416018176
5430,76,1416018193
4723,1987,1416057078
5132,5155,1416071731
3325,4381,1416075025
4381,3325,1416075491
3325,5203,1416144941
5203,3325,1416144971
1290,5431,1416172240
3325,1290,1416172247
1290,3325,1416172261
5432,5212,1416176156
3589,5253,1416227442
4434,5416,1416242321
5234,5424,1416253053
76,3841,1416264750
3841,76,1416264932
5416,4434,1416271550
4472,4727,1416279591
4727,4472,1416279664
1516,322,1416373947
27,5414,1416383329
5414,27,1416383467
322,1516,1416426893
5203,2072,1416444352
2072,5203,1416444392
4041,5416,1416522040
5416,4041,1416523130
1987,4140,1416524839
3303,4472,1416527838
4472,3303,1416527937
3589,5433,1416541450
5433,5212,1416541524
5203,5434,1416563039
5434,5203,1416563178
3325,1516,1416585872
1516,3325,1416586351
5170,5234,1416620836
5170,5399,1416621016
4472,3684,1416688177
5435,5420,1416690805
4930,70,1416705694
70,4930,1416705778
4144,4108,1416707452
76,4202,1416717169
4202,76,1416717191
4144,5329,1416720321
3589,5432,1416791487
3589,5300,1416792005
5361,5436,1416802048
5436,5361,1416802089
4381,4041,1416859996
4041,4381,1416860081
5203,3841,1416926304
5416,4019,1416934888
3841,5203,1416955323
27,5420,1416985756
2323,5437,1416992755
5437,2323,1416994607
5437,2190,1416994823
5437,5438,1417025818
5438,5437,1417027894
3508,5212,1417031266
4971,5439,1417033844
5439,4971,1417034077
2240,3325,1417036703
3325,2240,1417036897
4971,5440,1417038155
5440,4971,1417038451
5440,27,1417038521
4971,1777,1417044981
3750,2851,1417064618
2851,3750,1417064654
1307,1464,1417078950
1307,3508,1417078978
1307,3574,1417079251
1307,5098,1417079291
1307,5155,1417079381
1307,5170,1417079433
3732,5170,1417080916
1307,3633,1417081107
1307,5165,1417081384
3325,2844,1417087552
27,5440,1417094295
27,5441,1417094308
5438,27,1417094532
1464,3508,1417116386
1464,1683,1417118799
3325,70,1417121088
70,3325,1417121142
5182,3589,1417124162
3325,1777,1417126306
507,4131,1417234100
4131,4417,1417293314
4417,4131,1417293647
5414,5438,1417305579
5438,5414,1417305795
4131,5414,1417309205
5414,4131,1417309276
70,4202,1417367432
4202,70,1417367554
3508,5411,1417386097
2914,4434,1417408095
3684,25,1417411867
25,3684,1417411873
1516,3231,1417447613
4877,2259,1417451877
5403,1307,1417453183
1464,5411,1417455556
5411,1464,1417456326
5411,3508,1417456354
1516,1464,1417458237
4259,4971,1417474580
36,70,1417514277
70,36,1417516806
4971,4259,1417529645
1307,5403,1417555776
5237,1307,1417641444
3756,1307,1417670296
3517,2851,1417724423
5237,3841,1417724639
3841,5237,1417729621
3517,76,1417734640
76,3517,1417831008
2851,5442,1417834825
5442,2851,1417835104
1755,5443,1417895745
5443,1755,1417895847
1755,2304,1417945941
1755,5444,1417946512
5444,1755,1417946784
1307,4540,1417958401
3589,4540,1417958567
3684,2005,1418060668
2005,3684,1418062843
3750,3684,1418087394
3684,3750,1418087471
2851,3581,1418097609
70,27,1418150832
27,70,1418150918
2008,1891,1418151814
3589,5445,1418155506
5445,3589,1418155722
5445,1307,1418155742
4049,2190,1418158147
3574,2857,1418163894
4049,1987,1418164142
1987,4049,1418164395
3574,976,1418180034
1307,976,1418180895
3581,2750,1418185260
2750,3581,1418185271
5420,27,1418187379
4131,5420,1418190792
5420,4131,1418191434
1897,5446,1418198664
70,5447,1418254888
5447,70,1418255237
5445,5448,1418257882
5448,5445,1418259056
3303,4041,1418317637
3508,5263,1418355995
3841,3231,1418430272
3231,322,1418440206
322,3231,1418440282
1307,5445,1418455595
3662,863,1418519867
1987,4348,1418520300
4348,1987,1418520486
442,3662,1418530311
3662,442,1418530466
3841,5449,1418590674
5420,5435,1418610153
4351,27,1418667216
76,70,1418673179
70,76,1418674093
27,4351,1418729844
3523,4041,1418759590
1987,5450,1418779722
5450,1987,1418779960
27,1882,1418821455
3589,1159,1418829673
322,4131,1418843850
1987,5207,1418857526
322,1159,1418943429
322,11,1418943969
4041,3523,1419056577
3326,1987,1419076983
1987,3326,1419077154
36,5451,1419192534
5451,36,1419192560
36,1987,1419198075
1987,36,1419198096
2851,3499,1419310130
27,5438,1419355660
27,5452,1419355667
27,5453,1419355673
3966,3517,1419386332
4472,2581,1419405595
2581,4472,1419405844
4472,5454,1419409162
5454,4472,1419409646
1987,5455,1419441839
5455,1987,1419441878
4362,3692,1419535832
1987,1777,1419543585
3508,1795,1419544860
976,2243,1419646630
2243,976,1419647368
1755,3966,1419710100
5416,70,1419710963
70,5416,1419711668
3581,3467,1419818245
3467,3581,1419818327
5259,5329,1419820762
3589,5456,1419824643
3750,4219,1419873883
4219,3750,1419873901
3750,70,1419874754
70,3750,1419874778
177,5083,1419891584
4718,4019,1419892321
4019,4718,1419892363
1755,442,1419921000
2323,4362,1419931285
4362,2323,1419931316
1987,2327,1419969844
1987,2851,1419970165
2327,1987,1419970395
3586,442,1419983979
442,3586,1419984056
5106,3750,1420043208
3517,976,1420059969
976,3517,1420059994
2844,5457,1420070257
5212,3589,1420086421
5212,5300,1420086437
5212,5428,1420086447
5212,5433,1420086459
5212,5456,1420086526
27,5458,1420137845
3231,4144,1420193685
4144,3231,1420193791
5414,2844,1420205315
2844,5414,1420205338
2134,3732,1420230669
2134,1891,1420232207
976,5459,1420250138
27,4726,1420300360
177,5325,1420303296
5325,177,1420303738
4381,4131,1420318660
4362,5460,1420324657
27,5461,1420358648
5461,27,1420358823
4362,3684,1420775297
4362,442,1420775412
3684,4362,1420776845
2323,5112,1420787437
5460,4362,1420808554
4286,3684,1420810514
3589,87,1420817285
4362,5462,1420845228
976,1755,1420846665
1755,4131,1420859201
4362,1710,1420877628
4362,1355,1420877700
4362,2844,1420878085
70,5414,1420905786
5414,70,1420906034
4156,3398,1420926294
4019,5438,1420985171
5438,4019,1420993951
5112,1272,1421007713
3589,5463,1421011156
5463,3719,1421012352
5463,3732,1421012669
5463,3589,1421012742
1272,5112,1421019483
3750,4348,1421035824
4348,3750,1421035854
3508,3684,1421094191
3589,5199,1421098418
3589,5464,1421100335
87,5464,1421100350
3574,5464,1421100483
1464,2737,1421111418
1464,3574,1421111437
1464,5170,1421111464
3574,4049,1421129786
27,5465,1421156223
5212,3574,1421174737
4362,5466,1421191636
5466,4362,1421192920
2327,70,1421214089
70,2327,1421230183
2327,2190,1421245729
2190,2327,1421254143
5367,1755,1421259359
25,4434,1421262757
4434,25,1421262764
4362,4434,1421296699
3669,4155,1421310734
4155,3669,1421310761
322,1795,1421358472
322,4362,1421377170
4362,5461,1421391015
5461,4362,1421393477
5461,4332,1421398089
1272,2851,1421434858
976,3581,1421441811
3581,976,1421446711
5461,5467,1421503099
5467,5461,1421503373
3231,5106,1421524944
3231,4131,1421525599
3684,3231,1421547977
3231,3684,1421548010
2851,1272,1421563867
3684,4332,1421628304
4332,3684,1421628311
1987,4417,1421712039
4417,1987,1421715129
4049,5170,1421729857
2737,3589,1421769824
4723,5268,1421848414
27,5470,1421871114
27,5471,1421871122
1795,5106,1421876268
5470,27,1421877586
1795,4472,1421970584
5036,4472,1421971044
2851,3732,1422002308
3732,2851,1422002321
4155,4172,1422066867
4172,4155,1422067046
4472,1795,1422085409
2844,1987,1422114393
1987,2844,1422115968
5428,4723,1422134996
1795,5168,1422215715
2323,5468,1422237833
5112,2072,1422238659
3676,1987,1422284679
1987,3676,1422293976
3684,5472,1422303057
2065,5036,1422306334
5160,5171,1422418058
5160,4723,1422418123
314,4362,1422429785
4362,314,1422429852
27,5473,1422432065
5473,27,1422432096
76,4041,1422466597
4727,5403,1422468054
5403,4727,1422480187
27,2429,1422519474
5422,5238,1422584541
1755,4019,1422643928
976,5474,1422686726
3581,42,1422724267
27,5466,1422816432
5466,27,1422816515
3325,322,1422906841
322,3325,1422907268
70,2851,1422946150
70,4362,1422946218
4362,70,1422946422
5154,5475,1422989417
5154,4222,1422989589
5475,5154,1423042731
27,5476,1423047030
5478,4049,1423103531
5478,5113,1423104146
5477,5097,1423106648
4041,2005,1423161615
27,5469,1423166545
5469,27,1423169858
2851,3517,1423183704
4346,5479,1423201714
5479,4346,1423201810
5475,1307,1423229489
27,5480,1423230630
3684,5431,1423233409
3325,1837,1423241481
1837,3325,1423241802
1516,2240,1423244406
25,5106,1423267603
5106,25,1423267637
1829,4472,1423366272
4472,1829,1423366302
4160,2851,1423441254
2851,4160,1423441261
4019,4348,1423444742
4348,4019,1423444857
4131,5481,1423585892
5481,4131,1423589665
2851,1010,1423597131
1010,2851,1423597255
1010,1,1423598153
1010,27,1423600670
5072,5047,1423654041
5072,3819,1423654100
5072,5074,1423654507
5072,3617,1423654721
5072,4472,1423654955
3841,3467,1423679348
5170,1683,1423702886
5170,5173,1423702980
5170,4864,1423703001
5170,4671,1423703109
5106,1795,1423706360
2323,4144,1423708136
4144,2323,1423711906
3325,2851,1423846726
2851,3325,1423846798
2851,5431,1423846826
5106,5479,1423942738
5479,5106,1423942951
4472,5246,1423957013
3692,976,1423958949
5246,4472,1423960568
1987,2366,1424026456
2366,1987,1424027155
5112,4472,1424038488
4472,5112,1424038693
5438,5483,1424048392
5438,4754,1424048434
5438,5484,1424048534
5438,5482,1424048578
5438,5485,1424048611
5438,5486,1424048747
5438,2765,1424048801
4019,1481,1424134164
1481,4019,1424134290
4727,3732,1424165083
5072,5487,1424200045
5487,5072,1424200713
3684,4909,1424230482
4909,3684,1424230923
2072,5112,1424266610
2072,27,1424281774
5106,3215,1424287187
3215,5106,1424288180
2851,5224,1424367082
1755,5106,1424382779
27,4131,1424444767
4131,27,1424444864
4727,5488,1424465245
5489,11,1424518296
11,5489,1424518464
322,1272,1424579942
2737,5170,1424656820
5132,5490,1424713176
4041,5101,1424730337
3732,5491,1424731120
5492,4041,1424745070
3586,5493,1424748039
5492,5378,1424748187
5378,5492,1424748483
27,5494,1424775660
27,1010,1424775670
27,2072,1424775681
4362,2005,1424824790
3732,5495,1424849248
5495,3732,1424851090
5495,27,1424851341
4362,11,1424854537
3772,1987,1425059005
4368,1987,1425059421
5474,976,1425088032
3325,4971,1425249125
4971,3325,1425249225
5074,1755,1425320299
1755,5074,1425320527
5224,4131,1425331924
4131,5224,1425331972
1755,3215,1425398174
976,3215,1425597211
3215,976,1425597802
4971,5497,1425602205
25,5496,1425615200
5496,25,1425615211
1987,4368,1425644478
2008,5496,1425766943
5496,2008,1425766957
4472,5498,1425770597
5498,4472,1425770640
3732,1755,1425917697
1755,3732,1425917893
1755,5492,1425940100
5492,1755,1425990601
4472,2005,1426009340
2005,4472,1426015364
4472,2481,1426100543
2481,4472,1426100824
3586,1987,1426113216
1987,5026,1426113278
2008,2190,1426121086
2008,4472,1426190498
4472,2008,1426190549
178,2323,1426212335
2323,178,1426212383
976,5462,1426263651
5462,191,1426264565
5462,4362,1426264614
5169,3648,1426284360
4144,4131,1426471889
4131,4144,1426472180
27,5499,1426601478
27,5495,1426601485
3648,5169,1426611973
3215,4971,1426629314
4971,3215,1426629334
4472,3215,1426636895
3215,4472,1426636958
1589,1755,1426650113
1755,1589,1426650396
4971,5106,1426714983
5106,4971,1426715056
2323,3231,1426719580
1516,3586,1426868199
4144,1755,1426875984
1755,4144,1426876254
25,1679,1426920485
1679,25,1426920620
5112,1987,1427045301
3325,3732,1427051338
3732,3325,1427051405
3684,5224,1427128243
5224,3684,1427128288
1,5500,1427161808
99,1755,1427246534
27,5501,1427277704
27,5502,1427277722
3732,5168,1427318165
5168,3732,1427318421
976,2333,1427378663
5496,2005,1427384632
3684,976,1427386730
4131,5496,1427388134
3732,5026,1427400889
1755,5503,1427410571
5403,3574,1427510635
5403,5170,1427510646
4049,5153,1427555386
4049,19,1427555438
2,5504,1427727594
5504,5238,1427813971
4472,5072,1427898308
5427,5475,1427903527
5427,5154,1427903615
5475,5427,1427904733
4131,1747,1427922822
2240,3581,1427942146
3581,2240,1427942260
76,36,1427985792
36,76,1427985826
76,4160,1427995678
4160,76,1427995685
5496,4131,1427999051
4472,5169,1428083073
5169,4472,1428083172
1764,1755,1428211772
4131,5168,1428267142
4131,5106,1428283054
5106,4131,1428283069
322,863,1428303869
5106,5367,1428362305
5367,5106,1428375592
5074,5505,1428416025
5505,5074,1428445194
3581,1843,1428456352
1843,3581,1428456442
5224,2851,1428692768
76,4472,1428718616
4472,5106,1428954775
3732,5207,1428956647
1516,3732,1428956679
5496,1987,1428963717
3581,2851,1428976591
4049,1,1429065327
3305,2851,1429144618
5503,1755,1429213873
3305,4144,1429224868
4144,3305,1429224869
27,5506,1429258662
27,5507,1429258673
27,5508,1429258686
27,5509,1429258698
5510,4049,1429270437
4049,5510,1429271011
4019,2481,1429285473
4131,2008,1429297569
2008,4131,1429297643
4202,3684,1429400048
3684,4202,1429400087
5496,4332,1429453742
4332,5496,1429453798
5496,4971,1429454347
4971,5496,1429454367
4131,3305,1429487206
3305,4131,1429487283
3231,4472,1429548954
5492,3684,1429555942
3684,5492,1429555993
4041,177,1429566546
177,4041,1429572532
314,1987,1429614700
1987,314,1429614775
2190,27,1429622501
27,4664,1429641790
1987,5496,1429664214
27,2190,1429696755
5106,27,1429756794
4362,5512,1429897535
5512,4362,1429898806
1987,2005,1429914363
2005,1987,1429915311
1987,5513,1429916503
5513,1987,1429916506
4049,5258,1430016222
4049,1683,1430016496
2323,1307,1430030814
27,5514,1430066098
3684,4381,1430102056
4381,3684,1430102079
5113,5400,1430105927
27,5496,1430204042
5496,27,1430204105
4131,5237,1430232283
5237,4131,1430232305
5514,27,1430233742
4664,5514,1430260103
5514,4664,1430262140
4019,4108,1430352858
5500,1,1430367837
2065,5106,1430413078
25,2851,1430424058
2851,25,1430424121
27,25,1430426078
4041,1272,1430441783
1010,1755,1430502667
1010,3692,1430502830
177,4971,1430568889
4971,177,1430568918
4971,5515,1430655367
5515,4971,1430655438
4971,2072,1430769939
2072,4971,1430769955
4041,2670,1430799579
2670,4041,1430799694
1010,1897,1430863673
1010,2844,1430863683
1010,154,1430863695
1010,5026,1430863703
1010,1760,1430863710
1010,4386,1430863721
1010,4131,1430863730
1010,5097,1430863743
1010,5224,1430863749
1010,42,1430863761
1010,5074,1430863774
1010,4041,1430863780
1010,976,1430863797
1010,3732,1430863808
1010,5431,1430863830
1010,2581,1430863842
1010,4971,1430863850
1010,177,1430863865
1010,555,1430863874
1010,25,1430863885
1010,7,1430863887
1010,99,1430863897
1010,2492,1430863915
1010,1464,1430863923
1010,3772,1430863928
1010,500,1430863939
1010,5244,1430863945
1010,442,1430863951
1010,2233,1430863958
1010,2323,1430863964
1010,36,1430863968
1010,185,1430864134
1010,2082,1430864218
1010,3022,1430864225
1010,1987,1430864674
2851,4971,1430945424
4971,2851,1430945448
2323,5097,1430971846
5097,2323,1430971988
5097,5477,1430972763
4971,5516,1431005835
5516,4971,1431006050
4049,5517,1431027460
5517,4049,1431028399
4049,5518,1431036740
5113,5518,1431037068
5113,5478,1431037149
5518,4049,1431037249
5492,2851,1431037288
5517,5113,1431040536
5517,5478,1431040613
5517,5510,1431041031
5517,5518,1431041103
70,1516,1431055406
5518,5517,1431093024
1272,976,1431099028
4049,1947,1431303673
2005,5519,1431525213
5519,2005,1431525244
4971,5519,1431525261
5519,4971,1431525267
1755,5224,1431536531
5224,3676,1431536600
3676,5224,1431537123
5361,3769,1431540388
3769,5361,1431540443
3325,1481,1431642324
5403,5520,1431650970
1987,5520,1431651115
5520,1987,1431651556
5520,5403,1431651568
36,4144,1431711289
4144,36,1431711290
1481,3325,1431714551
2008,5500,1431717556
3508,5209,1431739263
5500,2008,1431783368
36,5521,1431805884
27,5521,1431806516
5521,27,1431806550
3325,4472,1431813132
4472,5431,1431813284
4472,3325,1431813343
4049,1307,1431836958
5503,27,1431866597
27,5503,1431866803
36,4971,1431885712
4971,36,1431885768
4472,5168,1431891927
3398,4156,1432055252
1646,5520,1432069416
5520,1646,1432069485
4049,5523,1432091718
4049,3574,1432093220
5170,2737,1432170340
5523,5524,1432178488
5524,4049,1432178493
5524,5523,1432178550
4049,5524,1432179069
5524,5522,1432179161
4049,5478,1432180233
4799,4735,1432246641
5527,5523,1432250970
5503,4971,1432293421
4971,5503,1432293451
3478,87,1432332153
4472,76,1432401729
5523,4049,1432412762
5523,5527,1432413058
5106,2008,1432417718
2008,4049,1432486377
4049,5528,1432525750
4049,4971,1432530711
4971,4049,1432530893
5528,5517,1432555919
5521,36,1432562645
5106,1755,1432574902
5528,1,1432697495
4971,5530,1432699530
5530,4971,1432699618
4049,2008,1432732382
4049,5525,1432733052
5528,5113,1432734510
5528,5531,1432777340
5531,5528,1432779265
5522,5524,1432788469
5528,5518,1432793495
5522,5532,1432814441
4049,5531,1432831622
5531,4049,1432832265
5528,4049,1432832942
5532,5522,1432834837
5518,5528,1432836124
5518,5531,1432836397
5531,5518,1432836445
5518,5113,1432836575
322,4930,1432845656
4930,322,1432845684
4019,2005,1432848449
2481,4019,1432912961
4829,1755,1433259196
3648,5534,1433286608
5534,3648,1433286632
25,4131,1433290616
4131,25,1433290643
5243,2008,1433295755
2323,5106,1433381810
5106,2323,1433381810
2959,5243,1433393155
5243,2959,1433393840
5243,4971,1433410325
4971,5243,1433410391
5243,2323,1433410450
1589,4010,1433427391
4971,1795,1433437453
1272,2008,1433437826
2008,4010,1433438479
2008,1272,1433438526
4010,2008,1433447877
4829,1987,1433451468
3684,31,1433457401
3756,1755,1433495483
2959,1987,1433689677
1987,2959,1433690058
4049,5535,1433690431
1987,5536,1433695426
5536,1987,1433695593
5535,4049,1433709438
3305,3684,1433746782
3684,3305,1433746985
2008,5106,1433797944
31,3684,1433838812
27,5526,1433942841
27,5537,1433942854
5074,1710,1433967860
1710,5074,1433967929
4723,4041,1434052149
4041,4723,1434052188
36,5496,1434122522
5496,36,1434122786
5224,4723,1434130827
4723,5224,1434131146
5224,5496,1434131278
5496,5224,1434131294
3732,2170,1434229893
4332,4041,1434330176
4041,4332,1434330221
5112,3662,1434520622
4971,5539,1434548115
5539,4971,1434548380
36,5511,1434632366
5511,36,1434632517
3325,36,1434656865
36,3325,1434656865
3325,2008,1434731910
2008,3325,1434731915
3684,3325,1434733060
976,3684,1434733910
4041,4144,1434741973
4144,4041,1434742013
5170,4934,1434856160
5106,2240,1434916824
25,1516,1435000792
1516,25,1435000834
314,11,1435125030
11,314,1435125236
3305,2005,1435178708
2005,3305,1435179240
5503,2005,1435179652
1755,2005,1435249955
3325,25,1435315372
25,3325,1435315447
3325,3684,1435327587
3586,3325,1435335928
4144,3325,1435336435
3325,3586,1435336467
3325,4144,1435336485
5540,5106,1435344916
1987,5541,1435516358
5541,1987,1435516566
3325,5291,1435615328
5291,3325,1435615399
4219,4472,1435634475
4472,4219,1435668920
1987,4829,1435783575
863,1987,1435784336
5518,5522,1436199596
1987,3325,1436211908
1987,3845,1436212331
25,4019,1436544041
5522,5518,1436556379
2005,1755,1436565236
4971,5538,1436602016
5538,4971,1436603951
5106,5540,1436754322
1987,5492,1436818434
5492,1987,1436819198
1755,5538,1436845511
5538,1755,1436846093
3732,3692,1436856243
3305,1987,1436900586
1987,3305,1436900613
442,322,1436933970
4723,1500,1436975364
322,442,1436986758
4131,442,1437021117
442,4131,1437021120
1500,4723,1437069041
507,5542,1437083740
2008,5542,1437147691
5542,5543,1437240958
5543,5542,1437240962
5542,507,1437241736
5542,5503,1437252344
5503,5542,1437252353
1683,5542,1437345001
5106,5542,1437345617
2323,5329,1437349584
36,2190,1437393501
4144,4971,1437399248
1987,4144,1437414516
2190,36,1437415562
1987,1589,1437418836
1589,1987,1437418968
1547,3467,1437457550
3467,1547,1437457677
4144,1987,1437487256
5492,11,1437636273
11,5492,1437636650
2014,5544,1437706563
5544,5533,1437707792
5544,4131,1437708315
5544,5312,1437708354
4131,5544,1437708407
11,5545,1437801956
5545,11,1437803414
2065,5496,1437880866
2014,1307,1437943722
1987,1837,1438094778
1837,1987,1438094874
3467,3746,1438156104
3746,3467,1438158524
2005,2851,1438190795
3581,1777,1438309251
5403,1683,1438335218
11,1987,1438360542
1987,11,1438360585
31,5546,1438382906
36,3452,1438525575
3452,36,1438525591
863,322,1438573769
4759,5547,1438599356
1516,4019,1438617462
1516,42,1438618983
1516,1272,1438619003
27,5548,1438635273
27,5549,1438635289
27,5550,1438639914
5546,31,1438647690
5538,99,1438665512
4108,5547,1438755202
322,4829,1438995478
4829,322,1438995557
99,5538,1439091699
1987,2008,1439160266
4829,3467,1439195864
863,4829,1439198240
5551,3467,1439267350
3467,4829,1439276206
25,5551,1439279096
5551,25,1439279455
25,27,1439282892
3467,4131,1439436732
4131,3467,1439437118
3467,1987,1439484837
1987,3467,1439484873
322,1987,1439490686
3467,4019,1439548194
3467,3845,1439565153
3845,3467,1439565211
3303,27,1439737553
1755,4041,1439780150
27,5552,1439805447
4041,1755,1439832639
5156,1349,1439836428
3845,1987,1439838444
2190,4971,1439850045
4971,2190,1439850521
2008,4041,1439916263
4041,2008,1439918031
4362,4131,1439950527
4131,4362,1439950575
11,4362,1439951668
11,5553,1439968884
5553,11,1439968947
4472,3305,1440038780
3305,4472,1440038859
2005,4041,1440095091
3467,4971,1440165810
4971,3467,1440165811
507,5551,1440476321
5551,507,1440476494
27,3351,1440499569
3351,27,1440502063
976,4019,1440510869
3325,5554,1440547273
5554,5431,1440547608
5554,3325,1440547749
4362,5555,1440782145
3325,4362,1440785982
4362,3325,1440786038
4362,1679,1440788692
3467,5551,1440818519
5471,27,1440871249
1679,4362,1440907826
5106,3305,1440985361
3305,5106,1440992699
4362,2008,1441050128
2008,4362,1441050159
5106,3231,1441074171
5552,5538,1441101228
5538,5552,1441101415
3662,4362,1441145273
4362,3662,1441145364
507,5556,1441148162
3467,1755,1441149943
3467,2323,1441150014
3662,2323,1441151042
3772,2323,1441151268
5207,1272,1441223010
4362,3467,1441321146
507,4041,1441378941
36,5329,1441468528
4131,5557,1441543679
5557,4131,1441545321
5538,2323,1441598235
2323,5538,1441598338
5538,3662,1441598763
3467,5558,1441603509
5558,3467,1441603609
4131,1755,1441648807
3856,5431,1441663367
3325,3856,1441663446
5551,3303,1441669444
3303,5551,1441669497
2481,1755,1441728449
1755,2481,1441728535
25,1755,1441816653
1755,25,1441817130
25,1589,1441829842
1589,25,1441830712
4131,5329,1441983693
2065,5329,1441987595
5529,4971,1442014737
5529,3325,1442014983
3325,5529,1442015300
2240,5106,1442067696
4971,5529,1442098000
5529,2008,1442148898
2008,5529,1442148907
5496,4362,1442256845
4362,5496,1442256941
31,4131,1442786707
2190,4664,1442852040
1010,5559,1442910706
5106,3662,1442983478
3662,5106,1442983519
4664,2190,1443305099
3325,3581,1443584896
3581,3325,1443584997
27,3662,1443678302
3662,27,1443678311
5552,27,1443684022
177,25,1443747006
25,177,1443748103
25,5560,1443757092
5560,25,1443757294
2008,3662,1443846928
3662,2008,1443847169
25,3467,1444109524
3467,25,1444109559
2323,5552,1444109718
5552,3662,1444190999
5552,2323,1444191176
3662,5552,1444193840
5106,4472,1444775174
4332,76,1444959229
76,4332,1444959300
2005,4362,1445262844
5310,5153,1445269798
5562,27,1445368052
3772,5112,1445383984
5112,3772,1445384011
2008,4144,1445437330
4144,2008,1445437632
4049,5563,1445606237
5563,4049,1445606518
5563,5113,1445608247
507,5106,1445733605
5106,507,1445794363
27,2008,1445949816
2008,27,1445950003
27,5564,1445967765
5564,27,1446129604
3467,5552,1446238099
5552,3467,1446238463
4332,4131,1446314204
4131,4332,1446314222
3581,2008,1446401763
2008,3581,1446401794
5496,3581,1446417226
3581,5496,1446417246
4874,4759,1446581488
4874,3148,1446588106
4049,5522,1446604593
2323,4131,1446615605
4131,3472,1446616108
4131,2323,1446616128
3472,4131,1446648181
3662,25,1446688926
25,3662,1446689020
5522,5565,1446996641
5522,4049,1446997077
5565,5522,1447007918
1755,1777,1447200841
3581,3684,1447361618
3684,3581,1447375733
27,5561,1447506325
27,5566,1447506369
27,5567,1447506410
1987,4332,1447987280
4332,1987,1447987284
27,3845,1448019108
2065,1777,1448392776
4332,4971,1448558427
4971,4332,1448558441
3325,5552,1448869065
5552,3325,1448869436
2065,5207,1448988864
976,177,1449093381
177,2005,1449158948
2005,177,1449170942
177,976,1449259492
3581,507,1449290674
507,3581,1449290726
2190,11,1449314550
11,2190,1449543772
3732,5568,1449651037
5568,3732,1449651300
1755,4971,1449765696
4971,507,1449767427
507,4971,1449767445
1987,25,1450222131
25,1987,1450222255
1516,976,1450278667
976,5207,1450278669
5569,5570,1450278779
70,1987,1450281272
3772,1755,1450281533
3581,442,1450415141
507,5552,1450732839
2065,4971,1450762323
5552,507,1450785477
1987,1272,1450787623
36,5552,1450889761
5552,36,1450890189
1272,1987,1450902093
3581,1755,1450915245
1755,3581,1450915339
3581,1272,1450915746
1349,3732,1451249288
5403,5571,1451292970
5106,322,1451770407
1679,2323,1451898739
2323,1679,1451898839
27,5572,1451906319
27,5573,1451906337
1010,31,1451934345
976,863,1452136667
4131,863,1452136672
5496,5552,1452150888
5552,5496,1452151011
5038,5310,1452182096
5310,5038,1452182149
1589,2008,1452279193
2008,1589,1452279241
2008,1987,1452279266
442,1755,1452380477
5503,1349,1452382100
3581,3692,1452530449
976,2064,1452552638
1987,5480,1452612528
322,5106,1452719068
322,3662,1452719188
3662,322,1452751304
3692,3581,1452807971
1755,5552,1452836654
5552,1755,1452836915
5480,1987,1453146371
2649,4136,1453282131
3754,2649,1453286928
31,1010,1453312051
4431,11,1453313389
4431,1987,1453317205
1987,4431,1453317413
11,4431,1453317761
1755,4332,1453611187
4332,1755,1453612481
2649,3754,1453679428
2649,4705,1453679434
11,1086,1453679632
1086,11,1453684323
